0.0,1.7446201,3.3416765,-2.460603,1.3220378,-5.4379478,-1.7626337,0.42389795
1.0,-19.232914,6.344783,-1.0202444,3.8585773,-5.5869293,-2.107767,0.53466725
1.0,-24.209488,1.1714153,5.9082384,8.085675,-4.797674,-2.3981013,0.2543519
1.0,-23.155592,9.730534,13.823031,9.683621,-4.7777004,-2.328223,0.33040592
1.0,-28.538328,1.9822292,19.89412,7.908216,-5.1414714,-2.2109272,0.2654842
1.0,-37.850468,15.962471,15.752562,10.571367,-3.6265829,-1.743956,0.26242775
1.0,-21.874966,4.5795765,14.794362,12.416467,-4.7558403,-2.331077,0.4913301
1.0,-31.06478,21.881166,21.020908,16.183737,-4.7735014,-2.580639,0.6541919
1.0,-20.79221,12.899736,21.099438,16.411398,-4.532557,-2.5769055,0.474464
1.0,-26.055302,10.844222,22.168541,14.730114,-6.132921,-3.0585868,0.23605357
1.0,-26.305109,11.470731,23.430405,18.555502,-4.513597,-3.0353985,-0.06377058
1.0,-26.145088,31.549831,27.652414,15.084693,-5.6158233,-2.9270358,0.34108353
1.0,-15.685241,33.776466,26.602709,12.820279,-8.270174,-3.2811441,1.0272307
1.0,-1.9659815,34.864937,22.72599,16.980988,-6.387187,-3.162393,0.9457168
1.0,-11.8333235,39.63303,19.555128,17.95908,-6.4597616,-3.4842894,0.78177553
1.0,-24.68919,47.28382,22.680086,14.2264805,-7.144354,-3.6540837,0.5308688
1.0,-25.73926,51.60554,26.752087,7.4402804,-10.208739,-3.7864923,1.3165431
1.0,-24.638525,47.932884,38.019165,7.498712,-12.208441,-4.7102156,1.6532458
1.0,-38.055305,39.634438,48.309017,1.6125789,-13.476344,-4.567582,1.7955729
1.0,-30.17216,27.393513,45.77783,1.3559941,-14.772522,-4.993514,2.1635506
1.0,-54.059418,31.685854,48.692993,-0.05711806,-16.199268,-5.558228,1.9377496
1.0,-56.50109,25.166405,55.84224,-0.46441132,-17.287016,-5.9412107,1.8387411
1.0,-86.48425,24.409727,77.64041,-1.4731698,-16.868206,-6.136671,1.6469887
1.0,-76.966484,25.668304,74.38115,-5.2198496,-16.653742,-6.037167,1.1801474
1.0,-81.31927,29.386438,78.92497,-1.4448442,-14.87479,-5.504865,1.2255814
1.0,-90.36969,31.623611,73.66214,2.6661458,-12.070436,-5.254323,0.8648391
1.0,-100.9499,38.98858,81.41517,1.0078115,-14.531143,-5.970419,1.458123
1.0,-66.00426,34.995983,75.88461,-1.7622595,-16.530375,-6.4629207,1.1292305
1.0,-50.53404,33.143246,68.840775,-0.9969473,-15.9415,-6.4921975,1.0813433
1.0,-37.53868,21.932646,58.768875,0.96078753,-14.686913,-6.496119,0.7276727
1.0,-34.86389,6.758029,61.822956,2.7612836,-12.935741,-6.577936,-0.08189827
1.0,-5.9496193,5.072028,48.05712,1.6480439,-13.122193,-6.587738,0.2912526
1.0,1.0795693,3.7941418,51.63125,6.9017057,-12.927017,-7.020614,0.1240488
1.0,-9.096014,1.3653717,62.43979,10.078139,-13.447547,-7.3324585,0.7662039
1.0,-11.799366,12.576288,51.507362,15.006981,-10.894058,-6.7243814,0.5879291
1.0,-22.346224,37.16281,51.26135,14.835744,-11.778072,-7.01249,0.9076221
1.0,-11.70538,27.946697,61.92968,12.179535,-14.000136,-7.57944,1.2707877
1.0,-9.668179,33.0748,66.17504,10.720056,-14.105203,-7.400119,1.1838241
1.0,3.6470804,34.742386,70.619644,5.9554005,-15.74226,-7.2707877,1.7055799
1.0,-3.0042906,38.83507,66.59346,5.948338,-14.033798,-6.1026115,1.7350316
1.0,-18.551956,32.03086,65.27618,8.741361,-11.64118,-5.8580527,1.437978
1.0,-36.536247,33.80027,78.57703,6.9340587,-13.481785,-6.1655045,1.9297415
1.0,-41.457645,34.144226,81.89288,5.6267896,-14.812795,-6.4541254,2.327966
1.0,-30.05851,26.192997,84.30046,4.2663536,-13.868389,-5.7944183,2.4134328
1.0,-26.679977,13.905161,83.14934,5.7207246,-13.343352,-5.823019,2.453791
1.0,-24.626194,25.482296,85.04376,3.6180964,-12.842297,-4.938858,2.8341236
1.0,-21.766327,23.652054,86.36153,6.985549,-12.275883,-5.121118,2.9377913
1.0,-50.19339,27.567476,93.6967,6.1108036,-12.487085,-5.0953326,2.876151
1.0,-55.186474,31.694756,95.76208,8.136274,-12.379684,-5.420312,2.659693
1.0,-46.498745,34.389862,91.26719,5.764744,-11.138782,-4.672327,2.5522516
1.0,-53.411057,13.701801,99.512375,11.831654,-10.243874,-5.2418156,2.3465004
1.0,-75.29286,17.061596,104.62289,4.745328,-12.088495,-4.747187,2.8776884
1.0,-85.58615,4.0185223,104.30191,4.0633597,-11.801003,-4.7318025,2.7478204
1.0,-97.84604,19.493637,103.95883,6.682654,-9.577353,-4.131989,2.34794
1.0,-88.29476,15.194113,111.10487,2.0825987,-12.443705,-4.4361687,2.8780205
1.0,-66.681244,5.2300205,116.803,-2.1591291,-16.404333,-5.457622,3.3925538
1.0,-73.58177,12.485442,120.351906,-2.404876,-15.768267,-5.100893,3.2854495
1.0,-88.354866,16.152426,129.55237,-3.4917865,-16.508928,-5.35252,3.0300164
1.0,-84.94507,22.971954,115.44861,1.7486091,-12.017026,-4.2247815,2.4639814
1.0,-79.829865,13.285702,110.49594,-1.5992885,-13.74586,-4.4916053,2.491119
1.0,-53.51563,19.52626,94.07506,-8.459497,-15.367348,-4.1185207,2.908431
1.0,-54.807472,28.311192,93.8507,-7.5539217,-15.141451,-4.0853167,2.7897718
1.0,-37.687065,26.282963,92.66847,-8.668993,-14.410584,-3.6727717,2.2596347
1.0,-21.649878,10.60637,89.099724,-11.203258,-13.012742,-3.4290135,1.6637164
1.0,-11.195123,-9.999997,86.53964,-9.874448,-12.774,-3.9422362,1.4751152
1.0,-16.722057,-17.141655,94.65938,-14.1144,-16.372046,-4.755703,1.8209624
1.0,-31.71643,-9.467028,100.510895,-17.160622,-18.472483,-5.3179173,2.0110564
1.0,-33.264896,-15.531341,104.06656,-14.457836,-16.67374,-5.040804,1.6506021
1.0,-31.843403,-8.810748,102.0213,-16.480146,-17.59962,-5.231998,1.5791386
1.0,-25.562092,-6.6994944,98.86773,-14.915126,-17.374708,-5.359372,1.4680068
1.0,-49.39973,-6.622525,105.838585,-18.278936,-17.296679,-5.1633205,1.2301233
1.0,-66.67407,13.571246,106.769455,-16.292109,-15.617422,-4.8270974,0.5977191
1.0,-75.64428,22.714539,99.223625,-15.492292,-14.73995,-4.562489,0.8070482
1.0,-49.52964,18.052092,90.47015,-18.612999,-15.975244,-4.5549374,1.3475921
1.0,-34.212807,20.409874,89.06553,-14.0771675,-15.127555,-4.8826165,1.3084577
1.0,-35.813908,6.685955,89.4342,-13.777795,-15.777221,-5.4404516,1.3960645
1.0,-28.901047,6.3169756,77.75691,-11.978201,-13.6356735,-4.5620356,1.4905968
0.0,-28.901047,6.3169756,77.75691,-11.978201,-13.6356735,-4.5620356,1.4905968
0.0,-28.901047,6.3169756,77.75691,-11.978201,-13.6356735,-4.5620356,1.4905968
0.0,-28.901047,6.3169756,77.75691,-11.978201,-13.6356735,-4.5620356,1.4905968
0.0,-28.901047,6.3169756,77.75691,-11.978201,-13.6356735,-4.5620356,1.4905968
0.0,-28.901047,6.3169756,77.75691,-11.978201,-13.6356735,-4.5620356,1.4905968
0.0,-28.901047,6.3169756,77.75691,-11.978201,-13.6356735,-4.5620356,1.4905968
1.0,-46.733,23.120003,89.159904,-5.6304836,-11.271488,-4.340728,1.0329244
1.0,-26.47411,26.05059,83.70221,-4.4349856,-12.063827,-4.616728,1.4065855
1.0,-15.649379,38.154972,85.365906,-6.5408745,-14.856637,-5.0990086,2.1502972
1.0,-10.499519,57.78986,77.278404,-12.34738,-16.89248,-4.6190906,2.7072651
0.0,-10.499519,57.78986,77.278404,-12.34738,-16.89248,-4.6190906,2.7072651
0.0,-10.499519,57.78986,77.278404,-12.34738,-16.89248,-4.6190906,2.7072651
1.0,-10.746524,57.210426,75.06379,-16.597656,-17.367907,-4.3208394,2.8709006
0.0,-10.746524,57.210426,75.06379,-16.597656,-17.367907,-4.3208394,2.8709006
0.0,-10.746524,57.210426,75.06379,-16.597656,-17.367907,-4.3208394,2.8709006
0.0,-10.746524,57.210426,75.06379,-16.597656,-17.367907,-4.3208394,2.8709006
1.0,5.162615,32.327137,86.14874,-17.758827,-18.354712,-5.044468,2.4563131
1.0,-16.417732,38.90757,90.627365,-15.857629,-15.78042,-4.151528,2.2611935
1.0,-8.07314,43.275146,93.56335,-15.776829,-15.685477,-4.1950955,1.774476
1.0,-23.005219,52.976894,99.08106,-20.067728,-15.843814,-3.3958654,2.426623
1.0,-36.303566,63.41314,102.91491,-14.816031,-15.092112,-2.9963984,2.623631
1.0,-39.0071,50.254883,117.88741,-19.199278,-18.139696,-3.5516267,2.7902737
1.0,-41.48651,49.472095,127.03338,-28.055496,-20.663136,-3.7207282,2.787608
1.0,-46.836216,54.661037,122.01103,-28.468208,-23.268719,-4.2868266,3.6270695
1.0,-57.626144,63.609676,122.27813,-21.492481,-21.07151,-4.0558596,3.4836485
1.0,-61.696613,49.776188,133.32623,-20.553751,-19.23841,-3.598423,3.3824692
1.0,-47.0978,34.68823,130.43506,-21.7701,-18.751682,-3.4805,3.5203118
1.0,-58.359623,12.636408,144.32825,-20.174994,-20.06605,-4.5363474,3.4675922
1.0,-62.510166,21.16692,146.75972,-17.505966,-20.229166,-4.996847,3.389391
1.0,-67.696144,22.179485,146.52638,-17.142548,-19.311092,-4.4849696,3.6562572
1.0,-48.40284,38.130554,131.74748,-20.887966,-18.755495,-3.3260612,4.0542464
1.0,-51.807423,52.933792,123.68881,-15.222845,-15.965249,-2.65903,3.8915436
1.0,-73.04216,48.847286,127.208984,-12.264346,-13.844702,-2.551018,2.975928
1.0,-84.489265,52.238422,130.8924,-14.862265,-15.583954,-2.757135,3.4235227
1.0,-92.225525,54.143196,129.93408,-15.534679,-15.271996,-3.2725916,2.9211788
1.0,-96.13437,52.337196,124.25155,-13.738126,-16.581745,-3.8526359,3.2608004
1.0,-83.502106,56.375465,120.19081,-12.678724,-16.124556,-3.4290147,3.1307216
1.0,-90.8866,53.5911,124.39159,-11.030122,-15.160775,-3.3857105,3.1793494
1.0,-102.62877,42.35778,132.81303,-17.466747,-17.3082,-3.8354604,3.4983196
1.0,-100.64371,31.038792,130.17949,-14.4109745,-13.878134,-2.97929,2.8723211
1.0,-91.35359,24.006802,131.59084,-15.527366,-15.8636055,-3.9480364,3.2618942
1.0,-67.79824,13.914534,123.659035,-17.558617,-16.776634,-4.28532,3.4046438
1.0,-70.101006,15.166206,126.806,-24.049915,-20.578024,-5.195496,3.3027444
1.0,-74.826485,16.367664,120.65853,-21.464169,-18.1213,-4.426801,2.9520392
1.0,-77.86536,10.791441,129.58434,-24.309599,-20.690271,-5.2516646,3.0135899
1.0,-103.75287,0.7482357,146.9552,-23.44321,-18.664791,-4.420488,2.9296873
1.0,-74.17226,3.60015,135.4692,-25.443644,-17.718904,-4.227836,2.4153771
1.0,-74.72548,-7.374441,133.50581,-27.558786,-17.431276,-4.2874303,1.9305836
1.0,-89.63231,-4.584087,137.79602,-23.362736,-15.876732,-3.8427925,1.912948
1.0,-108.36676,4.7001853,144.45537,-23.457573,-17.581635,-4.130404,2.5574255
1.0,-121.6576,-8.9180355,150.237,-25.526356,-19.285597,-4.5649962,3.0947137
1.0,-147.89514,-11.99863,158.3129,-19.546257,-16.67535,-4.0023327,2.7110486
1.0,-134.93361,1.7129383,143.76097,-18.522905,-15.540484,-3.4083405,2.7210479
1.0,-146.82834,-5.717828,150.25291,-18.379095,-14.738817,-3.3008733,2.2296865
1.0,-152.27939,0.6395073,145.27928,-14.670267,-13.564661,-3.269079,1.9548842
1.0,-148.95074,-0.9040998,142.6478,-13.954477,-13.65686,-3.3653848,1.9168417
1.0,-155.45343,-3.9800696,145.37991,-11.163614,-13.761717,-3.9807677,1.6829963
1.0,-155.71107,4.5112042,135.75172,-7.4855566,-11.996852,-3.7506616,1.3856312
1.0,-150.5911,-1.2286887,136.60254,-5.4077406,-11.500588,-3.813504,1.3887838
1.0,-147.3632,1.2695577,139.7317,-8.025949,-13.200219,-3.8556652,1.9009638
1.0,-149.39906,3.2957833,135.0416,-0.37760687,-10.226639,-3.5256462,1.6857548
1.0,-140.57593,11.712046,135.7644,-4.6817646,-11.418898,-3.7701592,1.5562239
1.0,-164.26222,4.55591,142.4692,-6.5518355,-9.093952,-3.0311093,1.3176271
1.0,-151.61961,-6.7122364,150.53284,-18.250208,-15.36233,-4.2737103,1.7151215
1.0,-145.68286,-3.206511,149.43536,-19.561087,-15.856915,-4.0756884,1.9586048
1.0,-114.760376,-7.4578977,134.54736,-25.214624,-19.264175,-4.7240677,2.4992464
1.0,-126.57388,-7.1383686,149.2999,-17.987354,-18.822212,-5.537664,2.42098
1.0,-122.65192,-19.647066,158.32701,-20.314548,-17.922321,-4.7153106,2.2965713
1.0,-123.63248,1.9651623,153.71455,-18.369963,-17.017149,-3.9527972,2.8094616
1.0,-118.14905,10.868821,151.46631,-14.872731,-13.296816,-3.1175618,2.3617082
1.0,-93.152115,4.2696285,141.80733,-13.476551,-12.699951,-3.1449482,2.3470452
1.0,-131.57333,3.768943,150.59184,-7.716539,-9.282883,-2.0940318,2.1533566
1.0,-136.65706,14.322117,150.69907,-1.4166336,-6.998502,-1.7249475,2.328927
1.0,-119.306366,11.138556,149.28993,-10.009497,-9.791832,-1.8173311,2.1075041
1.0,-110.18331,13.344589,148.75731,-12.24612,-12.448777,-2.5220728,2.553815
1.0,-108.8532,20.388132,143.12796,-14.372299,-13.119363,-2.5729795,2.7008514
1.0,-146.60266,6.932869,158.18701,-14.552535,-12.825979,-2.3324318,2.5916648
1.0,-170.47989,18.636103,163.27174,-16.43332,-14.0141945,-2.284187,2.690659
1.0,-162.70157,34.35206,153.27429,-12.138055,-11.305475,-1.2403246,2.9561212
1.0,-169.29944,46.02031,149.89574,-18.697706,-13.32449,-1.3776106,2.647164
1.0,-164.43614,53.592773,155.53679,-20.490816,-16.023132,-2.224088,3.127188
1.0,-181.52997,46.040596,172.8634,-21.812975,-17.530983,-2.45089,3.5072055
1.0,-195.93837,67.83962,170.60205,-23.994833,-16.962994,-2.1700926,3.4577878
1.0,-226.9529,66.88247,172.4973,-31.250439,-15.375241,-1.1076128,3.010303
1.0,-204.49725,57.536324,172.87604,-32.930912,-13.702742,-0.32677436,2.7660875
1.0,-212.88101,43.914192,178.70802,-29.086449,-13.738072,-0.6494299,2.9127302
1.0,-202.69583,31.653118,184.54803,-23.94957,-13.108072,-0.9030971,2.7682123
1.0,-203.55083,34.815815,181.7912,-26.042217,-12.985482,-0.31868768,3.051866
1.0,-214.88147,38.399338,185.50256,-19.953472,-9.750135,0.5295093,2.9689524
1.0,-195.16446,34.681564,169.59743,-27.299324,-10.952828,0.5558114,3.0875177
1.0,-184.19107,24.938663,155.7218,-28.95219,-11.384979,0.44665983,2.927948
1.0,-171.85257,25.680193,161.70659,-26.632095,-11.947411,-0.088832885,3.1485133
1.0,-174.37479,30.984356,167.59999,-26.864252,-11.583323,-0.067736536,3.245847
1.0,-156.2768,24.772991,157.76462,-28.682796,-10.041704,0.344604,2.8127663
1.0,-170.48473,29.37741,156.14491,-27.975344,-8.991266,0.88353264,2.630644
1.0,-197.30576,25.156572,176.20322,-32.07364,-11.699181,0.11529428,2.760426
1.0,-199.74771,34.532516,176.30421,-27.565044,-8.555826,0.7963791,2.6063337
1.0,-196.38492,19.572302,185.05695,-30.09712,-8.802672,0.9853314,2.5245879
1.0,-197.57394,26.49966,186.11662,-30.725874,-10.60337,0.4851269,2.9117157
1.0,-221.63945,46.998795,191.43831,-35.559883,-9.701914,1.7984245,3.4738529
1.0,-227.11337,37.384613,199.56367,-39.56478,-12.706533,1.2433033,4.218503
1.0,-232.42374,54.399208,200.39522,-39.29014,-11.710001,1.6492853,4.172868
1.0,-249.46413,52.962265,204.0798,-42.696804,-10.879768,2.223199,3.9627488
1.0,-232.53958,69.00541,194.71591,-49.43328,-15.155169,1.4645429,4.109564
1.0,-225.95801,53.628075,201.31306,-50.937054,-16.50058,1.1225038,4.2544994
1.0,-211.95757,60.476982,197.8088,-44.85949,-15.81417,1.0942161,4.6291227
1.0,-196.35832,44.80343,188.69197,-40.554688,-13.843855,1.3948804,4.393965
1.0,-189.38242,51.410847,173.94409,-38.251896,-11.463451,2.0110762,3.9639015
1.0,-192.21019,47.102795,174.54665,-44.537884,-12.099223,2.3102317,4.0988774
1.0,-173.3421,49.508945,174.36307,-46.881702,-11.689371,2.328535,3.649332
1.0,-160.8479,59.31505,169.35857,-48.83477,-12.5488825,2.1776745,3.9220886
1.0,-177.81953,53.995296,171.76701,-45.366207,-12.366559,1.6734684,3.726482
1.0,-166.79688,69.4924,159.03801,-42.95169,-11.193084,1.8327615,3.547776
1.0,-174.12868,87.27202,154.5797,-45.60001,-11.597911,1.9261245,3.8087094
1.0,-173.15291,81.10317,161.02759,-46.0113,-11.71496,2.1481097,3.7494326
1.0,-178.50247,88.56021,162.40039,-43.523556,-12.6686125,1.8342748,3.8048334
1.0,-178.87178,74.663284,161.01811,-48.39321,-13.721675,1.5459514,3.5481627
1.0,-182.62073,75.55649,161.19258,-47.713684,-13.255966,1.8881661,3.4245675
1.0,-173.51447,86.46917,158.96822,-55.65315,-15.01757,2.0743258,3.6139653
1.0,-174.39885,82.75861,165.61354,-52.857906,-16.41708,0.9013251,3.5670986
1.0,-171.67899,92.32048,160.87148,-54.81491,-16.457304,0.765557,3.4528203
1.0,-184.08238,73.8087,169.5492,-54.089546,-18.092651,-0.037180424,3.5247743
1.0,-213.16135,76.41279,180.75719,-48.72472,-15.735608,0.31312448,3.3324053
1.0,-211.40462,69.17088,166.47643,-46.603962,-11.434782,1.4108939,2.7233083
1.0,-210.6075,63.79428,166.16365,-50.42741,-11.963353,1.447239,2.7141593
1.0,-227.58194,55.955467,168.74129,-46.99645,-10.004026,1.6310257,2.538724
1.0,-234.01141,52.291428,170.23416,-50.09275,-11.009943,1.4095056,2.4075618
1.0,-243.75507,43.85476,177.95781,-52.169884,-10.902968,1.5353842,2.2525811
1.0,-246.83276,40.940666,188.17232,-53.37646,-12.207018,1.0675092,2.461332
1.0,-246.44525,53.524364,176.40416,-55.493332,-12.749469,1.3791986,3.0675359
1.0,-246.56966,57.940704,176.59789,-50.247047,-9.824854,1.9176922,2.4118476
1.0,-242.21045,66.99063,179.00548,-51.579113,-11.902657,1.631888,2.9594364
1.0,-257.71637,85.740135,181.8582,-50.588684,-10.488168,2.4933043,3.2328668
1.0,-211.80603,79.48265,165.15277,-56.535248,-11.812407,2.5902944,3.1546926
1.0,-237.27243,88.84736,171.20702,-53.548813,-10.386041,2.8186083,3.0631447
1.0,-226.84724,73.268265,174.81197,-53.999386,-10.509434,2.649669,2.9968295
1.0,-246.50247,80.55701,181.64983,-54.348904,-11.919183,2.3856137,3.3865554
1.0,-252.60869,94.02802,180.32674,-47.353004,-10.143957,2.2979846,3.2654805
1.0,-280.6303,94.37672,192.21402,-45.074806,-10.076233,2.3351617,3.57024
1.0,-293.33096,107.1833,190.97165,-43.887886,-8.840755,2.6772678,3.4154553
1.0,-258.33514,107.308426,186.99498,-52.935818,-12.265152,2.1942806,3.6695576
1.0,-257.23773,104.76143,188.53073,-57.113644,-12.384026,2.7457366,3.666013
1.0,-250.86766,98.64426,185.03468,-60.42813,-13.327826,2.4957552,3.5378733
1.0,-251.77124,91.50338,186.23364,-59.250927,-13.246522,1.993675,3.4292154
1.0,-255.25137,100.339294,185.31038,-61.29056,-11.650873,2.7304416,3.3348293
1.0,-271.21268,118.03457,182.89223,-56.875946,-10.0744095,2.7861052,3.2893844
1.0,-286.2215,109.32492,189.0574,-60.735332,-9.83675,2.8434231,2.6596594
1.0,-278.91153,101.56451,185.91614,-61.260593,-10.407183,2.1838512,2.520901
1.0,-288.9576,111.46921,179.45245,-60.64449,-8.77919,2.974221,2.5603259
1.0,-303.00116,108.227844,180.52556,-60.508755,-8.028746,3.3888364,2.311617
1.0,-336.36017,116.81338,186.94446,-62.083984,-9.573879,3.0319142,2.720357
1.0,-342.00677,125.65103,189.3035,-56.599842,-7.1881347,3.7062953,2.9445953
1.0,-318.47656,120.67919,177.8917,-54.609463,-5.5881596,3.7658637,1.9539716
1.0,-322.83194,128.11485,173.76895,-51.328922,-4.960117,3.7245498,1.8392013
1.0,-316.5272,118.59389,176.37593,-56.543907,-6.8461695,3.3897183,1.7050968
1.0,-313.92453,109.41666,177.66696,-52.396923,-4.663658,3.925363,1.7294494
1.0,-328.88058,104.16885,184.65735,-51.725365,-4.3435955,3.6599693,1.3139445
1.0,-316.86227,109.925735,185.73471,-50.32132,-4.9048285,3.290295,1.6208135
1.0,-310.83597,125.53418,187.63887,-45.632828,-5.788618,2.7310054,2.2104707
1.0,-308.7469,115.00315,179.9211,-48.459328,-6.125391,2.8799305,2.079916
1.0,-302.82153,103.47146,192.69228,-51.41918,-8.1992855,1.9734415,2.1489015
1.0,-283.41165,92.8493,198.21806,-59.18795,-12.530591,0.9588319,2.3826568
1.0,-275.59317,100.99581,193.57776,-63.73579,-12.979517,1.6291356,2.4623532
1.0,-282.4019,100.12726,189.75528,-63.171566,-13.200838,1.5117238,2.4685462
1.0,-251.99059,106.22304,184.46725,-63.799244,-13.622959,1.3606765,2.689516
1.0,-261.97656,111.53534,188.2222,-63.63647,-13.965782,1.3362138,2.598703
1.0,-249.27867,90.475044,192.82358,-65.35798,-14.450265,1.1541579,2.3978682
1.0,-233.02756,86.57583,188.94818,-68.12352,-16.641161,0.5759884,2.7855864
1.0,-235.00252,81.99671,192.23125,-71.7813,-17.001717,0.65442663,2.7949972
1.0,-240.12247,80.28449,200.5504,-77.24519,-20.030096,-0.04652548,2.8405695
1.0,-208.05942,93.01237,189.82729,-75.10129,-19.142775,-0.019374646,2.9549499
1.0,-220.60999,88.75372,186.72533,-73.68707,-16.62901,0.5302486,2.291632
1.0,-258.34753,100.78801,196.62187,-69.73534,-15.631989,0.57726,2.681453
1.0,-270.38974,98.14651,198.88399,-72.14515,-14.942104,1.2983143,2.741128
1.0,-279.83725,79.32405,206.31192,-71.44376,-15.4498005,0.8597145,2.81255
1.0,-279.7333,75.16376,204.1889,-68.84472,-14.704515,0.8094261,2.5238307
1.0,-279.25128,83.33528,207.16934,-75.278114,-17.766869,0.35222727,2.8165357
1.0,-267.1486,93.52808,206.11084,-66.43777,-16.709965,-0.26793456,2.5666103
1.0,-274.23648,83.104706,213.95079,-70.43208,-18.838385,-0.70557797,2.8662763
1.0,-261.4533,89.88051,213.26164,-72.45812,-20.02744,-0.9205534,3.1689281
1.0,-233.09528,124.80733,195.09163,-75.342,-22.891813,-1.4808946,4.1232824
1.0,-227.19559,119.09368,192.39598,-76.75878,-22.912186,-1.4472644,3.9789777
1.0,-225.83452,125.27355,188.92044,-76.87827,-24.602434,-1.9253222,3.8380635
1.0,-248.87363,125.86123,196.14778,-68.5797,-22.366762,-1.9625899,3.4924235
1.0,-290.75308,122.322205,212.67554,-67.622856,-22.39223,-2.3558373,3.3837936
1.0,-310.45883,106.83706,223.93808,-73.345406,-23.831844,-2.339354,3.7435768
1.0,-322.84406,118.01707,224.12843,-65.65405,-22.654963,-2.5595891,3.7422156
1.0,-316.09872,103.617256,226.5075,-66.4619,-23.201847,-2.809167,3.6952374
1.0,-303.9212,111.237854,225.64395,-71.47943,-23.576502,-2.256291,3.2666304
1.0,-290.24484,115.14686,221.93513,-72.59384,-24.199816,-2.4042194,3.1742961
1.0,-290.9768,117.53588,217.38245,-70.46233,-23.500292,-2.2789607,2.9105206
1.0,-307.19208,140.2171,220.68484,-71.01151,-24.545055,-2.2886755,3.2839203
1.0,-329.2465,157.38445,224.43546,-70.108215,-23.503164,-1.7383894,3.1172879
1.0,-337.19254,155.36673,231.74638,-66.65571,-23.034937,-1.9408462,3.1227598
1.0,-345.21948,162.415,231.58276,-65.5353,-23.784386,-2.4156895,3.083139
1.0,-364.04794,154.81836,246.47147,-63.167088,-23.020456,-2.3124037,2.861901
1.0,-374.63043,152.61377,249.451,-64.39245,-20.56451,-1.0953888,2.6580293
1.0,-373.72974,151.99274,255.33698,-63.809284,-23.026321,-2.0755038,3.0048637
1.0,-378.76587,142.20361,264.9719,-68.48741,-25.420734,-2.4355996,3.1075337
1.0,-387.02698,137.87073,267.645,-72.040665,-25.675589,-2.5072503,2.8660188
1.0,-363.3379,160.65079,253.97643,-76.203,-27.461754,-2.6086268,2.9350233
1.0,-387.30197,154.91519,257.53033,-73.58353,-26.42287,-2.6717098,2.3851862
1.0,-387.26923,147.98296,261.22098,-74.687294,-25.35085,-2.1328695,2.429539
1.0,-410.4861,143.4053,270.68546,-76.450134,-26.28454,-2.5979085,2.328581
1.0,-427.7846,159.38956,258.24783,-73.78281,-23.891869,-1.778808,2.4126868
1.0,-424.06934,160.46822,256.53677,-76.217896,-26.068525,-2.099865,3.0504348
1.0,-425.23947,157.33594,259.25378,-83.82751,-29.96263,-2.3988261,3.9597955
1.0,-461.55545,163.75282,275.29605,-84.84361,-30.925533,-2.851998,4.2406416
1.0,-487.271,179.05768,283.5472,-83.0697,-30.244745,-2.6752903,4.427804
1.0,-474.91583,187.09525,267.7442,-77.76124,-28.853361,-3.1013875,3.952924
1.0,-467.07388,186.66803,262.18268,-75.04232,-27.918839,-3.061483,3.7304103
1.0,-463.66418,183.97806,264.2899,-74.17002,-28.694973,-3.0856395,4.1241016
1.0,-446.36325,194.93451,253.03995,-70.44585,-25.878744,-2.2890816,4.210745
1.0,-434.10657,194.90884,247.75677,-64.887375,-24.146643,-1.9889534,4.1951222
1.0,-437.89252,195.84932,240.33739,-59.706608,-23.147976,-2.0772543,4.5923486
1.0,-462.6316,213.24948,248.26483,-58.238953,-21.831694,-1.079221,4.9302363
1.0,-453.02908,201.83955,250.51872,-56.942345,-21.140821,-1.1103523,4.895661
1.0,-454.0334,202.40341,249.18777,-51.432415,-20.397144,-1.5898238,4.650624
1.0,-477.46368,205.76279,256.92252,-46.55506,-16.9473,-0.98253983,4.1940517
1.0,-465.76733,206.15292,247.94734,-43.764305,-13.770119,-0.27158552,3.3453498
1.0,-479.8468,190.49283,253.29497,-49.216175,-15.217358,-0.4229877,3.2809367
1.0,-497.4064,196.8759,259.66745,-54.61261,-15.711768,-0.58142567,2.9235766
1.0,-517.96136,205.78625,271.28607,-52.19844,-16.622732,-1.1630601,3.4171643
1.0,-500.81836,217.28381,264.438,-56.69035,-19.282766,-1.8647686,3.7402215
1.0,-486.8215,215.41116,251.01463,-59.133507,-19.89375,-1.8566891,3.699473
1.0,-484.40894,195.53471,261.28107,-63.855053,-21.724142,-1.9394972,4.1078377
1.0,-461.36035,185.15134,266.16446,-65.76642,-22.621208,-2.4354172,4.097402
1.0,-469.79712,176.34775,269.80624,-60.730267,-19.844099,-1.6034405,3.9461126
1.0,-479.54462,177.43303,283.7509,-59.210876,-20.691559,-2.1626554,3.8961923
1.0,-494.80634,206.27599,281.56665,-59.09266,-19.342854,-1.5724498,3.9640934
1.0,-505.84103,198.76823,286.39603,-59.084934,-19.032284,-1.5439295,3.5369682
1.0,-494.28452,198.64035,281.51996,-57.361053,-16.75777,-1.0595927,3.4591227
1.0,-514.0833,201.81233,280.81622,-55.858555,-16.523228,-1.2467704,3.166636
1.0,-515.67096,199.09338,280.06555,-49.726604,-16.498709,-1.9341295,3.3132958
1.0,-503.5802,187.58624,281.05118,-52.494377,-16.815372,-1.6621331,3.5736916
1.0,-496.44534,181.61266,279.48126,-52.829166,-16.526169,-1.6299205,3.3272464
1.0,-496.31827,178.59348,274.5864,-47.535843,-15.683183,-2.1800478,3.1740344
1.0,-505.5977,175.9023,277.11487,-53.483013,-17.922129,-2.4300864,3.3542626
1.0,-500.03754,169.76256,273.56778,-53.78525,-19.909609,-2.8204708,3.877667
1.0,-527.03754,180.94261,275.43268,-49.868744,-17.374245,-2.1314623,3.6565466
1.0,-540.5769,179.98424,278.44794,-46.910744,-14.46633,-1.69329,2.8927574
1.0,-525.0908,171.99179,289.65744,-57.03266,-20.071995,-2.6033363,3.6158
1.0,-538.47656,172.09898,291.6972,-50.98413,-17.525272,-2.221189,3.409495
1.0,-545.0199,175.71892,292.26166,-47.611656,-15.840275,-2.1658442,3.3430781
1.0,-541.6881,161.42448,296.9014,-43.63978,-16.067652,-2.8681388,3.2698855
1.0,-539.0461,155.07777,294.66425,-36.74431,-16.43014,-3.526056,3.485733
1.0,-532.58325,149.53601,292.80063,-39.35249,-18.742744,-4.009522,4.153888
1.0,-546.4466,143.31435,303.46988,-36.217113,-17.818762,-4.2103634,3.793902
1.0,-531.26196,144.1707,288.5351,-30.728306,-13.912968,-3.51083,3.3613348
1.0,-540.5155,129.79344,293.75906,-28.521503,-13.982742,-3.8899283,2.862263
1.0,-511.27957,129.5672,291.88702,-30.410465,-13.573468,-3.6689558,2.6823282
1.0,-547.93115,141.97879,299.10526,-26.118717,-11.228876,-3.261549,2.8544805
1.0,-536.0616,154.40523,290.9036,-20.77269,-11.908774,-3.9051476,3.1486392
1.0,-540.6394,142.00598,296.47137,-21.871435,-11.099345,-3.5854526,2.8704808
1.0,-542.3084,139.97633,303.31223,-22.00011,-12.692176,-3.8837209,3.4585385
1.0,-554.38654,150.90152,301.16583,-21.841188,-12.048395,-3.5235565,3.3009849
1.0,-575.61707,149.40498,313.36365,-20.274319,-10.540214,-3.4542103,3.491235
1.0,-560.04,153.15273,309.4521,-20.814835,-10.989812,-3.1318402,3.8048134
1.0,-579.3595,157.60733,315.34363,-24.322403,-10.759108,-2.52109,4.0599947
1.0,-581.1232,161.03078,319.65488,-24.983536,-13.23345,-3.1229455,4.644447
1.0,-600.38446,156.58655,332.26773,-21.66585,-11.787031,-3.2819264,4.346074
1.0,-602.65717,154.71907,335.9941,-19.071255,-8.980219,-2.4634671,3.9592922
1.0,-607.44495,164.8829,331.52438,-21.765375,-7.9763517,-1.9685364,3.715937
1.0,-622.29865,181.88211,328.47852,-21.705912,-8.282226,-1.96738,4.0988827
1.0,-628.32294,183.09991,322.90543,-20.933107,-5.1530504,-1.0579501,3.2604628
1.0,-590.9491,164.75528,322.27637,-22.592781,-7.624547,-1.680409,3.4243228
1.0,-594.1343,174.45155,320.6256,-29.168972,-9.412442,-1.626078,3.6096864
1.0,-605.1095,175.74463,322.4887,-32.90349,-9.883376,-1.5301191,3.1714025
1.0,-609.92847,192.30101,318.01324,-28.837704,-7.7427263,-1.0507705,3.288871
1.0,-606.2053,188.31232,313.91312,-32.134483,-7.909053,-0.98679876,3.1679304
1.0,-614.8729,194.86205,314.22375,-34.135197,-9.048615,-1.1309807,3.356284
1.0,-604.57855,182.78688,312.6655,-36.060165,-9.009705,-1.2973813,3.0506058
1.0,-620.7335,183.65561,317.5206,-29.643555,-6.351782,-0.9602119,3.1548634
1.0,-627.86865,184.5862,326.5995,-22.748356,-3.964305,-0.8055988,2.7475817
1.0,-622.8263,192.54402,319.3374,-25.192877,-3.514437,-0.4505275,2.519191
1.0,-608.226,174.84053,323.48636,-21.978031,-3.2535443,-0.84185743,2.4730132
1.0,-608.8467,162.88887,331.949,-25.498205,-4.570247,-0.99087095,2.7530754
1.0,-615.0067,154.67097,328.13306,-24.966507,-2.212172,-0.075802505,2.3239324
1.0,-624.3265,142.52283,333.3979,-21.69091,-0.01613164,0.09149554,1.8732123
1.0,-645.2312,153.30852,335.46735,-22.438574,-0.5414877,0.43630996,2.5458436
1.0,-658.1331,149.14685,328.27945,-20.669125,0.28019595,0.2264925,1.9809489
1.0,-630.0137,155.26065,320.32526,-17.37471,1.3535452,0.045791104,1.587704
1.0,-619.03235,152.6484,317.265,-18.307117,1.009752,0.1379736,1.8244175
1.0,-631.7515,147.00485,322.61774,-17.23932,0.40053052,-0.30456853,2.1384792
1.0,-624.00604,130.13661,318.55984,-21.420374,-1.2714429,-0.1881262,2.428952
1.0,-611.77997,112.43028,323.981,-20.036692,1.1434429,0.5749717,2.0223527
1.0,-622.73926,122.62638,334.88553,-21.07514,-0.19205523,0.54645514,2.3233364
1.0,-603.7726,113.5004,322.7068,-16.843138,0.7226081,0.07261753,1.8143823
1.0,-586.25415,109.94103,319.14706,-18.987568,-1.1846554,-0.3896643,2.0487883
1.0,-582.1854,104.88651,327.98163,-21.317709,0.66950643,0.35306448,1.6010863
1.0,-554.59894,110.04888,321.0242,-23.053505,-0.075108886,0.3705485,1.9858758
1.0,-564.60706,111.4098,320.08072,-20.529358,0.8771782,0.2933007,1.5828714
1.0,-593.5354,127.52487,325.2685,-15.827539,1.8778524,0.21604662,1.8383112
1.0,-595.1228,115.78095,327.96875,-17.182856,1.7250351,0.3215717,1.9806161
1.0,-589.91174,99.692955,329.95853,-20.165369,-0.093670726,0.21684231,2.4934044
1.0,-577.46643,108.14651,320.99197,-13.342237,1.9797713,0.43572736,2.588808
1.0,-580.84753,118.634834,326.96375,-16.561565,1.9945838,0.72393936,2.6966872
1.0,-586.1127,133.36319,321.884,-22.354633,-1.3174665,0.2623524,3.1741958
1.0,-584.529,133.69833,312.59692,-22.584415,-0.31580222,0.8783675,3.3660207
1.0,-568.35895,133.87286,316.02597,-25.824709,-3.4047017,-0.26714092,3.49025
1.0,-568.682,131.67451,313.76828,-25.811277,-3.4837556,-0.41464326,3.6244977
1.0,-594.59106,128.31358,320.03094,-18.324251,-0.95085,-0.29194713,3.4828315
1.0,-589.89215,118.349205,324.46588,-27.80581,-2.3252668,0.24420315,3.4518843
1.0,-588.23047,111.54338,325.80768,-22.828382,-0.9044044,0.23948964,3.2977138
1.0,-575.7832,101.75475,334.27792,-31.272583,-4.7454453,-0.5887325,3.7345607
1.0,-563.7886,107.26522,336.0508,-30.457882,-6.060299,-0.7827698,4.4213495
1.0,-573.29004,117.481804,339.46582,-31.700623,-6.1852884,-0.7381047,4.2154098
1.0,-569.2927,123.90063,343.328,-35.70389,-8.218073,-0.61567193,4.7140527
1.0,-560.83966,129.0581,344.6079,-43.75238,-10.651587,-0.6996116,4.937609
1.0,-566.4124,101.22238,355.58524,-46.317352,-12.70957,-1.4478364,5.0727105
1.0,-563.0527,101.94472,350.23566,-41.648792,-11.387239,-1.3545485,4.6532607
1.0,-560.1286,103.85718,347.64877,-47.079067,-11.405382,-0.7214699,4.4784203
1.0,-567.5036,100.73899,350.8706,-53.9923,-14.14987,-1.1912681,4.353336
1.0,-552.44165,95.72224,345.21976,-56.98464,-14.372658,-1.0742612,4.4341917
1.0,-565.32,116.61728,347.75504,-57.53664,-14.438352,-0.779083,4.5897655
1.0,-557.4426,123.56144,343.79492,-54.77608,-13.401108,-0.5234221,4.67063
1.0,-541.6499,123.370186,345.36905,-52.35821,-12.864599,-1.2019143,4.447381
1.0,-538.0592,133.06293,343.7563,-52.37067,-11.309755,-0.84073967,4.2101445
1.0,-510.08224,121.98231,339.63818,-47.812317,-11.214053,-1.6819513,4.064144
1.0,-516.01605,128.91498,331.51373,-52.636642,-12.923359,-1.6484498,4.6387663
1.0,-482.33887,104.34335,334.60416,-53.946747,-11.583252,-1.3688135,3.7808015
1.0,-484.25494,108.48145,336.5928,-49.35533,-9.032146,-0.9825835,3.41362
1.0,-480.37967,94.99445,346.6895,-54.15068,-10.301755,-0.6637459,3.7009149
1.0,-476.8443,96.16479,344.1274,-51.817566,-10.110446,-0.73179746,3.8680973
1.0,-491.21307,99.29191,343.4174,-50.64202,-7.570334,0.19348526,3.6772423
1.0,-481.80927,110.44641,344.15338,-43.35993,-5.2544394,0.3021094,3.883961
1.0,-481.09595,118.09012,338.43143,-40.464554,-5.1137943,0.07321249,4.4216
1.0,-467.18323,120.10308,328.99896,-36.638233,-2.7613122,0.40478754,3.758001
1.0,-485.30658,136.73099,324.89133,-32.973972,-0.60106564,0.9518126,3.2965086
1.0,-482.94226,151.70854,327.96805,-36.71926,-4.008356,0.37501258,3.4469194
1.0,-479.2479,165.13477,323.2554,-34.990803,-2.812859,0.5537295,3.0806344
1.0,-498.98648,186.4844,323.21173,-28.886406,-1.8831495,0.3502404,3.1092548
1.0,-485.71344,202.3952,313.3287,-27.113026,-0.68714094,0.6906488,3.0479944
1.0,-482.0935,207.27164,299.45987,-23.31336,1.2070982,0.7136301,2.757681
1.0,-512.8447,194.7666,308.3895,-21.13823,3.1320605,1.1692395,2.4755785
1.0,-497.55936,191.18633,312.79434,-23.33874,0.52437663,0.3916868,2.7547703
1.0,-523.7571,194.41536,316.27417,-17.24659,4.158517,1.1799997,2.3156035
1.0,-540.8698,209.61388,306.29065,-13.362911,6.850444,1.6160899,2.009348
1.0,-540.894,207.20213,307.0491,-14.313292,5.3198833,1.1688071,2.2448883
1.0,-535.99493,208.82417,307.64914,-17.91665,3.2073567,0.88136995,2.251749
1.0,-543.2768,221.1518,308.6393,-15.782785,3.73037,0.7690048,2.2953186
1.0,-539.9209,231.84499,298.4001,-23.142054,3.1253815,1.5843868,2.3867211
1.0,-542.6684,239.70763,295.86264,-21.558737,4.9883075,2.2695591,2.3456137
1.0,-537.605,249.20218,292.5346,-20.164743,6.9794054,3.083711,2.1778615
1.0,-564.2789,258.97894,303.50525,-18.493872,5.684958,2.7324643,2.3287897
1.0,-565.19714,260.3999,296.28357,-18.683193,6.625452,2.4840288,2.0032957
1.0,-556.8081,269.94678,289.82953,-20.112108,8.870558,3.622643,1.6173676
1.0,-585.7411,268.5009,303.583,-18.769932,7.8699083,3.187553,1.9900113
1.0,-578.4823,265.5892,305.0161,-11.922901,10.266446,3.2350342,1.6528488
1.0,-594.72345,260.28464,304.81363,-10.459479,12.367114,4.2781672,1.5148689
1.0,-595.9156,243.03279,307.21527,-13.377169,12.824839,4.8869233,1.7317843
1.0,-607.027,257.77313,303.05563,-9.784317,14.004023,5.0978093,1.515281
1.0,-604.2296,253.82657,304.8095,-9.663781,14.893597,5.288179,1.5150385
1.0,-615.2561,262.71396,299.4751,-10.474663,17.22387,5.9465938,1.4394048
1.0,-626.3046,261.3239,301.436,-5.787561,19.02721,6.1123357,1.1532384
1.0,-606.0362,246.96811,292.15594,-6.493876,19.065037,6.186278,0.9092572
1.0,-632.41223,247.84926,301.38843,-5.816405,18.558374,5.589266,0.80993634
1.0,-623.8723,245.38765,290.54422,-2.773729,19.17874,5.6999273,0.9663132
1.0,-640.74054,257.9934,300.63126,-1.353533,19.154137,5.7096844,1.0199392
1.0,-650.7399,244.38222,308.07205,-2.9367456,17.90789,5.329908,1.1381451
1.0,-670.16956,234.57576,316.8476,-3.7583013,18.407787,5.2932796,0.61611557
1.0,-667.4167,248.97641,311.99243,-8.987513,17.841595,5.6332865,0.5446645
1.0,-671.5607,260.47894,317.0673,-12.016794,16.728703,5.669532,0.549952
1.0,-683.5396,260.5313,323.30313,-8.85405,17.833282,5.9246583,0.6603609
1.0,-668.588,247.33076,322.56964,-8.7894125,18.733385,5.9011416,0.25984263
1.0,-661.2886,255.62527,320.45218,-5.6538754,19.252619,5.8496227,0.1793407
1.0,-642.797,254.62001,308.95563,-7.81573,19.22281,6.2330127,0.22510017
1.0,-660.5327,255.47797,305.94855,-9.944515,20.797783,6.9878945,0.48868906
1.0,-655.001,246.72017,303.828,-8.334962,21.821089,7.5103416,0.86881256
1.0,-638.2946,248.17635,294.88705,-12.211038,20.520138,7.424121,0.96318007
1.0,-632.45264,238.5401,286.9383,-6.9331713,22.576096,7.4545584,0.7261576
1.0,-626.51373,251.58214,292.99658,-4.6440544,23.544567,7.9283633,1.0042174
1.0,-606.3839,252.73645,288.73254,-7.2184553,20.776163,7.30809,1.3607101
1.0,-602.4742,249.80267,282.57104,-5.4655814,22.27843,7.9761114,1.2677836
1.0,-589.87335,241.76657,275.1454,-2.1699698,22.319517,7.7677903,1.4467325
1.0,-583.8044,247.47766,271.37637,-0.0755744,22.854176,7.8595915,1.8045763
1.0,-587.85284,241.36885,264.61407,0.07434249,21.365604,7.4829044,2.422817
1.0,-606.7196,242.93062,265.03845,0.45875132,23.922642,8.452609,2.0034008
1.0,-617.68695,253.86226,258.58655,-4.812428,25.209745,9.922253,1.8415685
1.0,-595.91907,253.02342,259.1891,3.3340335,25.659985,9.526064,1.814524
1.0,-580.474,231.10934,256.7296,4.6209126,26.462912,9.599251,1.6587117
1.0,-577.09766,241.35715,255.5778,4.3892155,28.4019,10.178561,1.3392025
1.0,-570.1753,230.08597,259.63922,2.1858935,25.983374,9.0254135,1.4303167
1.0,-563.11957,232.33748,254.8631,-5.1840234,25.53039,9.521269,1.0455858
1.0,-565.6366,217.0234,261.08765,-3.7502453,24.184345,8.890685,1.4692557
1.0,-580.9974,208.76122,269.4056,0.15264678,26.06997,8.881493,0.813221
1.0,-596.74286,201.14124,276.45837,-1.2411005,25.243912,8.851191,0.77250856
1.0,-618.8933,217.13939,280.97684,-0.35323602,24.243301,8.524772,1.0464704
1.0,-616.9582,235.41585,272.38257,-3.047545,23.873913,8.5942135,0.4559465
1.0,-615.19055,229.0892,277.37186,-7.370104,23.259043,8.882807,0.74032503
1.0,-589.89703,222.33978,266.0493,-11.813456,21.773756,8.7893095,0.54631484
1.0,-571.7323,233.9479,254.23764,-15.837953,21.246971,8.979318,0.21436018
1.0,-571.437,220.2932,259.52954,-19.704603,20.38549,8.5060835,-0.15116152
1.0,-582.91284,233.20702,255.32109,-18.436127,23.76257,9.722955,-0.52834654
1.0,-603.8538,239.88365,254.00272,-14.684666,25.526993,9.897186,-0.85306334
1.0,-613.95746,236.65382,267.15866,-11.998489,26.00979,9.869497,-0.79357016
1.0,-601.5287,252.01074,262.32288,-11.055509,26.963688,10.428142,-0.4654967
1.0,-626.28845,256.5121,270.14975,-9.41927,29.239292,10.90128,-0.7643165
1.0,-627.82745,241.35413,282.3252,-8.679369,26.863085,9.840754,-0.56064653
1.0,-645.88916,233.41466,285.0018,-4.0610895,27.37994,9.895377,-0.012510002
1.0,-660.9884,233.97855,287.04843,-4.593902,27.903048,10.277451,0.05867894
1.0,-666.1166,223.37802,296.85074,-7.2971177,26.562151,9.748518,-0.3131081
1.0,-674.28827,238.48509,307.12027,-9.622653,26.722694,9.761166,-0.44135773
1.0,-680.2541,246.03107,306.322,-11.524124,24.988052,9.454546,-0.5007882
1.0,-666.045,242.0603,306.71606,-15.61401,21.710403,8.998599,0.10779399
1.0,-648.4304,245.13556,302.6521,-11.7299595,22.74463,9.188608,0.40889513
1.0,-626.1217,232.05743,298.36066,-18.804535,19.888416,9.461115,1.1236134
1.0,-613.47046,227.17735,287.50604,-19.413874,21.734781,10.28242,0.82187563
1.0,-614.3503,227.89862,287.49387,-15.957691,23.073717,10.517122,0.6694187
1.0,-629.4344,240.06145,286.18317,-12.751878,24.773495,11.036558,0.85073787
1.0,-648.7785,252.15546,287.49075,-5.8130984,27.802713,11.230812,0.39791414
1.0,-619.5378,248.42818,268.24872,-9.012718,25.93425,11.026533,0.6466891
1.0,-592.81616,250.24493,261.34442,-9.64597,22.659567,9.7439375,0.99255407
1.0,-607.8993,231.28125,276.21698,-12.092084,22.572447,9.7561245,0.79306054
1.0,-586.60425,223.77922,274.3463,-8.831144,23.18275,9.369886,0.65351504
1.0,-610.35254,230.74557,281.55746,-8.214949,22.940823,9.43471,0.6126524
1.0,-622.1106,226.41232,284.98563,-14.632429,20.429981,9.241505,0.86367124
1.0,-615.8227,226.59123,276.73975,-16.651693,18.544422,8.79041,1.1875505
1.0,-633.8481,237.30617,270.69717,-7.8117,20.763319,8.915692,0.6427432
1.0,-649.1778,234.65106,271.0925,-9.031212,21.322327,9.59876,0.72615176
1.0,-648.6765,243.42166,266.36716,-12.163845,19.64152,9.637397,1.0169784
1.0,-646.33325,238.13094,268.5379,-15.980012,18.519175,9.759839,1.3645828
1.0,-648.7018,247.43839,268.45972,-14.958669,19.37878,10.534678,1.6295203
1.0,-653.39343,249.41226,273.0702,-19.472712,16.4101,9.872019,1.8013015
1.0,-619.26105,242.79901,271.67517,-29.231266,13.138399,9.75845,1.8848826
1.0,-636.2314,238.54176,270.89584,-29.923153,14.012439,9.9333515,1.6165938
1.0,-638.34973,231.16367,273.9042,-28.940392,13.495977,9.420144,1.4447024
1.0,-667.4019,228.68561,289.21298,-30.024723,13.857008,9.798362,1.3086965
1.0,-651.7794,226.16269,288.3271,-30.657475,11.721456,9.376959,1.9864557
1.0,-655.0708,227.28561,285.64026,-28.229984,13.286234,10.039504,1.9668528
1.0,-676.44196,221.85294,296.01843,-29.136412,14.109396,10.0784025,1.7820988
1.0,-656.7512,234.86263,284.00357,-24.974083,15.808082,10.442492,1.4969255
1.0,-651.4847,207.61949,290.13275,-36.218094,10.962711,9.274992,1.5137731
1.0,-664.08344,214.06769,289.06882,-29.177124,13.433224,9.594085,1.5888847
1.0,-678.1721,207.06282,292.4369,-28.829039,13.771022,9.545844,1.6635078
1.0,-661.2565,185.70444,290.43546,-30.644365,13.00844,9.232969,1.6241672
1.0,-650.81866,182.12856,282.10587,-30.23953,14.910225,9.953622,1.6122484
1.0,-626.08105,203.46521,275.07196,-37.730137,12.7193165,9.748521,1.3749254
1.0,-605.5113,219.47847,271.33386,-40.82196,11.334837,10.030031,1.7931142
1.0,-626.32635,235.9157,285.03513,-45.128983,9.808807,10.280377,1.7788758
1.0,-633.3685,229.98705,292.62323,-45.86786,9.136345,10.282007,1.892402
1.0,-652.9068,230.67131,299.1864,-47.658627,11.519709,11.251492,1.3522444
1.0,-657.98083,230.40251,298.1514,-47.802666,12.75939,11.366646,0.9322774
1.0,-653.0564,215.85814,295.97888,-41.461655,14.196154,11.182973,1.2504976
1.0,-658.3461,229.71133,293.75992,-36.563557,16.418718,11.517614,1.2798775
1.0,-643.8481,236.14395,284.56326,-34.110798,18.071283,12.028898,1.1174409
1.0,-642.6797,242.33571,269.72864,-34.448105,19.310493,12.620398,0.7970816
1.0,-640.1703,243.16946,270.53406,-36.903152,17.534485,12.400737,1.4007089
1.0,-632.38806,244.75487,271.90005,-33.11278,18.084145,12.336299,1.6755285
1.0,-634.1553,239.18547,278.0663,-34.357098,17.484386,12.371804,2.0949347
1.0,-635.5525,252.2723,279.15314,-33.462997,18.793837,13.120066,2.3056502
1.0,-620.55634,250.85333,278.459,-39.139053,15.713139,12.727521,3.001911
1.0,-645.1234,247.26445,296.83282,-38.335,16.457527,12.635456,2.6130726
1.0,-650.1777,266.08273,288.87445,-31.594536,19.439796,13.3304,2.6184037
1.0,-655.3228,257.0779,293.364,-33.917007,18.7854,13.249099,2.6678255
1.0,-679.75214,268.7757,282.09344,-33.410385,20.286226,13.602804,2.3464785
1.0,-680.1733,262.774,287.08368,-35.08687,17.633493,13.030489,2.810392
1.0,-649.12067,283.4222,266.41882,-33.488415,18.012243,13.051177,3.0671315
1.0,-652.11194,278.60437,274.6452,-35.62166,16.067959,12.12405,2.9858904
1.0,-677.23785,279.03363,275.19296,-35.76041,16.748154,12.126699,2.7621994
1.0,-683.80115,275.98697,274.96158,-30.454342,20.12799,12.687889,2.0501628
1.0,-682.3574,270.6328,275.8982,-28.095264,21.08004,12.513657,1.8726385
1.0,-671.3496,264.25095,273.70428,-32.048225,19.603315,12.039219,1.7749261
1.0,-673.9208,267.0315,267.2195,-33.806374,19.336227,12.331368,1.9968507
1.0,-656.57684,277.44437,246.60153,-42.280674,19.09763,13.001627,2.1586344
1.0,-659.7187,267.37524,253.13254,-43.144123,17.587725,12.703541,2.6619663
1.0,-643.1735,269.94006,242.07532,-44.817287,18.68543,13.253216,2.7251723
1.0,-621.28204,253.2955,234.93079,-41.803017,18.640965,12.966388,3.0358007
1.0,-613.4009,242.57988,237.21573,-39.620136,17.407751,12.0903,2.937562
1.0,-616.8817,254.81703,234.17517,-34.68548,18.645304,12.142237,2.6886625
1.0,-594.0047,227.23434,231.31056,-33.182632,15.5676565,10.585136,2.572142
1.0,-577.352,214.51486,232.34099,-40.52528,11.743193,10.01571,3.016408
1.0,-579.508,197.29083,235.45618,-36.36499,13.34145,10.03692,2.658519
1.0,-564.7123,210.11734,220.16035,-33.51242,16.959711,11.009269,2.2206895
1.0,-589.7769,203.22223,231.38385,-36.88733,15.910944,10.859859,2.02838
1.0,-592.67676,213.01013,217.91066,-31.825928,18.353811,10.932571,1.6122724
1.0,-584.6849,204.93646,221.4822,-30.82339,19.837875,10.896902,0.96476465
1.0,-567.91,192.30157,219.43413,-35.214478,18.409195,11.0864525,0.95602024
1.0,-563.10156,201.10129,214.88148,-35.989235,18.23509,11.015741,0.7997885
1.0,-570.9722,195.66313,217.15105,-31.827772,20.32033,11.646127,0.62858546
1.0,-571.8625,214.26582,219.25557,-32.726532,19.515198,11.50977,0.7702926
1.0,-579.3575,228.11507,232.27655,-34.867638,19.088875,11.371892,0.58042717
1.0,-586.8689,214.7083,241.15555,-24.8484,21.89823,11.31744,0.3171644
1.0,-603.06305,214.2283,242.71292,-27.202366,22.268105,11.437241,-0.10501483
1.0,-629.29694,194.83066,252.2397,-23.715796,24.117666,11.343515,-0.87722135
1.0,-620.816,208.79071,235.08487,-18.77472,28.200048,12.271869,-1.3534274
1.0,-627.2986,183.27237,240.89233,-19.417927,28.627138,12.271552,-1.9096158
1.0,-639.32404,189.75417,245.33841,-17.427788,28.923315,12.615823,-1.406651
1.0,-627.11487,188.94933,240.75368,-12.139979,29.638178,12.05434,-1.5466107
1.0,-619.4178,187.38841,233.81474,-14.216384,30.870054,12.264442,-2.4281633
1.0,-619.1992,188.34908,233.61746,-13.395334,30.635502,12.05339,-2.365148
1.0,-595.3653,183.34877,233.9317,-10.511049,29.441965,11.225988,-2.2316842
1.0,-601.5304,192.19838,232.27945,-5.797763,30.371735,10.402317,-2.7930155
1.0,-583.5495,201.05333,229.40443,-10.397654,29.860453,11.112805,-2.5791936
1.0,-597.0155,206.44972,224.35628,-13.744045,30.912079,11.8878975,-2.498553
1.0,-599.75726,206.30853,218.51529,-17.68499,28.206255,11.461847,-2.066161
1.0,-632.0429,220.25867,220.79591,-20.844637,25.956812,10.958183,-1.789859
1.0,-615.9787,230.98018,209.56194,-13.285397,27.956423,11.255642,-1.5480821
1.0,-588.27545,229.66537,196.78928,-11.456034,29.255957,11.21278,-1.9979508
1.0,-598.3225,226.24887,204.11813,-13.191031,28.16325,11.321792,-1.5959876
1.0,-584.73785,214.91293,206.13133,-13.089022,29.58282,11.803082,-1.820128
1.0,-577.06866,221.59293,195.16406,-9.355383,29.27378,11.651518,-1.5842041
1.0,-565.9551,212.19304,201.67215,-8.189333,29.183731,11.628325,-1.2399817
1.0,-586.2318,218.65947,208.78568,-11.517005,28.781979,12.267471,-0.8663143
1.0,-580.2148,215.8904,210.87477,-14.331329,26.239285,11.666284,-0.5417417
1.0,-565.13855,203.23804,204.01599,-12.080399,25.09468,11.356595,-0.31827408
1.0,-558.8574,214.33907,191.28552,-9.830421,25.978277,11.432506,-0.36042565
1.0,-541.47,229.64104,185.57362,-5.4460487,27.050379,11.181948,-0.5625894
1.0,-522.9627,230.73766,177.64078,-3.2703638,27.821468,10.794778,-1.0772338
1.0,-537.77344,228.681,183.99194,-1.6574674,29.982185,11.473274,-1.4229001
1.0,-516.30334,226.31975,176.7485,7.368175,32.235703,11.314785,-1.5380613
1.0,-541.4367,219.73141,185.3201,8.413498,32.789818,11.506705,-1.6798316
1.0,-533.57513,212.30862,176.06992,5.515478,31.842804,11.359441,-1.3895919
1.0,-527.6552,203.27582,173.21806,8.226562,32.534416,11.055039,-1.612405
1.0,-530.3912,200.33295,174.0741,5.7743635,32.133263,11.298139,-1.633481
1.0,-505.00052,193.09755,168.45363,2.847032,29.34563,10.64777,-1.1708118
1.0,-501.9912,190.36093,174.96672,-1.081852,27.004593,10.169037,-0.9133364
1.0,-510.4126,190.4827,184.50208,0.76532435,29.06155,10.426109,-1.2770602
1.0,-527.92426,187.35007,186.20172,2.6034753,29.421408,10.518926,-0.9776094
1.0,-527.5338,181.02913,189.7034,4.3933516,30.007565,10.721717,-1.0570323
1.0,-532.368,170.20462,189.54414,2.5699785,29.480831,10.564656,-1.3620021
1.0,-526.46674,160.28647,191.5948,4.021393,29.273396,10.511862,-1.2513636
1.0,-527.98895,165.28848,189.787,-0.22390366,27.273739,9.871951,-1.68749
1.0,-505.10074,154.59906,175.44151,-0.65112513,26.829443,9.544754,-1.913816
1.0,-494.1606,156.7517,166.44365,2.4751916,27.235865,9.524493,-1.9908456
1.0,-505.2435,161.91858,168.90475,1.7473613,26.625118,9.39181,-2.2775035
1.0,-495.8896,155.07922,164.64606,4.303127,29.351425,9.895431,-2.7111573
1.0,-496.45532,154.06447,163.42747,5.5114703,29.900991,9.657959,-2.9257984
1.0,-501.48364,144.04922,165.15836,1.5287681,27.926022,9.614405,-2.7162025
1.0,-493.81024,127.68056,171.89465,-0.118246794,27.095308,9.852778,-2.8055189
1.0,-513.7069,135.06223,184.6042,-1.7768962,26.079657,9.953911,-2.1841943
1.0,-503.99927,124.79018,175.58955,-1.5802939,25.59254,9.889533,-1.8866254
1.0,-480.5573,119.69571,166.99182,-4.7768,23.36933,9.380463,-1.6992775
1.0,-489.4376,126.64784,178.87572,0.07187414,25.253605,9.553835,-1.6952316
1.0,-489.53833,138.38118,184.80315,2.6727376,25.578379,9.6949835,-1.268379
1.0,-476.21732,143.91786,185.16214,0.011942625,24.037012,9.395777,-1.1671406
1.0,-475.58255,133.32831,186.2118,3.3492835,25.010748,9.322839,-1.3885084
1.0,-472.68997,129.04633,188.20045,1.8759581,25.086576,9.395052,-1.8594117
1.0,-448.13522,124.58787,181.74529,0.8590112,22.84381,8.727835,-1.4589927
1.0,-421.47235,115.82635,175.53464,-1.5871606,21.622166,8.220778,-1.5432882
1.0,-427.57532,125.5237,173.92012,-6.1724114,19.478867,8.017701,-1.2391145
1.0,-448.58786,117.904785,174.78624,-6.2914705,19.530642,7.7903385,-1.4671873
1.0,-439.6026,94.07946,179.57034,-14.145972,17.020243,7.4176254,-1.5960314
1.0,-418.08157,101.583786,181.37453,-10.577953,15.737098,6.692785,-1.4576952
1.0,-450.67944,118.296646,186.10579,-7.859088,16.63751,6.836508,-1.1494757
1.0,-456.91864,130.12968,184.5587,-8.367964,15.410264,6.3463316,-0.96955293
1.0,-439.007,131.45729,177.43623,-2.8845735,17.781345,6.6559095,-0.98260903
1.0,-435.0593,145.0905,171.70735,-4.1374145,18.626945,6.9998994,-1.4079882
1.0,-422.32675,148.2809,168.51903,-3.0884767,16.504585,6.1820574,-1.3457328
1.0,-396.21866,137.10867,155.01152,-0.99440813,16.514853,5.9925942,-1.4982327
1.0,-394.04666,123.670975,152.00783,-3.4241414,17.418436,6.2121463,-1.9310954
1.0,-395.88223,119.87584,140.89107,-4.405937,18.338066,6.747513,-2.2695842
1.0,-370.0488,109.97525,133.6432,-2.3322983,19.262049,6.5268545,-2.9695313
1.0,-385.84012,112.454094,138.95717,-5.024683,17.825062,6.226783,-2.5143502
1.0,-387.05652,108.396545,134.41664,-9.100063,17.391474,5.9181957,-2.891352
1.0,-389.77173,96.99131,133.17418,-14.9891615,15.359108,5.4101243,-2.6782258
1.0,-403.24753,96.13933,141.67282,-14.905346,14.620916,5.064764,-2.6661398
1.0,-412.94415,95.1123,139.2069,-11.128683,17.5497,5.5727262,-2.9653327
1.0,-424.166,94.36688,154.13326,-10.99623,16.764389,5.052621,-3.510613
1.0,-418.82574,89.41105,155.86043,-11.801858,16.164696,4.799035,-3.578591
1.0,-441.5265,95.139046,163.05963,-11.260041,14.668056,4.704768,-2.975874
1.0,-437.7666,99.85724,153.89784,-8.916585,14.77858,4.807324,-2.3755405
1.0,-440.2161,89.99563,154.0548,-10.079294,16.515966,5.3425865,-2.5609813
1.0,-444.19006,92.935684,150.4297,-17.27615,13.300684,5.147011,-2.0455885
1.0,-459.73676,100.437614,156.0528,-15.056219,11.930545,4.6056805,-1.9846629
1.0,-466.32422,76.98811,158.3464,-15.84348,11.468676,4.4022956,-1.6686875
1.0,-435.52902,65.782845,152.78026,-22.175602,9.360759,4.0726266,-1.4123127
1.0,-447.68274,72.58496,146.70042,-22.969627,10.623663,4.6891522,-1.8031921
1.0,-452.43442,73.548996,138.13426,-23.836456,12.172837,5.347975,-2.058903
1.0,-444.26434,56.046825,141.28775,-24.024683,10.588014,4.4330235,-2.0835268
1.0,-449.3904,49.8816,147.74884,-27.929731,9.489485,4.460472,-1.8340849
1.0,-452.65488,59.010956,154.44966,-30.865578,9.235001,4.730788,-1.8871149
1.0,-428.34595,42.684074,156.07973,-30.634691,8.978186,4.404114,-2.102984
1.0,-443.02298,44.879963,152.54393,-29.861086,13.137735,5.7580914,-2.7549334
1.0,-439.92856,30.76036,143.9679,-34.01075,11.894953,5.305506,-2.7842343
1.0,-435.27545,20.660093,153.20967,-33.61559,10.435387,4.5685062,-2.6481295
1.0,-438.1966,4.2094593,159.3508,-29.200861,12.43884,4.311427,-3.3015604
1.0,-428.80362,2.3397253,167.82483,-31.346151,11.159586,4.432005,-2.7467892
1.0,-421.85178,3.070234,160.29668,-34.571037,11.030742,4.6211996,-2.8158197
1.0,-411.3198,-5.694831,168.14209,-35.807518,9.373021,4.3182745,-2.6483498
1.0,-398.14294,2.8373985,159.76865,-35.072033,9.551076,4.489698,-2.3508382
1.0,-379.56116,-12.058642,165.59969,-39.731613,6.1239853,3.8206694,-2.056251
1.0,-391.79807,-19.322037,169.23938,-36.48266,7.0310764,3.8256872,-1.7638658
1.0,-418.1454,-16.547262,179.48155,-25.90884,11.173154,4.168528,-2.2385116
1.0,-419.41174,-23.551407,186.30528,-25.461824,10.294995,3.5937881,-2.1383498
1.0,-404.00427,-26.823286,194.32288,-27.917784,10.200248,3.9085739,-2.428138
1.0,-424.84875,-29.005747,194.06625,-32.28735,9.928869,4.491946,-2.3183136
1.0,-440.5625,-10.071047,189.26295,-33.775375,11.325974,5.003242,-2.8691618
1.0,-446.26282,-22.335411,199.82591,-31.55121,10.082012,3.9549465,-3.0230112
1.0,-435.53113,-31.033833,204.23058,-29.250103,9.381504,3.2265887,-3.1760325
1.0,-448.79013,-32.376087,215.34415,-27.721077,10.065624,3.0778615,-3.3173032
1.0,-428.2413,-30.541798,209.97072,-29.520782,9.548785,3.4238138,-3.1509526
1.0,-442.39243,-28.472591,213.4413,-26.481194,11.528862,3.9190266,-3.4616442
1.0,-449.0303,-38.344307,217.29965,-27.972843,11.314276,4.1396475,-3.1043193
1.0,-447.46744,-52.347485,204.05666,-23.90879,14.929176,4.9350758,-3.858349
1.0,-448.83698,-47.143772,199.68213,-27.120394,13.596489,4.622252,-3.529311
1.0,-427.34207,-70.43029,216.05687,-27.818287,10.788476,3.1694145,-3.6129851
1.0,-415.8387,-67.75152,216.86797,-30.377722,9.219886,2.8450544,-3.6891968
1.0,-392.25482,-68.94478,208.96945,-34.66028,5.8810916,2.523645,-3.2104015
1.0,-376.3017,-74.77894,202.16243,-39.399784,3.515118,1.9634447,-2.9622364
1.0,-388.61325,-77.605484,209.65408,-40.051693,3.4972935,2.0427194,-2.6664143
1.0,-389.66855,-80.53909,212.44884,-35.33629,4.9925485,2.062465,-2.7753658
1.0,-416.5206,-78.837715,214.00447,-32.321423,8.695904,2.8659687,-3.6965654
1.0,-403.8792,-79.64273,217.20389,-34.71737,6.3445125,2.5809424,-3.0528274
1.0,-406.63226,-94.95017,213.60551,-27.896105,7.0580206,2.055176,-2.892083
1.0,-436.93973,-87.17673,224.92485,-25.258911,8.953365,2.3011796,-3.1025932
1.0,-449.2895,-90.952194,234.86745,-24.750153,6.740399,1.6897211,-2.611753
1.0,-464.80087,-95.565025,246.96687,-30.32003,4.434409,1.4455682,-2.0521123
1.0,-459.801,-96.6329,241.80728,-34.339012,3.1173844,1.1176835,-2.1250696
1.0,-461.6539,-88.91414,238.7804,-31.35153,3.662006,0.89694387,-2.1545348
1.0,-451.05826,-93.6451,241.89604,-41.254715,1.0212197,0.8979954,-1.7923428
1.0,-444.93494,-89.781944,235.55888,-38.57063,2.223833,1.2336679,-1.8754858
1.0,-435.33286,-86.03066,226.67177,-49.239616,-1.7253909,0.8172541,-1.5224671
1.0,-438.62762,-82.65044,229.8995,-53.599762,-2.8063667,1.0787958,-1.1546458
1.0,-444.52206,-77.63635,224.12294,-51.41492,0.429075,1.7111306,-1.8701085
1.0,-449.56473,-81.834984,222.53232,-53.01212,-0.2878846,1.6512529,-1.5091693
1.0,-445.21674,-69.456215,214.55731,-59.914616,-0.7638428,2.2609136,-1.2114925
1.0,-444.80914,-73.43988,215.29118,-60.847088,-4.3761997,0.7598367,-1.1205336
1.0,-451.4392,-68.70836,213.59482,-53.43592,-2.7139804,0.83259994,-1.0952842
1.0,-435.94275,-81.59921,218.57869,-55.848755,-5.506431,-0.1084283,-1.2130326
1.0,-443.06317,-88.904785,225.66354,-63.602554,-8.247235,-0.37571704,-1.2108791
1.0,-452.2075,-80.051506,231.62234,-65.24635,-10.831029,-1.1098683,-0.89238805
1.0,-423.02725,-77.92575,225.06805,-63.94828,-10.907829,-1.0609394,-0.6853188
1.0,-421.81363,-72.647095,219.14565,-55.69311,-9.308743,-1.1247131,-0.67606854
1.0,-425.05634,-85.09039,225.95503,-54.891247,-7.909633,-1.0795019,-1.4242828
1.0,-426.76318,-75.52162,218.50299,-54.8712,-5.7805634,-0.042350054,-1.8154378
1.0,-399.35638,-72.499916,201.0464,-62.08909,-6.0597425,0.59665823,-1.5453097
1.0,-387.7563,-73.98359,198.34874,-62.394955,-5.236535,1.4374936,-1.5120822
1.0,-349.8663,-74.47968,192.41237,-62.778767,-7.7083178,0.7701166,-1.2244608
1.0,-370.06784,-75.40559,194.32367,-63.587654,-7.9889455,0.50028384,-1.3686441
1.0,-353.52087,-64.263756,190.6764,-66.12179,-8.065967,0.96291536,-1.1394515
1.0,-341.92,-63.39497,186.272,-64.75144,-10.372799,0.028618276,-0.72870624
1.0,-363.14206,-75.286194,193.73225,-58.75498,-8.958125,-0.44099942,-1.1807723
1.0,-355.62582,-54.78817,187.95984,-55.732357,-7.0833826,-0.25954685,-1.285376
1.0,-367.43365,-58.458107,207.08829,-60.399628,-11.294054,-1.1565919,-0.77667326
1.0,-366.7128,-61.072533,202.47081,-52.53459,-11.82963,-2.20663,-0.84939754
1.0,-342.83957,-69.286385,192.47266,-50.306835,-10.753872,-1.9705826,-0.6804505
1.0,-358.63327,-80.082214,196.6679,-50.008087,-9.835463,-1.7593203,-0.75362736
1.0,-378.45648,-89.43383,206.7146,-49.922756,-8.807639,-1.8490276,-0.9232556
1.0,-389.77026,-106.41118,216.15788,-51.882862,-10.378484,-2.0319326,-0.59611845
1.0,-380.05313,-115.291824,220.95929,-57.16601,-12.239375,-2.529571,-0.79096246
1.0,-367.1363,-118.43848,218.23,-55.292877,-11.232226,-2.7146215,-1.1461383
1.0,-358.6095,-123.47126,216.78156,-48.17255,-9.487243,-3.2134507,-1.4682286
1.0,-360.26413,-111.91651,218.04054,-48.971874,-9.671861,-3.0350199,-1.3475685
1.0,-353.66727,-108.32195,211.7279,-52.503014,-11.511197,-3.2587783,-1.2934284
1.0,-329.9954,-116.95584,207.55852,-52.57846,-13.204721,-4.002552,-1.3483171
1.0,-349.24655,-122.45234,215.60736,-55.66897,-13.035268,-3.1802943,-0.88410455
1.0,-344.1982,-114.2131,209.91554,-58.315563,-14.203666,-3.308352,-0.85344523
1.0,-337.583,-96.620384,205.04279,-59.4333,-14.644142,-3.2059042,-0.6898064
1.0,-323.69644,-94.54032,198.59755,-60.36493,-14.819322,-3.1942523,-0.6140588
1.0,-337.23886,-92.07862,195.99147,-60.753334,-15.801021,-3.5133684,-0.34717643
1.0,-345.4367,-104.601265,200.37473,-60.581097,-15.720322,-4.1271267,-1.0284133
1.0,-351.54947,-103.28994,205.03778,-68.715904,-18.275175,-4.145028,-1.1074481
1.0,-366.4047,-87.23148,202.09819,-69.079735,-18.410849,-3.9692,-0.9880378
1.0,-369.67267,-87.43815,210.45662,-73.1828,-21.49905,-4.636301,-0.6473007
1.0,-371.6209,-83.9698,210.64882,-73.75346,-23.427553,-5.5749526,-0.69061095
1.0,-353.6744,-87.30138,204.18544,-74.61455,-24.604496,-5.85625,-0.6838915
1.0,-345.14435,-92.79789,190.47871,-71.144684,-23.232552,-5.7312336,-0.7390257
1.0,-342.1348,-96.74537,185.65573,-64.98894,-19.07847,-4.9677725,-1.415204
1.0,-335.42996,-101.91336,185.99034,-58.7427,-17.602058,-5.0471115,-1.5598015
1.0,-315.3009,-98.34231,179.65063,-57.11147,-13.984241,-3.8813405,-2.0639486
1.0,-323.95386,-97.99793,188.38383,-51.891968,-13.872379,-4.511349,-2.1440253
1.0,-311.14825,-108.43204,184.42668,-60.68409,-17.939873,-5.35798,-2.2619529
1.0,-296.13403,-125.63164,186.75409,-60.11261,-17.772375,-5.603717,-2.3593009
1.0,-289.09332,-140.16986,190.39647,-54.040882,-18.12471,-6.446412,-2.3165667
1.0,-275.51688,-131.4671,188.30592,-56.458027,-18.818882,-6.4270372,-2.0915558
1.0,-256.56204,-134.18356,179.49655,-53.979115,-17.577082,-6.34693,-2.5247295
1.0,-226.27806,-150.78734,174.17928,-46.015335,-14.33587,-6.4239125,-3.1277633
1.0,-206.66058,-170.28464,174.04588,-49.939068,-16.885433,-7.3122926,-2.9149761
1.0,-224.86633,-181.5323,175.12654,-47.116165,-15.827759,-7.5846095,-3.1577477
1.0,-236.26187,-180.76991,176.19699,-51.67687,-17.167288,-7.207028,-2.838987
1.0,-203.43372,-192.56424,177.32822,-52.323067,-19.830315,-7.9408283,-2.0493484
1.0,-215.21811,-188.17577,187.23819,-53.897125,-21.838507,-8.25417,-1.777641
1.0,-212.93181,-174.42833,187.65099,-52.782974,-21.947504,-8.089848,-1.4629562
1.0,-180.057,-191.26172,183.39345,-55.50607,-23.745117,-8.621407,-1.3596323
1.0,-182.98615,-206.74892,188.21655,-52.684494,-23.53603,-8.806521,-1.0517519
1.0,-196.42236,-202.49902,195.8565,-47.932713,-20.222977,-8.08505,-1.1768571
1.0,-201.84,-189.73848,194.30136,-44.98085,-19.881119,-8.572129,-1.4564543
1.0,-210.75589,-173.91591,189.84946,-47.79005,-20.117664,-8.19125,-1.3924992
1.0,-174.29639,-183.42981,183.4557,-41.003445,-21.088623,-9.0115,-0.9261373
1.0,-168.92615,-199.48163,190.60756,-42.156723,-22.70048,-9.733467,-1.059681
1.0,-172.30055,-184.77655,187.7048,-42.039062,-25.069557,-10.280838,-0.2891698
1.0,-162.71965,-173.52089,178.20805,-41.330215,-23.164669,-9.311015,-0.10169172
1.0,-150.41321,-166.83139,172.87837,-43.374573,-22.110332,-9.10075,-0.43678647
1.0,-149.94785,-162.15436,168.27841,-44.50443,-21.718481,-9.044395,-0.84065026
1.0,-159.16434,-148.28702,169.25903,-44.342365,-21.075083,-8.825761,-1.2563667
1.0,-164.16513,-151.89809,168.76685,-40.494324,-17.216536,-7.9374743,-1.9161704
1.0,-177.6679,-159.52492,173.1486,-39.480595,-17.587412,-8.066934,-1.5782183
1.0,-196.18759,-141.07794,167.4047,-38.580715,-15.335736,-7.136346,-1.7503175
1.0,-195.04652,-142.66364,167.71986,-39.33035,-15.063514,-6.8253803,-1.8907738
1.0,-179.28056,-145.30505,168.22618,-37.75466,-16.261862,-7.6572356,-1.7061553
1.0,-170.73413,-133.1536,167.37057,-39.777508,-18.0659,-7.766447,-0.6682761
1.0,-179.05841,-134.37236,173.0434,-40.994328,-19.026491,-7.697702,-0.48766416
1.0,-144.69124,-133.91058,174.97614,-45.168907,-22.121532,-8.367142,-0.79461694
1.0,-129.75836,-136.93137,168.92935,-50.136635,-24.618185,-8.553649,-0.6229235
1.0,-116.70061,-149.78662,169.53343,-51.192207,-23.162458,-8.176994,-0.7701271
1.0,-123.452896,-153.56252,176.36963,-48.41618,-23.233864,-8.461794,-0.8221259
1.0,-116.72387,-153.48376,169.44714,-49.4314,-23.038177,-8.4840145,-0.67126596
1.0,-106.10666,-151.259,156.01828,-48.578583,-21.380058,-7.924117,-0.91995764
1.0,-100.93073,-144.44272,154.34618,-52.163578,-22.661028,-8.148669,-0.94145733
1.0,-123.99997,-146.51787,161.78398,-51.24439,-19.922647,-7.3097606,-0.9046652
1.0,-115.6444,-147.00732,150.07469,-50.228657,-16.742523,-6.495496,-1.6560438
1.0,-158.31961,-147.10724,161.92628,-46.183815,-13.934282,-5.638036,-1.6572126
1.0,-128.79367,-159.47826,154.16806,-42.816578,-14.365127,-6.30838,-1.3997636
1.0,-162.72774,-154.95683,163.30486,-41.66613,-14.447723,-6.663301,-1.4663484
1.0,-173.24312,-147.36716,164.15773,-38.71817,-14.182679,-6.37213,-0.8929475
1.0,-175.56532,-147.02426,154.17917,-35.13135,-11.706132,-5.739605,-1.2858809
1.0,-197.05017,-154.22952,164.67697,-32.54027,-9.544394,-5.1056294,-1.6626782
1.0,-205.15424,-162.43777,167.31787,-31.01965,-9.355758,-5.049499,-1.4968495
1.0,-198.50662,-147.30351,169.2391,-37.038956,-11.135037,-4.7223215,-0.95080405
1.0,-180.60385,-148.22366,156.48924,-31.895586,-9.043009,-4.816879,-1.6555768
1.0,-184.06924,-141.97589,161.34277,-30.972343,-7.6162353,-4.0880165,-1.4852622
1.0,-206.27512,-152.1898,166.41743,-29.1988,-6.0624504,-3.67059,-1.5911137
1.0,-185.27853,-175.18175,172.46733,-30.180967,-6.0130997,-3.8750732,-1.9476222
1.0,-182.37738,-143.06013,159.1658,-32.48548,-6.37224,-3.681775,-1.2795178
1.0,-170.23701,-154.12308,159.80995,-36.89296,-6.4888206,-3.156196,-1.2522938
1.0,-197.40341,-168.22586,164.68626,-38.702923,-6.573244,-3.1187403,-1.7884617
1.0,-182.10457,-182.31332,165.8664,-43.880188,-7.0680795,-2.5573707,-1.850397
1.0,-193.29759,-162.63663,163.2837,-48.09625,-7.122893,-2.0472403,-1.9106678
1.0,-173.88159,-153.63248,156.70229,-51.626778,-11.663137,-3.1451473,-1.3589568
1.0,-180.0231,-161.11157,164.02324,-53.048645,-11.073408,-2.719537,-1.4441525
1.0,-146.03128,-154.59598,148.692,-58.635822,-12.155389,-2.4414644,-1.2104963
1.0,-170.7404,-148.07845,161.12485,-56.234596,-11.594302,-2.5862486,-1.3036633
1.0,-138.636,-146.6105,149.97385,-58.195686,-13.9510975,-3.48039,-1.0402389
1.0,-155.94504,-148.48622,156.47461,-60.140213,-15.430095,-3.780876,-1.0856088
1.0,-163.6328,-137.88437,153.8535,-61.222805,-13.811557,-2.999498,-1.1689625
1.0,-153.52898,-139.72469,146.74274,-64.15093,-15.823168,-3.2708886,-0.99216926
1.0,-140.7109,-143.02667,157.30092,-59.50563,-16.44549,-4.1042547,-0.5825286
1.0,-145.09639,-160.1935,162.20377,-51.698154,-13.818155,-3.7080019,-0.6417682
1.0,-124.71151,-150.8126,156.8997,-53.444756,-14.869743,-4.2385354,-0.66352946
1.0,-146.6215,-149.9126,164.0135,-47.309467,-10.990522,-3.809845,-1.3202288
1.0,-154.9646,-130.39609,158.4608,-46.809326,-10.675607,-3.4643946,-0.8323816
1.0,-150.35251,-127.42082,160.32068,-48.448433,-12.058749,-3.768503,-0.3504914
1.0,-131.34656,-133.06573,160.95639,-50.227745,-14.05223,-4.5102973,-0.3987761
1.0,-104.78311,-132.58943,149.12347,-56.336376,-16.748001,-4.985672,-0.25636753
1.0,-101.62652,-144.13428,150.35771,-52.3396,-14.829704,-4.8459516,-0.8211067
1.0,-123.4817,-137.56606,159.93263,-49.989597,-14.367591,-5.226247,-0.86957955
1.0,-109.89576,-143.777,162.0758,-48.794037,-13.476405,-5.3377466,-1.1755878
1.0,-108.28173,-126.38526,162.56021,-49.25459,-13.805498,-5.333602,-1.0139185
1.0,-111.82651,-134.35585,174.30348,-52.667976,-13.966725,-5.2843714,-1.123102
1.0,-123.25362,-127.76813,173.79396,-52.127586,-12.718029,-4.6872263,-1.431322
1.0,-130.11885,-124.71414,181.05939,-56.178368,-13.993113,-4.858585,-1.3704126
1.0,-128.86652,-144.80579,180.84398,-58.538414,-15.887632,-5.631621,-1.6322098
1.0,-143.13756,-125.61582,182.74998,-55.659035,-15.48105,-5.921928,-1.7932507
1.0,-127.1745,-136.22182,182.49092,-61.849365,-19.207815,-6.7451186,-1.5744141
1.0,-148.39674,-147.76472,188.23936,-58.412586,-18.259893,-6.918997,-1.7970603
1.0,-139.72249,-141.68983,188.92406,-60.12967,-19.425285,-6.6243277,-1.1068066
1.0,-134.12714,-152.18465,183.20796,-60.888393,-17.854809,-6.1606617,-1.6794071
1.0,-117.2205,-156.10616,174.75262,-65.95207,-18.021793,-5.81657,-1.8417156
1.0,-112.72412,-164.38567,174.29143,-69.59476,-18.815649,-5.8605947,-2.1758919
1.0,-137.3747,-157.83487,186.06049,-70.572716,-20.108871,-6.465594,-2.015247
1.0,-110.991974,-176.72269,188.28778,-72.47612,-21.234583,-6.647967,-2.0056553
1.0,-105.74148,-175.44263,182.71068,-81.17874,-24.014475,-6.628651,-1.75249
1.0,-96.226685,-192.26578,190.45015,-82.996315,-26.368776,-7.5084124,-1.5815272
1.0,-112.75328,-193.16678,196.83794,-84.09701,-27.453121,-8.195503,-1.7198601
1.0,-114.800186,-188.94518,186.84248,-78.14435,-23.844803,-7.286971,-1.789291
1.0,-121.131195,-182.05136,187.51846,-81.31789,-25.383425,-7.5007195,-1.5781765
1.0,-113.319855,-185.11823,181.70787,-77.657875,-23.573074,-7.386805,-1.7301278
1.0,-116.5142,-179.88184,186.79146,-79.17,-23.783447,-7.3415165,-1.633456
1.0,-114.18081,-178.64308,187.20517,-77.50274,-23.48806,-7.180666,-1.8436238
1.0,-134.40674,-177.84268,184.678,-77.286224,-22.303238,-6.8750653,-2.1380026
1.0,-171.10796,-172.26685,199.1347,-68.47589,-21.24977,-7.3219557,-2.2443385
1.0,-162.8467,-177.1161,199.94707,-69.12554,-21.861988,-7.413479,-2.3350804
1.0,-164.41125,-164.83315,195.10796,-66.42055,-18.919996,-6.520444,-2.5086565
1.0,-161.81226,-169.6777,193.28954,-69.5016,-20.518274,-6.9265037,-1.8623636
1.0,-160.20169,-189.03162,196.28831,-71.72883,-22.793667,-8.174198,-2.3645084
1.0,-176.67447,-174.97345,201.57674,-70.589676,-22.205217,-7.482296,-2.0589752
1.0,-182.35623,-169.14195,199.27321,-67.954056,-20.480038,-7.200661,-2.4006574
1.0,-172.79633,-187.44308,196.12656,-63.82079,-20.82356,-7.7355037,-2.2416553
1.0,-186.17358,-181.90915,194.077,-63.481705,-21.689413,-8.011779,-2.027079
1.0,-218.35892,-171.97275,206.97057,-62.9021,-21.191994,-8.156187,-2.171703
1.0,-239.32623,-180.4235,217.82138,-52.931274,-15.854274,-7.467542,-2.8788745
1.0,-241.47885,-191.39719,223.60782,-54.161552,-16.533585,-7.5946994,-2.7337346
1.0,-243.05225,-186.66461,224.51596,-56.118793,-18.838993,-8.342307,-2.3789616
1.0,-235.43,-196.18916,227.52438,-59.07443,-20.039211,-8.466732,-2.5494478
1.0,-254.77507,-183.03104,228.27571,-56.924282,-17.20095,-7.6049414,-3.1460612
1.0,-218.51666,-190.89122,214.58978,-53.89053,-16.063654,-7.505763,-3.3321006
1.0,-193.84929,-179.15714,211.52681,-59.894596,-19.36103,-7.9500027,-2.8334038
1.0,-178.01906,-176.2776,212.10844,-63.431934,-20.192572,-7.8407845,-2.9904356
1.0,-156.47388,-173.91296,204.7344,-65.996185,-21.653013,-8.553833,-3.0440578
1.0,-165.02005,-177.40164,213.17918,-59.780487,-21.191523,-8.951818,-3.0177853
1.0,-161.32565,-175.43672,215.39601,-61.337627,-22.987701,-9.125521,-2.5930548
1.0,-166.37631,-171.68672,213.73854,-62.173466,-24.211708,-10.043903,-2.7787323
1.0,-158.22981,-162.62126,202.56094,-60.190983,-23.702936,-10.301327,-2.5710826
1.0,-143.61069,-170.10626,205.55627,-61.44497,-24.800543,-10.593017,-2.506243
1.0,-150.53368,-188.30989,204.71442,-57.39834,-22.996819,-10.187407,-2.6235497
1.0,-161.6694,-181.0338,214.11945,-58.164036,-23.787943,-10.191032,-2.434848
1.0,-140.49806,-176.9664,207.97665,-59.678177,-24.64221,-10.223321,-2.402035
1.0,-166.16003,-164.46648,216.39865,-58.149628,-24.475443,-10.215658,-2.1898456
1.0,-147.05173,-174.28677,215.10295,-55.423347,-25.569887,-10.834945,-1.9525783
1.0,-125.11392,-183.74483,210.27316,-52.771454,-23.781437,-10.414354,-1.9672023
1.0,-114.44446,-190.36368,209.46165,-53.422493,-24.632002,-10.534951,-1.8389086
1.0,-105.30729,-183.82222,206.73781,-53.391537,-24.188465,-10.278844,-1.8209721
1.0,-113.87554,-184.08727,204.93228,-51.005608,-24.739908,-11.01257,-1.7845609
1.0,-97.56057,-174.1145,199.5937,-50.868023,-23.923164,-11.141695,-2.2774909
1.0,-103.33071,-161.03624,193.78206,-48.771675,-21.843945,-10.568364,-2.4801486
1.0,-95.96424,-156.18204,182.89862,-52.13064,-24.56556,-10.889302,-1.8860111
1.0,-78.00172,-166.72598,179.79031,-56.97592,-27.528065,-11.402391,-1.5948627
1.0,-77.626465,-173.13742,185.02834,-56.90165,-27.168951,-11.502629,-1.6888961
1.0,-79.94779,-175.19022,182.7167,-51.980476,-26.521156,-12.0082855,-1.8321832
1.0,-68.401184,-181.2429,172.98624,-47.202633,-22.467999,-11.045389,-2.5528593
1.0,-49.641575,-175.23615,171.47351,-49.826706,-23.147228,-11.21248,-2.6086109
1.0,-51.35118,-178.51613,168.5949,-53.04987,-23.217743,-11.017665,-3.2061462
1.0,-60.56158,-197.63443,180.27454,-54.511482,-23.558653,-11.37975,-3.3323092
1.0,-69.16026,-194.2434,172.8569,-49.38009,-22.436903,-11.383786,-3.2847948
1.0,-56.122665,-197.32997,172.15274,-45.08815,-20.716705,-11.219765,-3.6782532
1.0,-18.769363,-211.87262,168.88446,-49.238144,-21.53546,-11.061197,-3.437168
1.0,-13.911512,-203.62903,163.6244,-53.322834,-21.700823,-10.891657,-3.6226943
1.0,-23.066498,-209.07199,171.98634,-55.340996,-21.537594,-10.583745,-3.7914977
1.0,-16.101406,-198.65797,164.39883,-50.090794,-21.360426,-10.797703,-3.7260451
1.0,-24.08365,-193.9358,163.3281,-54.53122,-22.863293,-10.453216,-3.228475
1.0,-31.934437,-196.70338,173.22937,-51.624737,-22.354218,-10.676653,-3.3682687
1.0,-50.731613,-192.9916,181.199,-51.28736,-20.988993,-10.42911,-3.4446752
1.0,-83.85386,-204.5117,192.77061,-46.89409,-17.659597,-9.992628,-3.7746747
1.0,-84.27626,-197.4851,181.27382,-43.873333,-16.396778,-9.390003,-3.7263048
1.0,-69.535355,-191.98276,177.06868,-50.48676,-19.186472,-9.749779,-3.458276
1.0,-76.05438,-192.54901,179.69044,-50.235054,-19.328974,-9.933054,-3.571553
1.0,-83.83579,-200.41438,189.33528,-47.947754,-21.177084,-10.85241,-3.3703215
1.0,-82.61631,-203.33298,189.81908,-46.35192,-21.089327,-10.94333,-3.191323
1.0,-79.47836,-197.9619,179.97952,-48.054634,-20.117561,-10.339906,-3.4587784
1.0,-91.29247,-194.94315,183.21901,-44.54874,-20.058886,-10.421465,-3.5374024
1.0,-81.523834,-199.20076,181.99721,-45.42161,-19.67518,-10.235225,-3.8447502
1.0,-90.2467,-190.9918,185.08624,-41.354866,-18.093367,-9.854742,-3.8540936
1.0,-92.28242,-181.39197,183.49632,-39.986916,-15.951883,-9.281488,-4.2609587
1.0,-89.01988,-169.99466,181.53262,-36.534748,-15.239243,-9.497048,-4.2805767
1.0,-97.74637,-151.79918,182.29099,-32.63212,-12.999639,-8.844101,-4.5300727
1.0,-102.64927,-161.68604,186.09317,-28.41416,-11.634434,-8.768916,-4.661032
1.0,-113.452415,-151.34474,191.59047,-24.4678,-11.44949,-8.971431,-4.387605
1.0,-97.8589,-160.32637,188.0266,-27.553535,-11.088898,-8.77608,-4.317182
1.0,-99.2686,-152.99168,184.68379,-24.921093,-10.593532,-8.545183,-4.3630843
1.0,-90.409935,-148.25494,181.12578,-25.130568,-10.423034,-8.577564,-4.2793393
1.0,-106.77827,-132.76006,183.4239,-20.535358,-9.441728,-9.038902,-4.766977
1.0,-123.2015,-142.1834,196.32971,-13.087479,-8.654624,-9.700506,-4.626013
1.0,-123.93692,-139.8167,195.523,-6.0397215,-2.5833793,-8.266329,-5.5728674
1.0,-140.96155,-137.61453,205.15884,-4.7915993,-1.8942215,-7.9556828,-5.4834185
1.0,-138.32048,-136.30568,205.07983,-12.760065,-2.0286705,-7.443331,-5.522545
1.0,-152.22525,-139.10272,210.8282,-11.408451,-2.791603,-8.134627,-5.1385155
1.0,-141.17589,-121.23858,206.43289,-9.381014,-3.234074,-8.403277,-4.990372
1.0,-158.1474,-108.17937,204.79546,-6.9862638,-1.1432743,-7.937313,-4.880784
1.0,-152.40547,-102.140755,201.77756,-10.291389,-3.0796223,-7.6638975,-4.4459143
1.0,-143.06752,-118.04281,209.4282,-15.684801,-5.9676685,-8.684648,-4.3589463
1.0,-133.6364,-115.06788,202.59251,-17.500507,-8.217161,-9.057934,-4.0070806
1.0,-138.37794,-100.96803,206.21094,-20.548023,-9.770879,-9.3642025,-3.863913
1.0,-151.15372,-80.50667,209.54129,-16.797565,-9.630133,-9.339798,-3.7313092
1.0,-138.67847,-65.510704,197.11621,-12.183174,-6.6027946,-8.451103,-4.259096
1.0,-139.14507,-58.123707,197.92538,-18.274565,-9.559782,-8.55565,-3.631424
1.0,-149.28876,-45.6514,196.65465,-14.86668,-8.118784,-8.223277,-3.5581856
1.0,-146.99309,-41.855396,196.82516,-20.393692,-9.102484,-7.7411637,-3.212549
1.0,-134.61896,-44.100018,196.40558,-20.758617,-7.7395544,-7.42482,-3.7256365
1.0,-144.2965,-37.698296,194.23721,-19.996153,-6.110143,-7.097945,-4.0125628
1.0,-150.7836,-36.025436,192.45251,-19.46021,-4.8882866,-6.33325,-3.9311016
1.0,-161.15521,-30.347755,198.493,-22.106499,-8.046007,-7.3807154,-3.6921232
1.0,-138.02805,-50.39434,194.08751,-29.719612,-11.105296,-7.9885626,-3.6336994
1.0,-151.99487,-42.254654,201.3582,-31.378523,-12.215577,-7.825952,-3.1701345
1.0,-142.81158,-39.568798,196.40941,-23.276829,-11.638696,-8.125875,-2.9534454
1.0,-139.7164,-24.62436,189.95406,-15.867296,-10.768479,-8.253616,-3.1426685
1.0,-118.44118,-43.582993,192.34451,-20.244286,-12.04344,-8.566151,-3.0335948
1.0,-112.28511,-41.47291,200.52693,-17.131489,-14.065901,-9.292659,-2.6475708
1.0,-87.42346,-35.27014,196.3365,-14.897457,-15.111057,-9.7458935,-2.0930433
1.0,-83.25916,-29.416706,194.20409,-10.196646,-11.975775,-8.848558,-2.4375587
1.0,-75.79424,-49.427597,189.50975,-12.684637,-14.046773,-9.450477,-2.3197255
1.0,-85.440926,-47.466496,201.99184,-13.165269,-15.105528,-9.741569,-2.086257
1.0,-72.09478,-54.0969,194.02779,-14.188845,-15.3118105,-10.06305,-2.3245962
1.0,-83.63646,-54.94078,202.46469,-11.618528,-16.575783,-10.438915,-1.9706397
1.0,-96.65331,-43.042023,202.34673,-9.408163,-16.412163,-10.499743,-1.7556467
1.0,-87.552185,-53.600464,203.04118,-8.206836,-14.407825,-9.953412,-1.9504772
1.0,-86.21208,-46.509888,207.73889,-6.9990797,-15.961321,-10.072563,-1.2381327
1.0,-79.71184,-47.259686,204.78342,-2.082563,-14.2877,-10.242532,-1.4434967
1.0,-59.292435,-43.12809,195.84515,-4.387645,-15.47026,-10.369533,-1.3768728
1.0,-78.03595,-38.55636,201.09306,-6.0734434,-15.408319,-9.908459,-1.1510652
1.0,-74.15444,-50.678932,199.11069,-10.883832,-16.155552,-9.920506,-1.60856
1.0,-81.72854,-36.933235,194.43681,-8.104118,-14.138079,-9.36294,-1.629011
1.0,-100.91703,-30.56044,202.9586,-14.187222,-15.901736,-9.4171915,-1.3218107
1.0,-90.95071,-13.3022175,194.26166,-11.751347,-14.099179,-8.973984,-1.3624603
1.0,-88.24127,-18.392277,189.03691,-11.784283,-14.195261,-8.744077,-1.2451512
1.0,-92.18592,-21.160158,202.96275,-8.826473,-13.447528,-8.692357,-1.3386481
1.0,-111.64568,-23.755228,207.0291,-0.6126747,-11.334344,-8.779947,-1.6206329
1.0,-127.34791,-27.282955,211.5603,0.54657793,-10.110399,-8.278463,-1.4751475
1.0,-115.79066,-38.131588,221.36905,-4.0204186,-13.378144,-9.361051,-1.2890112
1.0,-134.59975,-29.375317,215.78792,-4.471982,-12.685184,-9.246658,-1.2793658
1.0,-143.86179,-17.916426,220.36118,4.793499,-10.626765,-9.376666,-1.3257688
1.0,-132.24406,-52.231445,226.30878,5.023606,-13.0051985,-10.157277,-0.8539561
1.0,-135.83414,-63.501762,241.05804,2.6403227,-14.690749,-10.913444,-1.1784902
1.0,-120.960495,-66.906555,243.60963,4.5976934,-14.644777,-11.280102,-1.496033
1.0,-103.49026,-71.43795,244.17346,4.8900623,-13.842676,-11.223278,-1.6285754
1.0,-92.55641,-63.473995,245.34962,5.499539,-14.64628,-11.461021,-1.6164275
1.0,-103.37368,-45.343025,254.54376,4.1792574,-14.813443,-11.533541,-1.8189889
1.0,-109.34164,-38.588375,249.19368,0.1388917,-15.405724,-11.348466,-1.9808689
1.0,-124.09393,-35.398216,261.61063,-2.3565204,-15.387447,-10.969124,-1.8393358
1.0,-124.62639,-34.187313,265.88318,-0.42084014,-16.137926,-11.452062,-1.777718
1.0,-123.45604,-7.4540806,257.6427,-2.1521626,-16.038754,-10.748198,-1.3540053
1.0,-141.2853,-2.0128222,262.1452,-4.208233,-16.539198,-10.943967,-1.6094794
1.0,-131.04137,-10.021888,261.77017,-3.2481835,-16.18929,-11.071703,-1.997413
1.0,-139.40666,-5.3253665,264.37335,-2.0317981,-15.121762,-10.706178,-2.0429587
1.0,-103.82447,-24.913628,252.35953,-2.1344275,-15.48345,-11.019284,-2.1455505
1.0,-105.25809,-26.180979,247.59544,2.5470939,-15.036967,-11.443446,-2.3992875
1.0,-130.21281,-26.946596,249.61392,-1.8246489,-14.9760065,-11.011513,-2.3892076
1.0,-117.65967,-22.796432,246.73343,-1.5136375,-15.739507,-11.4059515,-1.8809369
1.0,-152.15663,-17.793665,252.82274,-1.4010634,-16.792751,-11.597277,-1.6908842
1.0,-204.24425,-14.92762,272.42795,4.8764358,-15.508526,-11.759378,-1.9208542
1.0,-233.33379,-11.98559,279.0126,9.11514,-13.115562,-11.165967,-2.1562896
1.0,-229.422,-19.380547,282.25555,10.288306,-13.060117,-11.334616,-2.0109704
1.0,-241.76082,-17.233046,287.8151,10.947376,-14.223768,-11.916966,-2.3657637
1.0,-242.436,-0.18484688,277.14926,18.749237,-10.657875,-11.131241,-2.7179298
1.0,-236.97975,-1.4184227,273.28256,28.744991,-5.8948116,-10.441533,-3.0916631
1.0,-228.1595,-11.227479,262.81567,26.105606,-7.18843,-10.699144,-2.8647392
1.0,-242.49582,-6.2444844,273.87082,29.87981,-6.610892,-11.094833,-3.2970207
1.0,-245.25438,0.8436413,273.284,27.299337,-7.246325,-10.994392,-3.3201923
1.0,-275.49335,-6.051571,283.24658,19.582306,-9.379464,-11.03142,-3.0663245
1.0,-269.4994,-0.28315544,277.28534,21.701786,-9.092155,-11.144587,-2.919605
1.0,-269.8154,-13.218813,284.37708,21.95591,-9.64853,-11.667899,-3.0893342
1.0,-253.1124,-10.731434,285.43256,20.537985,-10.73207,-11.918188,-3.1087754
1.0,-267.57233,-15.385582,289.84436,23.3148,-7.7904177,-11.2547,-3.284745
1.0,-267.06595,-7.442047,278.5815,25.418722,-6.229723,-10.793413,-3.3858879
1.0,-257.28802,-13.978723,279.29163,25.376766,-6.161761,-10.62063,-3.5280938
1.0,-244.05078,-35.213787,284.76056,20.769411,-9.91665,-12.274734,-3.5094705
1.0,-243.62025,-39.48559,286.72977,19.78194,-9.025185,-11.760189,-3.6675918
1.0,-240.402,-41.15193,285.80933,25.014095,-7.843518,-11.082501,-3.014517
1.0,-253.21175,-30.767525,285.2037,28.0169,-6.416955,-10.736165,-2.9291334
1.0,-254.7678,-32.19646,279.9965,33.743923,-3.8801317,-10.666361,-3.400786
1.0,-257.32205,-36.369263,276.5286,38.819157,-3.3746324,-11.14743,-3.7568653
1.0,-250.4288,-36.874287,283.53668,38.056538,-4.8129206,-11.451314,-3.4247162
1.0,-264.43314,-28.530556,288.27948,35.497852,-5.867995,-11.45992,-3.2100213
