1.0,1.756344087376799,3.3442481810935387,-2.399746525350639,1.2608897516674178,-5.310055607521524,-1.7295698303282543,0.29680882161872657
0.0,1.756344087376799,3.3442481810935387,-2.399746525350639,1.2608897516674178,-5.310055607521524,-1.7295698303282543,0.29680882161872657
1.0,1.7724233801415101,3.311540052372405,-2.4166282197492905,1.2842513359715215,-5.33864387718464,-1.6804188029777176,0.27129740810810776
1.0,1.8229433920400575,3.309832586120356,-2.4000939436925766,1.2884694256731852,-5.341370466539549,-1.6724237727833142,0.24590071110779818
0.0,1.8229433920400575,3.309832586120356,-2.4000939436925766,1.2884694256731852,-5.341370466539549,-1.6724237727833142,0.24590071110779818
1.0,1.896374455075168,3.291914308255262,-2.264398923855468,1.1468792153060325,-5.250806753363881,-1.4663279543351277,0.6383371731931672
0.0,1.896374455075168,3.291914308255262,-2.264398923855468,1.1468792153060325,-5.250806753363881,-1.4663279543351277,0.6383371731931672
0.0,1.896374455075168,3.291914308255262,-2.264398923855468,1.1468792153060325,-5.250806753363881,-1.4663279543351277,0.6383371731931672
1.0,1.9155917368169624,3.304477969727993,-2.237579861166096,1.112691746046951,-5.258278480260475,-1.4433818473776454,0.3957694856315451
1.0,1.9455063757276123,3.309337118640171,-2.2763997308006245,1.1455064946598765,-5.210402925224102,-1.414493678482289,0.5058073496551019
0.0,1.9455063757276123,3.309337118640171,-2.2763997308006245,1.1455064946598765,-5.210402925224102,-1.414493678482289,0.5058073496551019
0.0,1.9455063757276123,3.309337118640171,-2.2763997308006245,1.1455064946598765,-5.210402925224102,-1.414493678482289,0.5058073496551019
1.0,2.0230665809512884,3.303141769496488,-2.186923160618546,1.0399834710332416,-5.478136395239666,-1.5528734167314213,0.17177870955637087
1.0,2.070908619742301,3.3022917904839715,-2.189812969272761,1.0467848886771116,-5.460432255684701,-1.5257098699375027,0.4203382481917386
1.0,2.1463070345194804,3.285580275966256,-2.15924897448148,1.0140525629417587,-5.446794080486732,-1.4479185289435241,0.004479555691761672
1.0,2.196199718061162,3.302761002703068,-2.1462272655573518,0.9996861220194067,-5.554262734238943,-1.5098187705043034,-0.13201773304572867
1.0,2.245461639381031,3.30858889270298,-2.2071129682056365,1.0734715127703638,-5.648322822597718,-1.4294915282129823,-0.9034219262955019
1.0,2.293082942638364,3.3183951452947182,-2.158721235173194,1.014125185600098,-5.700721571414213,-1.5043447433720476,-1.1014414035696838
1.0,2.3946542637873547,3.3066803425643414,-2.2218200645146315,1.0799499059851196,-5.679607720207082,-1.4805998899939112,-1.0275217214176566
0.0,2.3946542637873547,3.3066803425643414,-2.2218200645146315,1.0799499059851196,-5.679607720207082,-1.4805998899939112,-1.0275217214176566
1.0,2.4570202597491693,3.3032143325123324,-2.202868380295955,1.076078938189371,-5.461223011387399,-1.3094653567573324,-0.675754181644499
1.0,2.496504207856454,3.310425407906666,-2.2120271177028927,1.0841257546009309,-5.203882333477513,-1.2182827756824106,-1.2630173845602437
0.0,2.496504207856454,3.310425407906666,-2.2120271177028927,1.0841257546009309,-5.203882333477513,-1.2182827756824106,-1.2630173845602437
1.0,2.631156215335532,3.3072136103166803,-2.2826644605887516,1.182335354485965,-5.210225143980498,-1.2736937326511313,-1.4646702038292632
1.0,2.7619442025584617,3.2984382069870053,-2.2795996175348567,1.175319085178883,-5.1482245133387154,-1.3248456983168717,-1.5153984870006598
1.0,2.826240982075213,3.300511970087276,-2.191189559514126,1.0646964403885795,-5.43815157319525,-1.3208066170243555,-2.002316505238973
0.0,2.826240982075213,3.300511970087276,-2.191189559514126,1.0646964403885795,-5.43815157319525,-1.3208066170243555,-2.002316505238973
1.0,2.887417854095555,3.273664101416295,-2.2655269830744684,1.1368241971495547,-5.37090978307869,-1.3273493502859521,-2.547925617474049
0.0,2.887417854095555,3.273664101416295,-2.2655269830744684,1.1368241971495547,-5.37090978307869,-1.3273493502859521,-2.547925617474049
0.0,2.887417854095555,3.273664101416295,-2.2655269830744684,1.1368241971495547,-5.37090978307869,-1.3273493502859521,-2.547925617474049
1.0,2.9572325443470264,3.271210255261185,-2.24789341953027,1.1401605119445974,-5.15992775480421,-1.2132778169966518,-2.328694155638785
1.0,3.0265336704334964,3.2715268672901407,-2.1894077290849707,1.0551051564808591,-5.27238811224018,-1.2790383110168095,-2.0948309424450655
0.0,3.0265336704334964,3.2715268672901407,-2.1894077290849707,1.0551051564808591,-5.27238811224018,-1.2790383110168095,-2.0948309424450655
0.0,3.0265336704334964,3.2715268672901407,-2.1894077290849707,1.0551051564808591,-5.27238811224018,-1.2790383110168095,-2.0948309424450655
0.0,3.0265336704334964,3.2715268672901407,-2.1894077290849707,1.0551051564808591,-5.27238811224018,-1.2790383110168095,-2.0948309424450655
0.0,3.0265336704334964,3.2715268672901407,-2.1894077290849707,1.0551051564808591,-5.27238811224018,-1.2790383110168095,-2.0948309424450655
1.0,3.1968797169013907,3.2996403577076134,-2.2329801446234883,1.0926616555324007,-5.244923750132789,-1.272481668652121,-2.3631599433364348
1.0,3.264761541928425,3.291069376010534,-2.2214088886214642,1.073123998113728,-5.2803279562556344,-1.2655234773325525,-2.125755296793527
0.0,3.264761541928425,3.291069376010534,-2.2214088886214642,1.073123998113728,-5.2803279562556344,-1.2655234773325525,-2.125755296793527
0.0,3.264761541928425,3.291069376010534,-2.2214088886214642,1.073123998113728,-5.2803279562556344,-1.2655234773325525,-2.125755296793527
0.0,3.264761541928425,3.291069376010534,-2.2214088886214642,1.073123998113728,-5.2803279562556344,-1.2655234773325525,-2.125755296793527
0.0,3.264761541928425,3.291069376010534,-2.2214088886214642,1.073123998113728,-5.2803279562556344,-1.2655234773325525,-2.125755296793527
0.0,3.264761541928425,3.291069376010534,-2.2214088886214642,1.073123998113728,-5.2803279562556344,-1.2655234773325525,-2.125755296793527
0.0,3.264761541928425,3.291069376010534,-2.2214088886214642,1.073123998113728,-5.2803279562556344,-1.2655234773325525,-2.125755296793527
1.0,3.3051184753697083,3.273333466869148,-2.244354692898631,1.0578424756377334,-5.170043449120052,-1.1994215282499014,-2.477262254039227
0.0,3.3051184753697083,3.273333466869148,-2.244354692898631,1.0578424756377334,-5.170043449120052,-1.1994215282499014,-2.477262254039227
0.0,3.3051184753697083,3.273333466869148,-2.244354692898631,1.0578424756377334,-5.170043449120052,-1.1994215282499014,-2.477262254039227
1.0,3.295414789279505,3.271732981886845,-2.2788647158839956,1.0870957729093282,-5.124802126540806,-1.2262019242306297,-2.618954218826797
0.0,3.295414789279505,3.271732981886845,-2.2788647158839956,1.0870957729093282,-5.124802126540806,-1.2262019242306297,-2.618954218826797
1.0,3.2749203039894836,3.2536336547523055,-2.2935042227085303,1.0922985255491056,-5.123557370352834,-1.1793170718313364,-2.8771529428101275
0.0,3.2749203039894836,3.2536336547523055,-2.2935042227085303,1.0922985255491056,-5.123557370352834,-1.1793170718313364,-2.8771529428101275
0.0,3.2749203039894836,3.2536336547523055,-2.2935042227085303,1.0922985255491056,-5.123557370352834,-1.1793170718313364,-2.8771529428101275
0.0,3.2749203039894836,3.2536336547523055,-2.2935042227085303,1.0922985255491056,-5.123557370352834,-1.1793170718313364,-2.8771529428101275
0.0,3.2749203039894836,3.2536336547523055,-2.2935042227085303,1.0922985255491056,-5.123557370352834,-1.1793170718313364,-2.8771529428101275
0.0,3.2749203039894836,3.2536336547523055,-2.2935042227085303,1.0922985255491056,-5.123557370352834,-1.1793170718313364,-2.8771529428101275
0.0,3.2749203039894836,3.2536336547523055,-2.2935042227085303,1.0922985255491056,-5.123557370352834,-1.1793170718313364,-2.8771529428101275
0.0,3.2749203039894836,3.2536336547523055,-2.2935042227085303,1.0922985255491056,-5.123557370352834,-1.1793170718313364,-2.8771529428101275
1.0,3.278898359203491,3.252746787229763,-2.2998552725442467,1.1103328025237948,-5.218057180889969,-1.0907423130385032,-3.0038503891647075
0.0,3.278898359203491,3.252746787229763,-2.2998552725442467,1.1103328025237948,-5.218057180889969,-1.0907423130385032,-3.0038503891647075
0.0,3.278898359203491,3.252746787229763,-2.2998552725442467,1.1103328025237948,-5.218057180889969,-1.0907423130385032,-3.0038503891647075
0.0,3.278898359203491,3.252746787229763,-2.2998552725442467,1.1103328025237948,-5.218057180889969,-1.0907423130385032,-3.0038503891647075
0.0,3.278898359203491,3.252746787229763,-2.2998552725442467,1.1103328025237948,-5.218057180889969,-1.0907423130385032,-3.0038503891647075
0.0,3.278898359203491,3.252746787229763,-2.2998552725442467,1.1103328025237948,-5.218057180889969,-1.0907423130385032,-3.0038503891647075
1.0,3.3291056231238576,3.2367436038725916,-2.2934429899254876,1.094555431387576,-5.38429252377071,-1.2262686677368329,-3.1137776087292437
0.0,3.3291056231238576,3.2367436038725916,-2.2934429899254876,1.094555431387576,-5.38429252377071,-1.2262686677368329,-3.1137776087292437
1.0,3.242557429407789,3.2282934904004295,-2.3439863030800643,1.1698193200934102,-5.232840628610726,-1.1584642702489354,-3.4939730965266977
1.0,3.2505839909675838,3.224619020189479,-2.3821818184305052,1.2191275185234713,-5.285544585521636,-1.0889322239436017,-3.197379816157064
0.0,3.2505839909675838,3.224619020189479,-2.3821818184305052,1.2191275185234713,-5.285544585521636,-1.0889322239436017,-3.197379816157064
0.0,3.2505839909675838,3.224619020189479,-2.3821818184305052,1.2191275185234713,-5.285544585521636,-1.0889322239436017,-3.197379816157064
0.0,3.2505839909675838,3.224619020189479,-2.3821818184305052,1.2191275185234713,-5.285544585521636,-1.0889322239436017,-3.197379816157064
0.0,3.2505839909675838,3.224619020189479,-2.3821818184305052,1.2191275185234713,-5.285544585521636,-1.0889322239436017,-3.197379816157064
1.0,3.2874672592408922,3.2052397772808314,-2.370764715149601,1.2106885890952934,-5.002975288328211,-1.0994507941139258,-3.7468925939893523
0.0,3.2874672592408922,3.2052397772808314,-2.370764715149601,1.2106885890952934,-5.002975288328211,-1.0994507941139258,-3.7468925939893523
0.0,3.2874672592408922,3.2052397772808314,-2.370764715149601,1.2106885890952934,-5.002975288328211,-1.0994507941139258,-3.7468925939893523
0.0,3.2874672592408922,3.2052397772808314,-2.370764715149601,1.2106885890952934,-5.002975288328211,-1.0994507941139258,-3.7468925939893523
0.0,3.2874672592408922,3.2052397772808314,-2.370764715149601,1.2106885890952934,-5.002975288328211,-1.0994507941139258,-3.7468925939893523
0.0,3.2874672592408922,3.2052397772808314,-2.370764715149601,1.2106885890952934,-5.002975288328211,-1.0994507941139258,-3.7468925939893523
0.0,3.2874672592408922,3.2052397772808314,-2.370764715149601,1.2106885890952934,-5.002975288328211,-1.0994507941139258,-3.7468925939893523
1.0,3.327809268738209,3.195704227741271,-2.4452131971491053,1.2840314363804683,-5.222428341168765,-1.12944434022263,-3.894705824217376
0.0,3.327809268738209,3.195704227741271,-2.4452131971491053,1.2840314363804683,-5.222428341168765,-1.12944434022263,-3.894705824217376
0.0,3.327809268738209,3.195704227741271,-2.4452131971491053,1.2840314363804683,-5.222428341168765,-1.12944434022263,-3.894705824217376
1.0,3.292002319686552,3.2043276369302345,-2.3876025626690454,1.2202924610918313,-5.478064981105889,-1.1988464194103197,-4.168588101250161
1.0,3.264481346293591,3.1911002436297764,-2.5574245649446095,1.3733350131805704,-5.667088167831699,-1.309796858612809,-4.257124355165967
0.0,3.264481346293591,3.1911002436297764,-2.5574245649446095,1.3733350131805704,-5.667088167831699,-1.309796858612809,-4.257124355165967
0.0,3.264481346293591,3.1911002436297764,-2.5574245649446095,1.3733350131805704,-5.667088167831699,-1.309796858612809,-4.257124355165967
0.0,3.264481346293591,3.1911002436297764,-2.5574245649446095,1.3733350131805704,-5.667088167831699,-1.309796858612809,-4.257124355165967
1.0,3.33731774954599,3.170749375860873,-2.5657185599318457,1.379889080394217,-5.767811759275361,-1.3696546662668527,-4.6548269378510305
1.0,3.32160800725127,3.162088075592603,-2.53736663352574,1.3514713574632704,-5.904739475962981,-1.453462344376552,-4.831053159061712
0.0,3.32160800725127,3.162088075592603,-2.53736663352574,1.3514713574632704,-5.904739475962981,-1.453462344376552,-4.831053159061712
0.0,3.32160800725127,3.162088075592603,-2.53736663352574,1.3514713574632704,-5.904739475962981,-1.453462344376552,-4.831053159061712
0.0,3.32160800725127,3.162088075592603,-2.53736663352574,1.3514713574632704,-5.904739475962981,-1.453462344376552,-4.831053159061712
1.0,3.2982743429307284,3.166022232598599,-2.541095271106274,1.3374453000833402,-6.043301219055154,-1.4013032778820909,-4.909452296289557
0.0,3.2982743429307284,3.166022232598599,-2.541095271106274,1.3374453000833402,-6.043301219055154,-1.4013032778820909,-4.909452296289557
0.0,3.2982743429307284,3.166022232598599,-2.541095271106274,1.3374453000833402,-6.043301219055154,-1.4013032778820909,-4.909452296289557
1.0,3.2879802916201877,3.1625112350400344,-2.5012241158034145,1.3053050849295607,-6.11067392712796,-1.5286337523061981,-4.141476052010088
0.0,3.2879802916201877,3.1625112350400344,-2.5012241158034145,1.3053050849295607,-6.11067392712796,-1.5286337523061981,-4.141476052010088
1.0,3.330178990578268,3.1551811260017817,-2.5250021171741466,1.305092945366175,-5.979684715114865,-1.5436082152740311,-3.4637436958947037
1.0,3.333785765223437,3.1436326139770117,-2.4962121632744707,1.2949773680551717,-5.988600394142498,-1.5938604000760717,-3.709313233278216
0.0,3.333785765223437,3.1436326139770117,-2.4962121632744707,1.2949773680551717,-5.988600394142498,-1.5938604000760717,-3.709313233278216
1.0,3.2736835687497563,3.1479425262304965,-2.500656049818714,1.3137816372402444,-6.129070535422478,-1.6572604716831314,-4.155826697855612
0.0,3.2736835687497563,3.1479425262304965,-2.500656049818714,1.3137816372402444,-6.129070535422478,-1.6572604716831314,-4.155826697855612
0.0,3.2736835687497563,3.1479425262304965,-2.500656049818714,1.3137816372402444,-6.129070535422478,-1.6572604716831314,-4.155826697855612
1.0,3.3080481423533175,3.1371663698756427,-2.3909310057902413,1.1817402572557474,-6.068774371983715,-1.6436277381638125,-4.027358450252233
0.0,3.3080481423533175,3.1371663698756427,-2.3909310057902413,1.1817402572557474,-6.068774371983715,-1.6436277381638125,-4.027358450252233
0.0,3.3080481423533175,3.1371663698756427,-2.3909310057902413,1.1817402572557474,-6.068774371983715,-1.6436277381638125,-4.027358450252233
0.0,3.3080481423533175,3.1371663698756427,-2.3909310057902413,1.1817402572557474,-6.068774371983715,-1.6436277381638125,-4.027358450252233
0.0,3.3080481423533175,3.1371663698756427,-2.3909310057902413,1.1817402572557474,-6.068774371983715,-1.6436277381638125,-4.027358450252233
0.0,3.3080481423533175,3.1371663698756427,-2.3909310057902413,1.1817402572557474,-6.068774371983715,-1.6436277381638125,-4.027358450252233
0.0,3.3080481423533175,3.1371663698756427,-2.3909310057902413,1.1817402572557474,-6.068774371983715,-1.6436277381638125,-4.027358450252233
0.0,3.3080481423533175,3.1371663698756427,-2.3909310057902413,1.1817402572557474,-6.068774371983715,-1.6436277381638125,-4.027358450252233
1.0,3.339223077243672,3.120324915504953,-2.3611423823284343,1.1367558395914625,-6.000743920276425,-1.6318147302233785,-3.780323991829192
1.0,3.326387657971666,3.122611238010352,-2.3730071526429675,1.1396817105322463,-5.946656969890474,-1.6485046994930235,-4.4118567508610225
0.0,3.326387657971666,3.122611238010352,-2.3730071526429675,1.1396817105322463,-5.946656969890474,-1.6485046994930235,-4.4118567508610225
1.0,3.2386832502607628,3.1070950765760754,-2.401745831588441,1.184311124302586,-5.901010529075335,-1.6448309443936118,-4.249272657110099
0.0,3.2386832502607628,3.1070950765760754,-2.401745831588441,1.184311124302586,-5.901010529075335,-1.6448309443936118,-4.249272657110099
0.0,3.2386832502607628,3.1070950765760754,-2.401745831588441,1.184311124302586,-5.901010529075335,-1.6448309443936118,-4.249272657110099
1.0,3.349135980033752,3.10755451183127,-2.4807683634615714,1.2370880388815637,-5.947945609710704,-1.5358275560247332,-3.8057280463557444
0.0,3.349135980033752,3.10755451183127,-2.4807683634615714,1.2370880388815637,-5.947945609710704,-1.5358275560247332,-3.8057280463557444
1.0,3.270776865795474,3.123170795783414,-2.5052047175575956,1.2724292871783114,-5.944812825960186,-1.522830355858006,-4.065647712698566
0.0,3.270776865795474,3.123170795783414,-2.5052047175575956,1.2724292871783114,-5.944812825960186,-1.522830355858006,-4.065647712698566
0.0,3.270776865795474,3.123170795783414,-2.5052047175575956,1.2724292871783114,-5.944812825960186,-1.522830355858006,-4.065647712698566
1.0,3.2827056444264056,3.106883788164533,-2.594075605338779,1.3904963802494426,-6.127336656661126,-1.6525913783382575,-3.799897083429195
0.0,3.2827056444264056,3.106883788164533,-2.594075605338779,1.3904963802494426,-6.127336656661126,-1.6525913783382575,-3.799897083429195
0.0,3.2827056444264056,3.106883788164533,-2.594075605338779,1.3904963802494426,-6.127336656661126,-1.6525913783382575,-3.799897083429195
0.0,3.2827056444264056,3.106883788164533,-2.594075605338779,1.3904963802494426,-6.127336656661126,-1.6525913783382575,-3.799897083429195
0.0,3.2827056444264056,3.106883788164533,-2.594075605338779,1.3904963802494426,-6.127336656661126,-1.6525913783382575,-3.799897083429195
0.0,3.2827056444264056,3.106883788164533,-2.594075605338779,1.3904963802494426,-6.127336656661126,-1.6525913783382575,-3.799897083429195
1.0,3.309459454998611,3.0868736662367082,-2.4906583427711984,1.2757315596416183,-6.086588685314209,-1.580904186992098,-3.2368014067917414
0.0,3.309459454998611,3.0868736662367082,-2.4906583427711984,1.2757315596416183,-6.086588685314209,-1.580904186992098,-3.2368014067917414
0.0,3.309459454998611,3.0868736662367082,-2.4906583427711984,1.2757315596416183,-6.086588685314209,-1.580904186992098,-3.2368014067917414
0.0,3.309459454998611,3.0868736662367082,-2.4906583427711984,1.2757315596416183,-6.086588685314209,-1.580904186992098,-3.2368014067917414
0.0,3.309459454998611,3.0868736662367082,-2.4906583427711984,1.2757315596416183,-6.086588685314209,-1.580904186992098,-3.2368014067917414
0.0,3.309459454998611,3.0868736662367082,-2.4906583427711984,1.2757315596416183,-6.086588685314209,-1.580904186992098,-3.2368014067917414
1.0,3.3033773416884835,3.085981923575368,-2.432942396845062,1.2117044885554895,-5.9250551319059035,-1.546228157530388,-2.715352941113398
1.0,3.3211234382633057,3.0710171060662392,-2.507636890785131,1.2913345499341176,-5.797914571470736,-1.4386484353328501,-3.260677725430355
0.0,3.3211234382633057,3.0710171060662392,-2.507636890785131,1.2913345499341176,-5.797914571470736,-1.4386484353328501,-3.260677725430355
0.0,3.3211234382633057,3.0710171060662392,-2.507636890785131,1.2913345499341176,-5.797914571470736,-1.4386484353328501,-3.260677725430355
0.0,3.3211234382633057,3.0710171060662392,-2.507636890785131,1.2913345499341176,-5.797914571470736,-1.4386484353328501,-3.260677725430355
0.0,3.3211234382633057,3.0710171060662392,-2.507636890785131,1.2913345499341176,-5.797914571470736,-1.4386484353328501,-3.260677725430355
0.0,3.3211234382633057,3.0710171060662392,-2.507636890785131,1.2913345499341176,-5.797914571470736,-1.4386484353328501,-3.260677725430355
1.0,3.2595861521951073,3.0626413688556102,-2.5138843918210436,1.277726039342683,-5.8158398030591485,-1.4875768112616832,-3.7832607945274765
0.0,3.2595861521951073,3.0626413688556102,-2.5138843918210436,1.277726039342683,-5.8158398030591485,-1.4875768112616832,-3.7832607945274765
1.0,3.2429112162970344,3.050975523886895,-2.5998758193677736,1.354434450710939,-5.7134433921606105,-1.4436124544187012,-4.228553493024431
0.0,3.2429112162970344,3.050975523886895,-2.5998758193677736,1.354434450710939,-5.7134433921606105,-1.4436124544187012,-4.228553493024431
0.0,3.2429112162970344,3.050975523886895,-2.5998758193677736,1.354434450710939,-5.7134433921606105,-1.4436124544187012,-4.228553493024431
0.0,3.2429112162970344,3.050975523886895,-2.5998758193677736,1.354434450710939,-5.7134433921606105,-1.4436124544187012,-4.228553493024431
0.0,3.2429112162970344,3.050975523886895,-2.5998758193677736,1.354434450710939,-5.7134433921606105,-1.4436124544187012,-4.228553493024431
1.0,3.307261699991769,3.0440980030411824,-2.5803572046586187,1.3402752359594592,-5.759854792003976,-1.4826516939523242,-4.3834434439553815
1.0,3.2539052201113914,3.051883519544332,-2.581780014953677,1.3363357160084843,-6.057352045288359,-1.7170028488793658,-4.218956238077261
0.0,3.2539052201113914,3.051883519544332,-2.581780014953677,1.3363357160084843,-6.057352045288359,-1.7170028488793658,-4.218956238077261
0.0,3.2539052201113914,3.051883519544332,-2.581780014953677,1.3363357160084843,-6.057352045288359,-1.7170028488793658,-4.218956238077261
0.0,3.2539052201113914,3.051883519544332,-2.581780014953677,1.3363357160084843,-6.057352045288359,-1.7170028488793658,-4.218956238077261
1.0,3.258153454940192,3.048872591571495,-2.5183285075275363,1.2569252348238906,-6.041855970054469,-1.7456145078354688,-4.095710431268564
0.0,3.258153454940192,3.048872591571495,-2.5183285075275363,1.2569252348238906,-6.041855970054469,-1.7456145078354688,-4.095710431268564
0.0,3.258153454940192,3.048872591571495,-2.5183285075275363,1.2569252348238906,-6.041855970054469,-1.7456145078354688,-4.095710431268564
0.0,3.258153454940192,3.048872591571495,-2.5183285075275363,1.2569252348238906,-6.041855970054469,-1.7456145078354688,-4.095710431268564
1.0,3.3091078217980607,3.0501444098254202,-2.491556786121994,1.2094038054132936,-5.967506982333581,-1.7850240260415855,-4.9790104440702265
0.0,3.3091078217980607,3.0501444098254202,-2.491556786121994,1.2094038054132936,-5.967506982333581,-1.7850240260415855,-4.9790104440702265
0.0,3.3091078217980607,3.0501444098254202,-2.491556786121994,1.2094038054132936,-5.967506982333581,-1.7850240260415855,-4.9790104440702265
0.0,3.3091078217980607,3.0501444098254202,-2.491556786121994,1.2094038054132936,-5.967506982333581,-1.7850240260415855,-4.9790104440702265
0.0,3.3091078217980607,3.0501444098254202,-2.491556786121994,1.2094038054132936,-5.967506982333581,-1.7850240260415855,-4.9790104440702265
1.0,3.299430845755747,3.0560051822822247,-2.4786685296607285,1.1918058699113787,-5.979922415855093,-1.7890439266641625,-5.0917988512141745
0.0,3.299430845755747,3.0560051822822247,-2.4786685296607285,1.1918058699113787,-5.979922415855093,-1.7890439266641625,-5.0917988512141745
0.0,3.299430845755747,3.0560051822822247,-2.4786685296607285,1.1918058699113787,-5.979922415855093,-1.7890439266641625,-5.0917988512141745
0.0,3.299430845755747,3.0560051822822247,-2.4786685296607285,1.1918058699113787,-5.979922415855093,-1.7890439266641625,-5.0917988512141745
0.0,3.299430845755747,3.0560051822822247,-2.4786685296607285,1.1918058699113787,-5.979922415855093,-1.7890439266641625,-5.0917988512141745
0.0,3.299430845755747,3.0560051822822247,-2.4786685296607285,1.1918058699113787,-5.979922415855093,-1.7890439266641625,-5.0917988512141745
0.0,3.299430845755747,3.0560051822822247,-2.4786685296607285,1.1918058699113787,-5.979922415855093,-1.7890439266641625,-5.0917988512141745
1.0,3.3115269323535945,3.04168038271755,-2.436668082400423,1.1540334748106054,-5.859507101536514,-1.7001278118877354,-5.544876586656488
1.0,3.350910600793062,3.0222139208240324,-2.422068957843547,1.1164808267494022,-5.637290714078309,-1.7943078712357048,-5.1658655110652045
0.0,3.350910600793062,3.0222139208240324,-2.422068957843547,1.1164808267494022,-5.637290714078309,-1.7943078712357048,-5.1658655110652045
1.0,3.2765700350837976,3.036318190837746,-2.4204106069130837,1.1174350655838894,-5.86912238006883,-1.8452589158509196,-5.225620164112971
0.0,3.2765700350837976,3.036318190837746,-2.4204106069130837,1.1174350655838894,-5.86912238006883,-1.8452589158509196,-5.225620164112971
0.0,3.2765700350837976,3.036318190837746,-2.4204106069130837,1.1174350655838894,-5.86912238006883,-1.8452589158509196,-5.225620164112971
0.0,3.2765700350837976,3.036318190837746,-2.4204106069130837,1.1174350655838894,-5.86912238006883,-1.8452589158509196,-5.225620164112971
0.0,3.2765700350837976,3.036318190837746,-2.4204106069130837,1.1174350655838894,-5.86912238006883,-1.8452589158509196,-5.225620164112971
1.0,3.2460072736938756,3.032014425888732,-2.4789062884838784,1.1703766605331887,-5.961140690609392,-1.930072798884484,-5.390297361361886
1.0,3.328972235341848,3.027905143202108,-2.5633529405935533,1.2548480451181463,-5.99313852537718,-1.9501902575259547,-5.986131508860785
0.0,3.328972235341848,3.027905143202108,-2.5633529405935533,1.2548480451181463,-5.99313852537718,-1.9501902575259547,-5.986131508860785
1.0,3.3128130443923767,3.0197604399078486,-2.638553544195243,1.3441191659637066,-6.105273077243137,-2.0618590333568894,-6.054210529823346
0.0,3.3128130443923767,3.0197604399078486,-2.638553544195243,1.3441191659637066,-6.105273077243137,-2.0618590333568894,-6.054210529823346
1.0,3.2764580786793776,3.0211825394932688,-2.603983802710475,1.3382580912100772,-6.451856145142492,-2.118230433208255,-5.786158139630038
0.0,3.2764580786793776,3.0211825394932688,-2.603983802710475,1.3382580912100772,-6.451856145142492,-2.118230433208255,-5.786158139630038
0.0,3.2764580786793776,3.0211825394932688,-2.603983802710475,1.3382580912100772,-6.451856145142492,-2.118230433208255,-5.786158139630038
0.0,3.2764580786793776,3.0211825394932688,-2.603983802710475,1.3382580912100772,-6.451856145142492,-2.118230433208255,-5.786158139630038
0.0,3.2764580786793776,3.0211825394932688,-2.603983802710475,1.3382580912100772,-6.451856145142492,-2.118230433208255,-5.786158139630038
0.0,3.2764580786793776,3.0211825394932688,-2.603983802710475,1.3382580912100772,-6.451856145142492,-2.118230433208255,-5.786158139630038
1.0,3.305020506981843,3.0179453443522544,-2.6216189491008692,1.3598938969151482,-6.576483481395589,-2.0685406466343035,-6.057835407475819
0.0,3.305020506981843,3.0179453443522544,-2.6216189491008692,1.3598938969151482,-6.576483481395589,-2.0685406466343035,-6.057835407475819
0.0,3.305020506981843,3.0179453443522544,-2.6216189491008692,1.3598938969151482,-6.576483481395589,-2.0685406466343035,-6.057835407475819
0.0,3.305020506981843,3.0179453443522544,-2.6216189491008692,1.3598938969151482,-6.576483481395589,-2.0685406466343035,-6.057835407475819
0.0,3.305020506981843,3.0179453443522544,-2.6216189491008692,1.3598938969151482,-6.576483481395589,-2.0685406466343035,-6.057835407475819
1.0,3.3084636846479683,3.01308536121541,-2.633686042689662,1.3896001506903641,-6.376332779503861,-2.0988516518046647,-5.955876135448488
1.0,3.2345030749087833,3.0046490349617527,-2.6096649465810624,1.3658810444080542,-6.464059895687955,-2.100838740448446,-6.260328726028036
1.0,3.3342980659818875,3.0105702645278822,-2.5212367368509834,1.2289764821395701,-6.7441045485234445,-2.0868492670250003,-5.8759160329959625
1.0,3.282284797582512,2.9970772962938668,-2.5781898746572263,1.2905087875810994,-6.964600696687374,-1.9451785724691468,-6.268550753645915
0.0,3.282284797582512,2.9970772962938668,-2.5781898746572263,1.2905087875810994,-6.964600696687374,-1.9451785724691468,-6.268550753645915
0.0,3.282284797582512,2.9970772962938668,-2.5781898746572263,1.2905087875810994,-6.964600696687374,-1.9451785724691468,-6.268550753645915
0.0,3.282284797582512,2.9970772962938668,-2.5781898746572263,1.2905087875810994,-6.964600696687374,-1.9451785724691468,-6.268550753645915
0.0,3.282284797582512,2.9970772962938668,-2.5781898746572263,1.2905087875810994,-6.964600696687374,-1.9451785724691468,-6.268550753645915
1.0,3.226621524201212,2.9799120892349813,-2.643293847711692,1.3410288532841539,-6.790905154732232,-1.9657720919031134,-6.023075185185876
1.0,3.2569987988241205,2.9526479986384375,-2.683316215605976,1.3836144110767934,-6.954198525288059,-1.9505601287935646,-5.970745699998603
0.0,3.2569987988241205,2.9526479986384375,-2.683316215605976,1.3836144110767934,-6.954198525288059,-1.9505601287935646,-5.970745699998603
1.0,3.2946710517348876,2.9523627184815964,-2.746722995816843,1.447853903392409,-7.046893444904068,-2.055538032601433,-5.028851982253644
0.0,3.2946710517348876,2.9523627184815964,-2.746722995816843,1.447853903392409,-7.046893444904068,-2.055538032601433,-5.028851982253644
0.0,3.2946710517348876,2.9523627184815964,-2.746722995816843,1.447853903392409,-7.046893444904068,-2.055538032601433,-5.028851982253644
1.0,3.3443507803722623,2.931081128907282,-2.702252750234696,1.3935839125106786,-6.894962726519594,-2.0069101745292444,-4.410057511305642
0.0,3.3443507803722623,2.931081128907282,-2.702252750234696,1.3935839125106786,-6.894962726519594,-2.0069101745292444,-4.410057511305642
0.0,3.3443507803722623,2.931081128907282,-2.702252750234696,1.3935839125106786,-6.894962726519594,-2.0069101745292444,-4.410057511305642
1.0,3.3045770769283362,2.9347142692291097,-2.7009229715135326,1.3926658143455588,-6.985385115122041,-2.1289877520100573,-4.342492230215855
0.0,3.3045770769283362,2.9347142692291097,-2.7009229715135326,1.3926658143455588,-6.985385115122041,-2.1289877520100573,-4.342492230215855
1.0,3.277718998071371,2.9326326436796424,-2.719722273547576,1.390445087701161,-6.997522586627331,-2.164934727233125,-4.479999989823203
1.0,3.2509951601123,2.9265784295797155,-2.712907017039038,1.391135077610713,-7.050579040483138,-2.186722951510056,-4.557582526603605
1.0,3.2772138948367546,2.924827133550226,-2.7565586015432806,1.4341538635955935,-6.933515309380635,-2.133927047391044,-4.76613225942367
1.0,3.2980303633252523,2.897547644453144,-2.7448617695788085,1.4023800607368315,-6.969602798555975,-2.116469615549312,-4.602418745315997
0.0,3.2980303633252523,2.897547644453144,-2.7448617695788085,1.4023800607368315,-6.969602798555975,-2.116469615549312,-4.602418745315997
0.0,3.2980303633252523,2.897547644453144,-2.7448617695788085,1.4023800607368315,-6.969602798555975,-2.116469615549312,-4.602418745315997
0.0,3.2980303633252523,2.897547644453144,-2.7448617695788085,1.4023800607368315,-6.969602798555975,-2.116469615549312,-4.602418745315997
1.0,3.310530084670859,2.8816943480642463,-2.726878322559475,1.3746824335624916,-6.87057407774289,-2.00564187303874,-4.568783613739708
0.0,3.310530084670859,2.8816943480642463,-2.726878322559475,1.3746824335624916,-6.87057407774289,-2.00564187303874,-4.568783613739708
0.0,3.310530084670859,2.8816943480642463,-2.726878322559475,1.3746824335624916,-6.87057407774289,-2.00564187303874,-4.568783613739708
0.0,3.310530084670859,2.8816943480642463,-2.726878322559475,1.3746824335624916,-6.87057407774289,-2.00564187303874,-4.568783613739708
0.0,3.310530084670859,2.8816943480642463,-2.726878322559475,1.3746824335624916,-6.87057407774289,-2.00564187303874,-4.568783613739708
0.0,3.310530084670859,2.8816943480642463,-2.726878322559475,1.3746824335624916,-6.87057407774289,-2.00564187303874,-4.568783613739708
0.0,3.310530084670859,2.8816943480642463,-2.726878322559475,1.3746824335624916,-6.87057407774289,-2.00564187303874,-4.568783613739708
0.0,3.310530084670859,2.8816943480642463,-2.726878322559475,1.3746824335624916,-6.87057407774289,-2.00564187303874,-4.568783613739708
1.0,3.3372147113116992,2.8747047434230377,-2.596172309999504,1.229234341118275,-7.016654141934876,-2.020327792310322,-4.780162632239022
0.0,3.3372147113116992,2.8747047434230377,-2.596172309999504,1.229234341118275,-7.016654141934876,-2.020327792310322,-4.780162632239022
1.0,3.3581884655020984,2.8566416470091354,-2.4966393708773005,1.1235837620533322,-7.008555393455356,-1.9759371197896312,-4.614580938019268
1.0,3.3231056846682603,2.8672590437965995,-2.50104080578233,1.1405107265657248,-7.030576500002053,-1.8907378593754842,-4.536222184232031
0.0,3.3231056846682603,2.8672590437965995,-2.50104080578233,1.1405107265657248,-7.030576500002053,-1.8907378593754842,-4.536222184232031
1.0,3.280212702334158,2.870125912588894,-2.4751224642718848,1.1091893558496042,-7.029659160637922,-1.8933852381483867,-4.830329867885653
1.0,3.2743800428500642,2.8639682308514196,-2.562268735869532,1.1706565912165652,-6.825876194887421,-1.826222758015286,-5.275826876366216
0.0,3.2743800428500642,2.8639682308514196,-2.562268735869532,1.1706565912165652,-6.825876194887421,-1.826222758015286,-5.275826876366216
1.0,3.3031129411912987,2.8516880898305517,-2.583867197196357,1.1806626239085065,-6.836225202594367,-1.8797243797949936,-5.0611365094779375
1.0,3.245749115760944,2.8216459000761223,-2.5814926174710777,1.1719303117012068,-6.945218327254177,-1.9282579561852815,-5.615608655866119
1.0,3.264023439478595,2.8207195037592805,-2.581169283689075,1.1587957189371911,-6.707656091106784,-1.8087196610857703,-5.405494951368971
0.0,3.264023439478595,2.8207195037592805,-2.581169283689075,1.1587957189371911,-6.707656091106784,-1.8087196610857703,-5.405494951368971
0.0,3.264023439478595,2.8207195037592805,-2.581169283689075,1.1587957189371911,-6.707656091106784,-1.8087196610857703,-5.405494951368971
0.0,3.264023439478595,2.8207195037592805,-2.581169283689075,1.1587957189371911,-6.707656091106784,-1.8087196610857703,-5.405494951368971
0.0,3.264023439478595,2.8207195037592805,-2.581169283689075,1.1587957189371911,-6.707656091106784,-1.8087196610857703,-5.405494951368971
0.0,3.264023439478595,2.8207195037592805,-2.581169283689075,1.1587957189371911,-6.707656091106784,-1.8087196610857703,-5.405494951368971
0.0,3.264023439478595,2.8207195037592805,-2.581169283689075,1.1587957189371911,-6.707656091106784,-1.8087196610857703,-5.405494951368971
0.0,3.264023439478595,2.8207195037592805,-2.581169283689075,1.1587957189371911,-6.707656091106784,-1.8087196610857703,-5.405494951368971
0.0,3.264023439478595,2.8207195037592805,-2.581169283689075,1.1587957189371911,-6.707656091106784,-1.8087196610857703,-5.405494951368971
0.0,3.264023439478595,2.8207195037592805,-2.581169283689075,1.1587957189371911,-6.707656091106784,-1.8087196610857703,-5.405494951368971
1.0,3.3283403214140943,2.7963976406911546,-2.51775133792512,1.060732547568581,-6.743151792200537,-1.7111595910839568,-5.253100681381341
0.0,3.3283403214140943,2.7963976406911546,-2.51775133792512,1.060732547568581,-6.743151792200537,-1.7111595910839568,-5.253100681381341
1.0,3.256409194577284,2.799329453140391,-2.5475785664185118,1.1140207551253907,-6.88743873327347,-1.7735961826709719,-4.578124063510844
1.0,3.2451904264698603,2.79084059500486,-2.511953997961459,1.0648627040232266,-6.952948942104447,-1.6994146348324728,-5.416689638266982
0.0,3.2451904264698603,2.79084059500486,-2.511953997961459,1.0648627040232266,-6.952948942104447,-1.6994146348324728,-5.416689638266982
1.0,3.3373400590595748,2.7823947643495357,-2.5362336880128042,1.1171355815158879,-6.925621878306806,-1.6054004535711501,-4.6080673173303435
0.0,3.3373400590595748,2.7823947643495357,-2.5362336880128042,1.1171355815158879,-6.925621878306806,-1.6054004535711501,-4.6080673173303435
0.0,3.3373400590595748,2.7823947643495357,-2.5362336880128042,1.1171355815158879,-6.925621878306806,-1.6054004535711501,-4.6080673173303435
0.0,3.3373400590595748,2.7823947643495357,-2.5362336880128042,1.1171355815158879,-6.925621878306806,-1.6054004535711501,-4.6080673173303435
1.0,3.2547370773238353,2.758295420046933,-2.5654371478967546,1.1496567352640132,-6.9184215087135845,-1.6766841750159562,-4.333360020633231
0.0,3.2547370773238353,2.758295420046933,-2.5654371478967546,1.1496567352640132,-6.9184215087135845,-1.6766841750159562,-4.333360020633231
0.0,3.2547370773238353,2.758295420046933,-2.5654371478967546,1.1496567352640132,-6.9184215087135845,-1.6766841750159562,-4.333360020633231
0.0,3.2547370773238353,2.758295420046933,-2.5654371478967546,1.1496567352640132,-6.9184215087135845,-1.6766841750159562,-4.333360020633231
0.0,3.2547370773238353,2.758295420046933,-2.5654371478967546,1.1496567352640132,-6.9184215087135845,-1.6766841750159562,-4.333360020633231
0.0,3.2547370773238353,2.758295420046933,-2.5654371478967546,1.1496567352640132,-6.9184215087135845,-1.6766841750159562,-4.333360020633231
0.0,3.2547370773238353,2.758295420046933,-2.5654371478967546,1.1496567352640132,-6.9184215087135845,-1.6766841750159562,-4.333360020633231
0.0,3.2547370773238353,2.758295420046933,-2.5654371478967546,1.1496567352640132,-6.9184215087135845,-1.6766841750159562,-4.333360020633231
0.0,3.2547370773238353,2.758295420046933,-2.5654371478967546,1.1496567352640132,-6.9184215087135845,-1.6766841750159562,-4.333360020633231
0.0,3.2547370773238353,2.758295420046933,-2.5654371478967546,1.1496567352640132,-6.9184215087135845,-1.6766841750159562,-4.333360020633231
0.0,3.2547370773238353,2.758295420046933,-2.5654371478967546,1.1496567352640132,-6.9184215087135845,-1.6766841750159562,-4.333360020633231
0.0,3.2547370773238353,2.758295420046933,-2.5654371478967546,1.1496567352640132,-6.9184215087135845,-1.6766841750159562,-4.333360020633231
0.0,3.2547370773238353,2.758295420046933,-2.5654371478967546,1.1496567352640132,-6.9184215087135845,-1.6766841750159562,-4.333360020633231
1.0,3.3037043930035024,2.7508397304861822,-2.6147229210279614,1.1919940106727605,-6.777626979413357,-1.7298716797012874,-4.962784415960062
1.0,3.287693755985911,2.7379496419293172,-2.6256039804829387,1.2023810650146372,-6.942825729748515,-1.6512449205766448,-5.38397768999388
0.0,3.287693755985911,2.7379496419293172,-2.6256039804829387,1.2023810650146372,-6.942825729748515,-1.6512449205766448,-5.38397768999388
0.0,3.287693755985911,2.7379496419293172,-2.6256039804829387,1.2023810650146372,-6.942825729748515,-1.6512449205766448,-5.38397768999388
0.0,3.287693755985911,2.7379496419293172,-2.6256039804829387,1.2023810650146372,-6.942825729748515,-1.6512449205766448,-5.38397768999388
0.0,3.287693755985911,2.7379496419293172,-2.6256039804829387,1.2023810650146372,-6.942825729748515,-1.6512449205766448,-5.38397768999388
0.0,3.287693755985911,2.7379496419293172,-2.6256039804829387,1.2023810650146372,-6.942825729748515,-1.6512449205766448,-5.38397768999388
1.0,3.2979935058306267,2.7009814932582747,-2.649050146143383,1.2430571646271367,-7.028971947524024,-1.695345267334097,-5.20504353055139
0.0,3.2979935058306267,2.7009814932582747,-2.649050146143383,1.2430571646271367,-7.028971947524024,-1.695345267334097,-5.20504353055139
0.0,3.2979935058306267,2.7009814932582747,-2.649050146143383,1.2430571646271367,-7.028971947524024,-1.695345267334097,-5.20504353055139
0.0,3.2979935058306267,2.7009814932582747,-2.649050146143383,1.2430571646271367,-7.028971947524024,-1.695345267334097,-5.20504353055139
0.0,3.2979935058306267,2.7009814932582747,-2.649050146143383,1.2430571646271367,-7.028971947524024,-1.695345267334097,-5.20504353055139
