K,prop_scale,j,acceptance_rate,par_time,seq_time,success,iterations
100,1e-05,0,0.97999996,1.117185115814209,10.91369915008545,True,240
100,1e-05,1,0.987,1.0087971687316895,10.890597343444824,True,233
100,1e-05,2,0.98429996,1.099705457687378,10.849605083465576,True,232
100,1e-05,3,0.9769,1.0402262210845947,10.860870838165283,True,243
100,1e-05,4,0.9823,1.0201494693756104,10.85412883758545,True,237
100,1e-05,5,0.9831,1.0785367488861084,10.85012936592102,True,236
100,1e-05,6,0.9859,1.0304336547851562,10.875254392623901,True,234
100,1e-05,7,0.9851,1.053856611251831,10.93400502204895,True,231
100,1e-05,8,0.9891,1.082780122756958,10.864104986190796,True,228
100,1e-05,9,0.98319995,1.026789665222168,10.889893770217896,True,239
100,0.006132244897959183,0,0.5563,3.953529119491577,10.94636082649231,True,2792
100,0.006132244897959183,1,0.56619996,4.032286167144775,10.909510850906372,True,2825
100,0.006132244897959183,2,0.5697,4.003530263900757,10.917861700057983,True,2808
100,0.006132244897959183,3,0.5625,3.9000320434570312,10.917430877685547,True,2756
100,0.006132244897959183,4,0.5697,3.9703285694122314,10.891713380813599,True,2808
100,0.006132244897959183,5,0.5592,3.986112356185913,10.868110179901123,True,2845
100,0.006132244897959183,6,0.5747,4.001411199569702,10.912420511245728,True,2867
100,0.006132244897959183,7,0.5706,3.9702389240264893,10.879133462905884,True,2835
100,0.006132244897959183,8,0.5675,3.9431443214416504,10.90147614479065,True,2813
100,0.006132244897959183,9,0.5751,3.985414981842041,10.8934965133667,True,2824
100,0.012254489795918366,0,0.4305,4.35280966758728,10.86945915222168,True,3204
100,0.012254489795918366,1,0.43609998,4.5246262550354,10.920641422271729,True,3309
100,0.012254489795918366,2,0.4405,4.446382999420166,10.96878695487976,True,3234
100,0.012254489795918366,3,0.44169998,4.348861455917358,11.051726818084717,True,3087
100,0.012254489795918366,4,0.44099998,4.508692741394043,10.850512981414795,True,3213
100,0.012254489795918366,5,0.4296,4.49832558631897,10.837459325790405,True,3216
100,0.012254489795918366,6,0.43919998,4.481536865234375,10.85155701637268,True,3229
100,0.012254489795918366,7,0.4371,4.345580339431763,10.828070878982544,True,3173
100,0.012254489795918366,8,0.43269998,4.374791860580444,10.833207368850708,True,3190
100,0.012254489795918366,9,0.4464,4.4593658447265625,10.87894058227539,True,3245
100,0.018376734693877548,0,0.35549998,4.45246958732605,10.83240795135498,True,3245
100,0.018376734693877548,1,0.352,4.626271486282349,10.863346815109253,True,3350
100,0.018376734693877548,2,0.3692,4.660836935043335,10.903244972229004,True,3336
100,0.018376734693877548,3,0.36429998,4.486942291259766,10.89262580871582,True,3213
100,0.018376734693877548,4,0.36389998,4.616842985153198,10.951006650924683,True,3303
100,0.018376734693877548,5,0.3551,4.660554647445679,11.046172857284546,True,3358
100,0.018376734693877548,6,0.3593,4.689911365509033,10.827672719955444,True,3338
100,0.018376734693877548,7,0.35529998,4.603456020355225,10.872891187667847,True,3358
100,0.018376734693877548,8,0.3523,4.539125442504883,10.831960678100586,True,3346
100,0.018376734693877548,9,0.36589998,4.599755525588989,10.855648040771484,True,3350
100,0.024498979591836733,0,0.3012,4.478911399841309,10.847115278244019,True,3324
100,0.024498979591836733,1,0.3013,4.683957576751709,10.866399049758911,True,3376
100,0.024498979591836733,2,0.3121,4.634300708770752,10.892648220062256,True,3350
100,0.024498979591836733,3,0.3108,4.520364046096802,10.952770709991455,True,3266
100,0.024498979591836733,4,0.31,4.7722249031066895,11.019168615341187,True,3437
100,0.024498979591836733,5,0.3008,4.673248052597046,10.83693814277649,True,3375
100,0.024498979591836733,6,0.3074,4.5157997608184814,10.831809282302856,True,3280
100,0.024498979591836733,7,0.3069,4.664434194564819,10.826451778411865,True,3413
100,0.024498979591836733,8,0.2977,4.658011436462402,10.825188875198364,True,3358
100,0.024498979591836733,9,0.312,4.630512952804565,10.842684507369995,True,3373
100,0.030621224489795918,0,0.26119998,4.464443683624268,10.832127094268799,True,3281
100,0.030621224489795918,1,0.25779998,4.684288263320923,10.889430522918701,True,3369
100,0.030621224489795918,2,0.2678,4.603875637054443,10.936670541763306,True,3336
100,0.030621224489795918,3,0.27809998,4.6082398891448975,11.045167207717896,True,3322
100,0.030621224489795918,4,0.2658,4.745676755905151,10.989466190338135,True,3394
100,0.030621224489795918,5,0.2608,4.65395188331604,10.846168994903564,True,3382
100,0.030621224489795918,6,0.2713,4.5860419273376465,10.85152792930603,True,3363
100,0.030621224489795918,7,0.26389998,4.564942121505737,10.87396764755249,True,3359
100,0.030621224489795918,8,0.26319999,4.647994756698608,10.877992153167725,True,3357
100,0.030621224489795918,9,0.2681,4.584304332733154,10.847959756851196,True,3323
100,0.0367434693877551,0,0.235,4.513681411743164,10.873685121536255,True,3286
100,0.0367434693877551,1,0.2356,4.674974679946899,10.94331955909729,True,3358
100,0.0367434693877551,2,0.2341,4.734180927276611,11.026893854141235,True,3400
100,0.0367434693877551,3,0.24,4.589115619659424,10.825690269470215,True,3311
100,0.0367434693877551,4,0.23609999,4.6593499183654785,10.861602067947388,True,3377
100,0.0367434693877551,5,0.2329,4.5441625118255615,10.83043384552002,True,3395
100,0.0367434693877551,6,0.2377,4.523981332778931,10.827579021453857,True,3367
100,0.0367434693877551,7,0.2286,4.500247955322266,10.84960675239563,True,3319
100,0.0367434693877551,8,0.2277,4.6167919635772705,10.83271050453186,True,3376
100,0.0367434693877551,9,0.23339999,4.635681867599487,10.890414714813232,True,3406
100,0.042865714285714285,0,0.21409999,4.460205078125,10.866714239120483,True,3294
100,0.042865714285714285,1,0.20619999,4.489097595214844,10.924992799758911,True,3299
100,0.042865714285714285,2,0.2061,4.683758735656738,10.897899389266968,True,3357
100,0.042865714285714285,3,0.2154,4.556065797805786,10.875511169433594,True,3325
100,0.042865714285714285,4,0.212,4.622734308242798,10.83285665512085,True,3374
100,0.042865714285714285,5,0.2093,4.596506357192993,10.87739372253418,True,3379
100,0.042865714285714285,6,0.2091,4.517312288284302,10.835209369659424,True,3334
100,0.042865714285714285,7,0.2026,4.5910773277282715,10.842785120010376,True,3362
100,0.042865714285714285,8,0.2015,4.580432891845703,10.888742446899414,True,3362
100,0.042865714285714285,9,0.21499999,4.611345052719116,10.818728685379028,True,3390
100,0.04898795918367347,0,0.1899,4.545652866363525,10.895493745803833,True,3300
100,0.04898795918367347,1,0.18879999,4.533127546310425,10.918867349624634,True,3324
100,0.04898795918367347,2,0.1906,4.57352089881897,10.951531887054443,True,3356
100,0.04898795918367347,3,0.1927,4.544304847717285,10.904829740524292,True,3281
100,0.04898795918367347,4,0.1859,4.536918878555298,10.856202363967896,True,3330
100,0.04898795918367347,5,0.1838,4.599522829055786,10.878995180130005,True,3356
100,0.04898795918367347,6,0.19129999,4.507992506027222,10.876818656921387,True,3354
100,0.04898795918367347,7,0.1829,4.590790510177612,10.824346780776978,True,3383
100,0.04898795918367347,8,0.1812,4.571434736251831,10.868040800094604,True,3368
100,0.04898795918367347,9,0.1866,4.529040813446045,10.881138563156128,True,3330
100,0.05511020408163265,0,0.1727,4.441718101501465,10.901952981948853,True,3231
100,0.05511020408163265,1,0.167,4.452274322509766,10.874424695968628,True,3254
100,0.05511020408163265,2,0.1753,4.593352794647217,10.93124794960022,True,3363
100,0.05511020408163265,3,0.1759,4.5187554359436035,10.960533380508423,True,3245
100,0.05511020408163265,4,0.16499999,4.540056467056274,10.919388771057129,True,3325
100,0.05511020408163265,5,0.1654,4.592266082763672,10.86421251296997,True,3355
100,0.05511020408163265,6,0.1679,4.523275852203369,10.823228120803833,True,3323
100,0.05511020408163265,7,0.16849999,4.4786598682403564,10.865288496017456,True,3349
100,0.05511020408163265,8,0.166,4.521352767944336,10.830405950546265,True,3332
100,0.05511020408163265,9,0.1759,4.54624080657959,10.831039905548096,True,3328
100,0.06123244897959183,0,0.15869999,4.445290803909302,10.870794534683228,True,3272
100,0.06123244897959183,1,0.1523,4.42870569229126,10.874686002731323,True,3238
100,0.06123244897959183,2,0.154,4.52921724319458,10.899621486663818,True,3335
100,0.06123244897959183,3,0.1568,4.486303091049194,10.926559209823608,True,3259
100,0.06123244897959183,4,0.1546,4.535670042037964,10.942341566085815,True,3329
100,0.06123244897959183,5,0.1564,4.534111022949219,11.03194260597229,True,3327
100,0.06123244897959183,6,0.15179999,4.505458116531372,10.891361236572266,True,3278
100,0.06123244897959183,7,0.15779999,4.575913429260254,10.85668420791626,True,3335
100,0.06123244897959183,8,0.1463,4.4999518394470215,10.814919471740723,True,3376
100,0.06123244897959183,9,0.1514,4.514270305633545,10.877732038497925,True,3296
100,0.06735469387755103,0,0.1478,4.4062371253967285,10.82477355003357,True,3272
100,0.06735469387755103,1,0.1409,4.3720011711120605,10.830844640731812,True,3229
100,0.06735469387755103,2,0.14549999,4.506711483001709,10.832977771759033,True,3314
100,0.06735469387755103,3,0.1529,4.43220329284668,10.88462209701538,True,3234
100,0.06735469387755103,4,0.1366,4.452592849731445,10.860042333602905,True,3253
100,0.06735469387755103,5,0.1375,4.552067279815674,10.912009000778198,True,3314
100,0.06735469387755103,6,0.14389999,4.500445127487183,10.927448511123657,True,3284
100,0.06735469387755103,7,0.1372,4.574221849441528,10.969939231872559,True,3339
100,0.06735469387755103,8,0.1378,4.542989492416382,10.910064935684204,True,3305
100,0.06735469387755103,9,0.1452,4.510587930679321,10.829370737075806,True,3301
100,0.0734769387755102,0,0.13589999,4.4578697681427,10.860647916793823,True,3249
100,0.0734769387755102,1,0.1311,4.38871955871582,10.887389659881592,True,3201
100,0.0734769387755102,2,0.1299,4.516472816467285,10.825778245925903,True,3324
100,0.0734769387755102,3,0.1369,4.367092132568359,10.830028772354126,True,3218
100,0.0734769387755102,4,0.124299996,4.498859167098999,10.879197597503662,True,3285
100,0.0734769387755102,5,0.12619999,4.50898003578186,10.859275102615356,True,3269
100,0.0734769387755102,6,0.1313,4.512040138244629,10.881237030029297,True,3305
100,0.0734769387755102,7,0.124699995,4.521763324737549,10.862615823745728,True,3300
100,0.0734769387755102,8,0.1255,4.538474798202515,10.932907819747925,True,3297
100,0.0734769387755102,9,0.1285,4.5864458084106445,10.9737868309021,True,3335
100,0.07959918367346938,0,0.1214,4.357521295547485,10.923492431640625,True,3183
100,0.07959918367346938,1,0.120799996,4.3705103397369385,10.816488027572632,True,3162
100,0.07959918367346938,2,0.118599996,4.5156090259552,10.812612056732178,True,3295
100,0.07959918367346938,3,0.1228,4.330501079559326,10.818158626556396,True,3213
100,0.07959918367346938,4,0.118499994,4.39232325553894,10.822262048721313,True,3212
100,0.07959918367346938,5,0.120799996,4.448312282562256,10.878462076187134,True,3290
100,0.07959918367346938,6,0.1214,4.485125780105591,10.819995164871216,True,3276
100,0.07959918367346938,7,0.1192,4.448758363723755,10.879149436950684,True,3280
100,0.07959918367346938,8,0.1147,4.424391984939575,10.830034971237183,True,3279
100,0.07959918367346938,9,0.1222,4.595000267028809,10.880172729492188,True,3266
100,0.08572142857142857,0,0.120799996,4.320414304733276,10.871005296707153,True,3184
100,0.08572142857142857,1,0.1041,4.329323053359985,10.866766214370728,True,3135
100,0.08572142857142857,2,0.1107,4.507730007171631,10.928252935409546,True,3287
100,0.08572142857142857,3,0.1166,4.464402675628662,10.946573257446289,True,3210
100,0.08572142857142857,4,0.1085,4.449161052703857,10.885618686676025,True,3211
100,0.08572142857142857,5,0.107999995,4.457592725753784,10.883182287216187,True,3237
100,0.08572142857142857,6,0.1165,4.478213548660278,10.837707996368408,True,3241
100,0.08572142857142857,7,0.1091,4.481719732284546,10.82855772972107,True,3256
100,0.08572142857142857,8,0.1055,4.411030054092407,10.82689619064331,True,3277
100,0.08572142857142857,9,0.1063,4.366413354873657,10.82462453842163,True,3248
100,0.09184367346938775,0,0.1078,4.3532187938690186,10.87412142753601,True,3174
100,0.09184367346938775,1,0.0999,4.267120361328125,10.822487592697144,True,3135
100,0.09184367346938775,2,0.1051,4.466421842575073,10.824815273284912,True,3267
100,0.09184367346938775,3,0.1092,4.397218704223633,10.835196733474731,True,3204
100,0.09184367346938775,4,0.1003,4.3871989250183105,10.87358832359314,True,3170
100,0.09184367346938775,5,0.103999995,4.391472816467285,10.833295106887817,True,3233
100,0.09184367346938775,6,0.10349999,4.450606107711792,10.870463848114014,True,3264
100,0.09184367346938775,7,0.0959,4.432865381240845,10.90393853187561,True,3239
100,0.09184367346938775,8,0.0991,4.4599995613098145,10.91421914100647,True,3260
100,0.09184367346938775,9,0.1078,4.405910015106201,10.936970233917236,True,3198
100,0.09796591836734693,0,0.0995,4.390981912612915,10.955796241760254,True,3212
100,0.09796591836734693,1,0.085999995,4.415223121643066,10.886186361312866,True,3192
100,0.09796591836734693,2,0.0938,4.519437789916992,10.831246137619019,True,3293
100,0.09796591836734693,3,0.1046,4.342836141586304,10.834306240081787,True,3153
100,0.09796591836734693,4,0.0938,4.350413799285889,10.82046103477478,True,3169
100,0.09796591836734693,5,0.0901,4.320970773696899,10.823760271072388,True,3213
100,0.09796591836734693,6,0.0971,4.319923162460327,10.828710794448853,True,3190
100,0.09796591836734693,7,0.096,4.447185039520264,10.872357368469238,True,3249
100,0.09796591836734693,8,0.092999995,4.48611307144165,10.88341212272644,True,3267
100,0.09796591836734693,9,0.0969,4.422587156295776,10.831126928329468,True,3230
100,0.10408816326530612,0,0.0907,4.357624292373657,10.853143692016602,True,3199
100,0.10408816326530612,1,0.0813,4.288886785507202,10.852249145507812,True,3109
100,0.10408816326530612,2,0.0937,4.439221382141113,10.862900018692017,True,3260
100,0.10408816326530612,3,0.0989,4.369389295578003,10.872546672821045,True,3172
100,0.10408816326530612,4,0.0846,4.459059238433838,10.885401248931885,True,3146
100,0.10408816326530612,5,0.0883,4.499621152877808,10.926761627197266,True,3268
100,0.10408816326530612,6,0.0889,4.40730094909668,10.936710357666016,True,3211
100,0.10408816326530612,7,0.094399996,4.465163469314575,10.91932725906372,True,3262
100,0.10408816326530612,8,0.0879,4.43172812461853,10.879047155380249,True,3228
100,0.10408816326530612,9,0.0889,4.4234778881073,10.816474437713623,True,3216
100,0.1102104081632653,0,0.088599995,4.330445289611816,10.872969627380371,True,3155
100,0.1102104081632653,1,0.0828,4.291783094406128,10.869461059570312,True,3111
100,0.1102104081632653,2,0.084199995,4.4214537143707275,10.813750267028809,True,3234
100,0.1102104081632653,3,0.0889,4.341399669647217,10.876218795776367,True,3153
100,0.1102104081632653,4,0.0836,4.340829372406006,10.878741264343262,True,3166
100,0.1102104081632653,5,0.082899995,4.440703630447388,10.846828699111938,True,3236
100,0.1102104081632653,6,0.0836,4.3402910232543945,10.844651937484741,True,3160
100,0.1102104081632653,7,0.0846,4.385854721069336,10.82320237159729,True,3239
100,0.1102104081632653,8,0.0862,4.389394760131836,10.834312438964844,True,3233
100,0.1102104081632653,9,0.081,4.387654781341553,10.852452993392944,True,3205
100,0.11633265306122448,0,0.0819,4.286477088928223,10.85390019416809,True,3148
100,0.11633265306122448,1,0.0736,4.271235942840576,10.892413854598999,True,3100
100,0.11633265306122448,2,0.0792,4.455217361450195,10.925570964813232,True,3226
100,0.11633265306122448,3,0.0752,4.4109227657318115,10.947500944137573,True,3172
100,0.11633265306122448,4,0.0735,4.417161703109741,10.942139863967896,True,3172
100,0.11633265306122448,5,0.078499995,4.477093935012817,10.882037878036499,True,3237
100,0.11633265306122448,6,0.0753,4.369464159011841,10.847222805023193,True,3181
100,0.11633265306122448,7,0.076299995,4.414230823516846,10.813962936401367,True,3227
100,0.11633265306122448,8,0.0779,4.351651668548584,10.821709632873535,True,3230
100,0.11633265306122448,9,0.0764,4.257354021072388,10.82306981086731,True,3149
100,0.12245489795918367,0,0.072799996,4.204351902008057,10.821589946746826,True,3116
100,0.12245489795918367,1,0.072799996,4.27353835105896,10.853523254394531,True,3100
100,0.12245489795918367,2,0.079399996,4.3905558586120605,10.86684274673462,True,3248
100,0.12245489795918367,3,0.080699995,4.333871126174927,10.832920551300049,True,3159
100,0.12245489795918367,4,0.07,4.338200807571411,10.839931011199951,True,3157
100,0.12245489795918367,5,0.0777,4.323217868804932,10.829135656356812,True,3189
100,0.12245489795918367,6,0.0739,4.2817702293396,10.827659845352173,True,3169
100,0.12245489795918367,7,0.0699,4.43388819694519,10.882141351699829,True,3227
100,0.12245489795918367,8,0.0744,4.336054801940918,10.812483310699463,True,3185
100,0.12245489795918367,9,0.0708,4.3724892139434814,10.83557415008545,True,3169
100,0.12857714285714283,0,0.072,4.264223337173462,10.854165315628052,True,3135
100,0.12857714285714283,1,0.063599996,4.3470354080200195,10.879623889923096,True,3109
100,0.12857714285714283,2,0.0714,4.396688222885132,10.90274977684021,True,3230
100,0.12857714285714283,3,0.074599996,4.362368106842041,10.929443120956421,True,3157
100,0.12857714285714283,4,0.0694,4.293208837509155,10.922580003738403,True,3118
100,0.12857714285714283,5,0.070199996,4.453071117401123,10.938984632492065,True,3230
100,0.12857714285714283,6,0.0703,4.353493928909302,10.878472089767456,True,3137
100,0.12857714285714283,7,0.0673,4.464287996292114,10.868288516998291,True,3225
100,0.12857714285714283,8,0.072,4.423103332519531,10.876293182373047,True,3198
100,0.12857714285714283,9,0.067999996,4.374905109405518,10.875462293624878,True,3170
100,0.13469938775510204,0,0.065299995,4.259467124938965,10.866100788116455,True,3087
100,0.13469938775510204,1,0.0618,4.272119522094727,10.835391998291016,True,3105
100,0.13469938775510204,2,0.072,4.352195978164673,10.832736015319824,True,3192
100,0.13469938775510204,3,0.0683,4.29448390007019,10.838824272155762,True,3136
100,0.13469938775510204,4,0.062299997,4.304604768753052,10.840235710144043,True,3130
100,0.13469938775510204,5,0.065,4.319274663925171,10.867432355880737,True,3144
100,0.13469938775510204,6,0.069699995,4.301637411117554,10.827287912368774,True,3157
100,0.13469938775510204,7,0.0635,4.352334260940552,10.882333040237427,True,3202
100,0.13469938775510204,8,0.0659,4.401203632354736,10.864721298217773,True,3210
100,0.13469938775510204,9,0.0663,4.328567981719971,10.850975275039673,True,3147
100,0.14082163265306122,0,0.064399995,4.2476606369018555,10.89402961730957,True,3079
100,0.14082163265306122,1,0.0591,4.15928053855896,10.875016212463379,True,2987
100,0.14082163265306122,2,0.0557,4.460648536682129,10.910670042037964,True,3205
100,0.14082163265306122,3,0.061199997,4.281266927719116,10.913756608963013,True,3088
100,0.14082163265306122,4,0.0596,4.285019874572754,10.962584018707275,True,3103
100,0.14082163265306122,5,0.058599997,4.359111309051514,10.894420385360718,True,3151
100,0.14082163265306122,6,0.0616,4.395540714263916,10.894938230514526,True,3168
100,0.14082163265306122,7,0.060099997,4.428147077560425,10.828776359558105,True,3208
100,0.14082163265306122,8,0.062,4.423477649688721,10.820342302322388,True,3232
100,0.14082163265306122,9,0.0554,4.344009876251221,10.876850366592407,True,3154
100,0.1469438775510204,0,0.06,4.200787305831909,10.863935708999634,True,3107
100,0.1469438775510204,1,0.058199998,4.144610643386841,10.857311010360718,True,3015
100,0.1469438775510204,2,0.057699997,4.320585489273071,10.842171907424927,True,3139
100,0.1469438775510204,3,0.058399998,4.212134599685669,10.834771633148193,True,3106
100,0.1469438775510204,4,0.053099997,4.30022668838501,10.82261610031128,True,3134
100,0.1469438775510204,5,0.058399998,4.328525066375732,10.825593948364258,True,3158
100,0.1469438775510204,6,0.063,4.312493562698364,10.877926588058472,True,3129
100,0.1469438775510204,7,0.0574,4.393252372741699,10.832120656967163,True,3235
100,0.1469438775510204,8,0.0583,4.4231390953063965,10.882210493087769,True,3233
100,0.1469438775510204,9,0.055,4.368586778640747,10.829487800598145,True,3163
100,0.1530661224489796,0,0.054899998,4.231852293014526,10.845444202423096,True,3082
100,0.1530661224489796,1,0.0574,4.2057788372039795,10.88551378250122,True,3028
100,0.1530661224489796,2,0.0513,4.368737697601318,10.897832870483398,True,3171
100,0.1530661224489796,3,0.052899998,4.317800998687744,10.885541200637817,True,3100
100,0.1530661224489796,4,0.051,4.340904235839844,10.94432783126831,True,3131
100,0.1530661224489796,5,0.0565,4.355001926422119,10.94951057434082,True,3138
100,0.1530661224489796,6,0.0609,4.366057634353638,10.901663064956665,True,3133
100,0.1530661224489796,7,0.0543,4.516808032989502,10.890064239501953,True,3204
100,0.1530661224489796,8,0.054199997,4.416929483413696,10.875128030776978,True,3203
100,0.1530661224489796,9,0.0546,4.3690550327301025,10.865483522415161,True,3147
100,0.15918836734693878,0,0.0545,4.28991174697876,10.817291259765625,True,3101
100,0.15918836734693878,1,0.0481,4.016177654266357,10.8530433177948,True,2920
100,0.15918836734693878,2,0.0517,4.298931837081909,10.820904970169067,True,3182
100,0.15918836734693878,3,0.050899997,4.2735607624053955,10.86446237564087,True,3101
100,0.15918836734693878,4,0.0514,4.279861211776733,10.846436023712158,True,3147
100,0.15918836734693878,5,0.0546,4.347797393798828,10.862497568130493,True,3162
100,0.15918836734693878,6,0.0517,4.320229768753052,10.870357751846313,True,3126
100,0.15918836734693878,7,0.052699998,4.3798229694366455,10.826086044311523,True,3210
100,0.15918836734693878,8,0.0515,4.340967178344727,10.871034383773804,True,3181
100,0.15918836734693878,9,0.049599998,4.257869005203247,10.865305185317993,True,3134
100,0.16531061224489793,0,0.0506,4.186542749404907,10.837372303009033,True,3071
100,0.16531061224489793,1,0.0438,4.091599464416504,10.873760223388672,True,2947
100,0.16531061224489793,2,0.049399998,4.521755218505859,10.87450122833252,True,3167
100,0.16531061224489793,3,0.0482,4.3441548347473145,10.863579034805298,True,3119
100,0.16531061224489793,4,0.0506,4.3852503299713135,10.883034467697144,True,3159
100,0.16531061224489793,5,0.0514,4.3851470947265625,10.942787647247314,True,3149
100,0.16531061224489793,6,0.053299997,4.353531122207642,10.91762375831604,True,3155
100,0.16531061224489793,7,0.044499997,4.340137243270874,10.967798709869385,True,3188
100,0.16531061224489793,8,0.0479,4.393111228942871,10.918233871459961,True,3188
100,0.16531061224489793,9,0.044499997,4.311314582824707,10.90830945968628,True,3132
100,0.17143285714285714,0,0.049999997,4.2411558628082275,10.870936155319214,True,3062
100,0.17143285714285714,1,0.0459,4.118711471557617,10.839536190032959,True,2930
100,0.17143285714285714,2,0.0499,4.371988534927368,10.818731784820557,True,3164
100,0.17143285714285714,3,0.046499997,4.253521680831909,10.852049827575684,True,3081
100,0.17143285714285714,4,0.047199998,4.263446569442749,10.820239782333374,True,3143
100,0.17143285714285714,5,0.045199998,4.284070014953613,10.861907243728638,True,3108
100,0.17143285714285714,6,0.0488,4.284693002700806,10.868405818939209,True,3116
100,0.17143285714285714,7,0.045399997,4.3407697677612305,10.849413394927979,True,3193
100,0.17143285714285714,8,0.047599997,4.333147048950195,10.870313167572021,True,3212
100,0.17143285714285714,9,0.0458,4.305774450302124,10.890660285949707,True,3119
100,0.17755510204081631,0,0.047599997,4.160285234451294,10.889607667922974,True,3066
100,0.17755510204081631,1,0.039499998,4.056814670562744,10.827255725860596,True,2941
100,0.17755510204081631,2,0.0427,4.365562915802002,10.817777633666992,True,3175
100,0.17755510204081631,3,0.048899997,4.3276567459106445,10.865435600280762,True,3136
100,0.17755510204081631,4,0.0455,4.322750806808472,10.828120708465576,True,3137
100,0.17755510204081631,5,0.0393,4.286010265350342,10.820476055145264,True,3143
100,0.17755510204081631,6,0.048,4.2434046268463135,10.8753182888031,True,3061
100,0.17755510204081631,7,0.0402,4.39902925491333,10.851449012756348,True,3207
100,0.17755510204081631,8,0.0433,4.438931941986084,10.909800052642822,True,3193
100,0.17755510204081631,9,0.0404,4.324162244796753,10.875785827636719,True,3077
100,0.1836773469387755,0,0.040599998,4.228827953338623,10.902441263198853,True,3039
100,0.1836773469387755,1,0.0354,4.106656789779663,10.898493528366089,True,2934
100,0.1836773469387755,2,0.0424,4.365907430648804,10.95066213607788,True,3148
100,0.1836773469387755,3,0.046699997,4.277836322784424,10.910765886306763,True,3080
100,0.1836773469387755,4,0.0436,4.331968069076538,10.936728477478027,True,3127
100,0.1836773469387755,5,0.040999997,4.375434160232544,10.909774780273438,True,3144
100,0.1836773469387755,6,0.0506,4.299447059631348,10.869660139083862,True,3105
100,0.1836773469387755,7,0.0404,4.41522741317749,10.823835372924805,True,3179
100,0.1836773469387755,8,0.041699998,4.352276563644409,10.833784818649292,True,3179
100,0.1836773469387755,9,0.044,4.229902982711792,10.828505754470825,True,3098
100,0.1897995918367347,0,0.0389,4.2098329067230225,10.844100952148438,True,3046
100,0.1897995918367347,1,0.0398,4.067061901092529,10.81990647315979,True,2916
100,0.1897995918367347,2,0.043199997,4.30703592300415,10.874129295349121,True,3173
100,0.1897995918367347,3,0.0427,4.267439365386963,10.870278120040894,True,3086
100,0.1897995918367347,4,0.0411,4.3221516609191895,10.836635828018188,True,3133
100,0.1897995918367347,5,0.041699998,4.271088123321533,10.840663194656372,True,3141
100,0.1897995918367347,6,0.0422,4.25488805770874,10.85343074798584,True,3110
100,0.1897995918367347,7,0.04,4.423430442810059,10.874512195587158,True,3212
100,0.1897995918367347,8,0.0363,4.347025632858276,10.872720718383789,True,3167
100,0.1897995918367347,9,0.0394,4.285670518875122,10.860413074493408,True,3102
100,0.19592183673469388,0,0.0376,4.242467880249023,10.876494884490967,True,3047
100,0.19592183673469388,1,0.037699997,4.027712345123291,10.877044200897217,True,2871
100,0.19592183673469388,2,0.039499998,4.3196702003479,10.83767557144165,True,3126
100,0.19592183673469388,3,0.040999997,4.226409435272217,10.835989475250244,True,3044
100,0.19592183673469388,4,0.038799997,4.322909355163574,10.86481499671936,True,3141
100,0.19592183673469388,5,0.036,4.350220441818237,10.914367914199829,True,3137
100,0.19592183673469388,6,0.0403,4.309707880020142,10.915603160858154,True,3107
100,0.19592183673469388,7,0.036599997,4.347967147827148,10.903172254562378,True,3166
100,0.19592183673469388,8,0.0381,4.347926616668701,10.939982891082764,True,3154
100,0.19592183673469388,9,0.0401,4.316250562667847,10.968658447265625,True,3137
100,0.20204408163265303,0,0.0404,4.1954803466796875,10.936206817626953,True,3041
100,0.20204408163265303,1,0.0363,4.030163049697876,10.880911588668823,True,2849
100,0.20204408163265303,2,0.0321,4.330622434616089,10.883179187774658,True,3120
100,0.20204408163265303,3,0.0349,4.305259704589844,10.868404865264893,True,3029
100,0.20204408163265303,4,0.0398,4.35553765296936,10.86867618560791,True,3145
100,0.20204408163265303,5,0.0352,4.277145147323608,10.867750883102417,True,3113
100,0.20204408163265303,6,0.0396,4.446861982345581,10.8283371925354,True,3076
100,0.20204408163265303,7,0.035499997,4.292924880981445,10.82158899307251,True,3188
100,0.20204408163265303,8,0.035,4.247168064117432,10.854171514511108,True,3146
100,0.20204408163265303,9,0.0367,4.2152016162872314,10.863508224487305,True,3080
100,0.20816632653061223,0,0.0385,4.155794620513916,10.827486038208008,True,3054
100,0.20816632653061223,1,0.0296,3.9741199016571045,10.856827974319458,True,2884
100,0.20816632653061223,2,0.0332,4.295488595962524,10.82653546333313,True,3111
100,0.20816632653061223,3,0.033299997,4.23441743850708,10.869395017623901,True,3040
100,0.20816632653061223,4,0.0381,4.257634401321411,10.832725763320923,True,3120
100,0.20816632653061223,5,0.0363,4.279416561126709,10.873767852783203,True,3098
100,0.20816632653061223,6,0.0383,4.2512571811676025,10.836509466171265,True,3108
100,0.20816632653061223,7,0.035099998,4.378986597061157,10.873179197311401,True,3187
100,0.20816632653061223,8,0.0369,4.369791030883789,10.881327152252197,True,3172
100,0.20816632653061223,9,0.033,4.279972314834595,10.83012866973877,True,3118
100,0.2142885714285714,0,0.037699997,4.281013250350952,10.820306539535522,True,3100
100,0.2142885714285714,1,0.0314,4.058462381362915,10.821946620941162,True,2885
100,0.2142885714285714,2,0.0288,4.260174036026001,10.831473350524902,True,3072
100,0.2142885714285714,3,0.032199997,4.18809175491333,10.860768556594849,True,3029
100,0.2142885714285714,4,0.036599997,4.292095184326172,10.869998931884766,True,3143
100,0.2142885714285714,5,0.0321,4.295346736907959,10.89389681816101,True,3113
100,0.2142885714285714,6,0.0326,4.266152381896973,10.924971103668213,True,3070
100,0.2142885714285714,7,0.0298,4.402850389480591,10.954438209533691,True,3199
100,0.2142885714285714,8,0.0335,4.331132173538208,10.941209316253662,True,3112
100,0.2142885714285714,9,0.032199997,4.345862627029419,10.8902006149292,True,3084
100,0.2204108163265306,0,0.033999998,4.28589391708374,10.92758321762085,True,3073
100,0.2204108163265306,1,0.0268,4.048224925994873,10.836251974105835,True,2886
100,0.2204108163265306,2,0.0313,4.39622950553894,10.827537059783936,True,3125
100,0.2204108163265306,3,0.0312,4.246366739273071,10.87634539604187,True,3020
100,0.2204108163265306,4,0.028299998,4.339136362075806,10.86326289176941,True,3132
100,0.2204108163265306,5,0.0308,4.22150444984436,10.823975563049316,True,3070
100,0.2204108163265306,6,0.0348,4.2663493156433105,10.824067831039429,True,3110
100,0.2204108163265306,7,0.0285,4.326793432235718,10.83494782447815,True,3200
100,0.2204108163265306,8,0.0278,4.226551532745361,10.868513345718384,True,3108
100,0.2204108163265306,9,0.033999998,4.234576225280762,10.834749698638916,True,3066
100,0.2265330612244898,0,0.0319,4.206676244735718,10.872039318084717,True,3053
100,0.2265330612244898,1,0.0296,4.021272420883179,10.83849024772644,True,2894
100,0.2265330612244898,2,0.0265,4.289970636367798,10.869234561920166,True,3117
100,0.2265330612244898,3,0.034199998,4.188826560974121,10.827790260314941,True,3040
100,0.2265330612244898,4,0.0308,4.322553634643555,10.8372642993927,True,3134
100,0.2265330612244898,5,0.0299,4.188854694366455,10.835683107376099,True,3038
100,0.2265330612244898,6,0.029099999,4.150245666503906,10.829987049102783,True,3016
100,0.2265330612244898,7,0.0284,4.327502489089966,10.830440044403076,True,3161
100,0.2265330612244898,8,0.0312,4.281508922576904,10.883155584335327,True,3106
100,0.2265330612244898,9,0.028299998,4.180694103240967,10.872358083724976,True,3010
100,0.23265530612244897,0,0.0308,4.068188667297363,10.882341146469116,True,2908
100,0.23265530612244897,1,0.0315,4.017658233642578,10.886862754821777,True,2881
100,0.23265530612244897,2,0.0273,4.274258136749268,10.832748889923096,True,3103
100,0.23265530612244897,3,0.0277,4.147547006607056,10.841099262237549,True,3002
100,0.23265530612244897,4,0.0286,4.284115552902222,10.868821859359741,True,3144
100,0.23265530612244897,5,0.0267,4.154519081115723,10.865938186645508,True,3024
100,0.23265530612244897,6,0.028099999,4.201904058456421,10.841970443725586,True,3066
100,0.23265530612244897,7,0.0285,4.320665597915649,10.878960371017456,True,3171
100,0.23265530612244897,8,0.0279,4.294055223464966,10.835148572921753,True,3100
100,0.23265530612244897,9,0.027099999,4.195678949356079,10.833124160766602,True,3033
100,0.23877755102040815,0,0.0299,4.050293922424316,10.855141878128052,True,2893
100,0.23877755102040815,1,0.0224,4.014765501022339,10.87410593032837,True,2802
100,0.23877755102040815,2,0.027999999,4.262364625930786,10.842016696929932,True,3075
100,0.23877755102040815,3,0.029199999,4.20041561126709,10.85132908821106,True,3033
100,0.23877755102040815,4,0.030199999,4.2329161167144775,10.894289016723633,True,3086
100,0.23877755102040815,5,0.0244,4.2760655879974365,10.86414098739624,True,3060
100,0.23877755102040815,6,0.028099999,4.251014709472656,10.900757312774658,True,3064
100,0.23877755102040815,7,0.0255,4.388701915740967,10.91919231414795,True,3178
100,0.23877755102040815,8,0.0275,4.294598817825317,10.94359827041626,True,3099
100,0.23877755102040815,9,0.0245,4.131199359893799,10.960464000701904,True,2935
100,0.24489979591836733,0,0.0301,4.05899977684021,10.897032499313354,True,2879
100,0.24489979591836733,1,0.0224,3.937619924545288,10.947324752807617,True,2789
100,0.24489979591836733,2,0.025899999,4.302897930145264,10.904361486434937,True,3078
100,0.24489979591836733,3,0.028299998,4.247668504714966,10.924574375152588,True,3049
100,0.24489979591836733,4,0.0312,4.272939443588257,10.903834342956543,True,3082
100,0.24489979591836733,5,0.024899999,4.233123302459717,10.835469722747803,True,3027
100,0.24489979591836733,6,0.0295,4.223442077636719,10.82315969467163,True,3058
100,0.24489979591836733,7,0.0219,4.420585632324219,10.870651483535767,True,3182
100,0.24489979591836733,8,0.0266,4.332437515258789,10.826985836029053,True,3137
100,0.24489979591836733,9,0.027099999,4.116267919540405,10.833557844161987,True,2956
100,0.25102204081632656,0,0.0244,4.082660675048828,10.873847961425781,True,2917
100,0.25102204081632656,1,0.0189,3.9032528400421143,10.868790626525879,True,2762
100,0.25102204081632656,2,0.0211,4.261018514633179,10.86739730834961,True,3088
100,0.25102204081632656,3,0.030299999,4.139803171157837,10.824343204498291,True,3026
100,0.25102204081632656,4,0.027999999,4.218783617019653,10.841163158416748,True,3059
100,0.25102204081632656,5,0.0264,4.135663032531738,10.828761100769043,True,3021
100,0.25102204081632656,6,0.0275,4.172160625457764,10.872352361679077,True,3049
100,0.25102204081632656,7,0.0242,4.335420608520508,10.869648694992065,True,3152
100,0.25102204081632656,8,0.0245,4.305051565170288,10.868468523025513,True,3125
100,0.25102204081632656,9,0.0241,4.103723764419556,10.87369155883789,True,2950
100,0.2571442857142857,0,0.024899999,4.063343524932861,10.832093000411987,True,2906
100,0.2571442857142857,1,0.0208,3.865431070327759,10.88876724243164,True,2735
100,0.2571442857142857,2,0.0252,4.226491689682007,10.826543807983398,True,3077
100,0.2571442857142857,3,0.026999999,4.185470819473267,10.829542636871338,True,3049
100,0.2571442857142857,4,0.0276,4.218341827392578,10.825617790222168,True,3072
100,0.2571442857142857,5,0.024899999,4.083706378936768,10.830025672912598,True,2955
100,0.2571442857142857,6,0.0284,4.223451614379883,10.84508991241455,True,3071
100,0.2571442857142857,7,0.0209,4.337239027023315,10.88043212890625,True,3165
100,0.2571442857142857,8,0.0244,4.267426490783691,10.830493688583374,True,3110
100,0.2571442857142857,9,0.0222,4.11524224281311,10.890039682388306,True,2961
100,0.26326653061224486,0,0.024999999,4.002992391586304,10.840826034545898,True,2873
100,0.26326653061224486,1,0.0212,3.863208770751953,10.85548186302185,True,2743
100,0.26326653061224486,2,0.0197,4.226456880569458,10.836732625961304,True,3091
100,0.26326653061224486,3,0.021499999,4.1620564460754395,10.87970757484436,True,3012
100,0.26326653061224486,4,0.0233,4.182363510131836,10.831575632095337,True,3019
100,0.26326653061224486,5,0.024699999,4.112370252609253,10.829941987991333,True,2964
100,0.26326653061224486,6,0.0255,4.064469814300537,10.857861757278442,True,2957
100,0.26326653061224486,7,0.024799999,4.338863849639893,10.836772203445435,True,3145
100,0.26326653061224486,8,0.024799999,4.276641607284546,10.846543073654175,True,3110
100,0.26326653061224486,9,0.0224,4.106750965118408,10.870141744613647,True,2939
100,0.26938877551020407,0,0.0223,3.994877576828003,10.82505488395691,True,2889
100,0.26938877551020407,1,0.0223,3.846104621887207,10.837677717208862,True,2744
100,0.26938877551020407,2,0.0207,4.238370418548584,10.841659784317017,True,3083
100,0.26938877551020407,3,0.0245,4.199380874633789,10.875384330749512,True,3023
100,0.26938877551020407,4,0.0202,4.187356472015381,10.84529995918274,True,3016
100,0.26938877551020407,5,0.0212,4.054157018661499,10.873449563980103,True,2924
100,0.26938877551020407,6,0.024999999,4.0791544914245605,10.872795104980469,True,2923
100,0.26938877551020407,7,0.0234,4.330432176589966,10.883769989013672,True,3167
100,0.26938877551020407,8,0.018299999,4.3426268100738525,10.853506803512573,True,3141
100,0.26938877551020407,9,0.0199,4.083887815475464,10.834590673446655,True,2952
100,0.2755110204081632,0,0.0243,4.056628227233887,10.854476690292358,True,2895
100,0.2755110204081632,1,0.0211,3.8831846714019775,10.832610845565796,True,2748
100,0.2755110204081632,2,0.020399999,4.2480692863464355,10.82448434829712,True,3079
100,0.2755110204081632,3,0.019199999,4.200218915939331,10.867066860198975,True,3005
100,0.2755110204081632,4,0.0196,4.169157028198242,10.831272602081299,True,3013
100,0.2755110204081632,5,0.0229,4.060905933380127,10.826651334762573,True,2921
100,0.2755110204081632,6,0.0233,4.176311731338501,10.875237941741943,True,2943
100,0.2755110204081632,7,0.0222,4.430472135543823,10.880179405212402,True,3170
100,0.2755110204081632,8,0.0201,4.219251871109009,10.880858659744263,True,3040
100,0.2755110204081632,9,0.02,4.116595506668091,10.876535415649414,True,2938
100,0.2816332653061224,0,0.023599999,4.064663887023926,10.890228986740112,True,2895
100,0.2816332653061224,1,0.017099999,3.8715360164642334,10.88010025024414,True,2741
100,0.2816332653061224,2,0.0195,4.263228416442871,10.850727558135986,True,3074
100,0.2816332653061224,3,0.019199999,4.183271884918213,10.901670694351196,True,3005
100,0.2816332653061224,4,0.023,4.267532825469971,10.894384622573853,True,3037
100,0.2816332653061224,5,0.0191,4.1395392417907715,10.91631031036377,True,2941
100,0.2816332653061224,6,0.022499999,4.052014112472534,10.879512310028076,True,2927
100,0.2816332653061224,7,0.0198,4.347401857376099,10.884734392166138,True,3151
100,0.2816332653061224,8,0.0188,4.237123012542725,10.938616037368774,True,3026
100,0.2816332653061224,9,0.0185,4.105342626571655,10.918651103973389,True,2950
100,0.28775551020408163,0,0.021399999,4.063340663909912,10.938746690750122,True,2940
100,0.28775551020408163,1,0.0164,3.9050981998443604,10.931934118270874,True,2733
100,0.28775551020408163,2,0.018099999,4.256367444992065,10.968629360198975,True,3075
100,0.28775551020408163,3,0.015999999,4.176201581954956,10.92892575263977,True,3000
100,0.28775551020408163,4,0.0207,4.211202621459961,10.901654958724976,True,3030
100,0.28775551020408163,5,0.0169,4.170525550842285,10.899012804031372,True,2948
100,0.28775551020408163,6,0.021399999,4.118839740753174,10.89631962776184,True,2928
100,0.28775551020408163,7,0.016999999,4.27563214302063,10.873661994934082,True,3054
100,0.28775551020408163,8,0.0157,4.1688292026519775,10.886232852935791,True,2987
100,0.28775551020408163,9,0.0177,4.160916090011597,10.872986555099487,True,2969
100,0.2938777551020408,0,0.0196,4.096538305282593,10.872253179550171,True,2909
100,0.2938777551020408,1,0.0149,3.4162402153015137,10.844288349151611,True,2310
100,0.2938777551020408,2,0.0179,3.867206573486328,10.973199605941772,True,2737
100,0.2938777551020408,3,0.0165,4.155552864074707,10.970251321792603,True,3000
100,0.2938777551020408,4,0.0177,4.181462287902832,10.895467519760132,True,3011
100,0.2938777551020408,5,0.0174,4.114361763000488,10.916386604309082,True,2932
100,0.2938777551020408,6,0.021,4.0926690101623535,10.93946623802185,True,2920
100,0.2938777551020408,7,0.015999999,4.026557207107544,10.937697172164917,True,2898
100,0.2938777551020408,8,0.0189,4.137861967086792,10.90080714225769,True,2920
100,0.2938777551020408,9,0.021599999,4.165213584899902,10.93167495727539,True,2957
100,0.3,0,0.0196,4.0424277782440186,10.849963903427124,True,2901
100,0.3,1,0.014699999,3.3890492916107178,10.90231728553772,True,2305
100,0.3,2,0.0168,3.91988205909729,10.945791006088257,True,2757
100,0.3,3,0.0224,4.260688543319702,10.952794313430786,True,3023
100,0.3,4,0.017099999,4.203205108642578,10.897008419036865,True,3008
100,0.3,5,0.015199999,4.4698357582092285,10.912816047668457,True,2912
100,0.3,6,0.0219,4.11281156539917,10.88190770149231,True,2924
100,0.3,7,0.012,4.11412239074707,10.875545740127563,True,2926
100,0.3,8,0.0198,4.079936742782593,10.909017324447632,True,2911
100,0.3,9,0.0158,4.123117685317993,10.914835691452026,True,2954
