s1,s2,t,z
0.5379831739701331,0.21328837051987648,2017-12-01,0.3448455814528594
0.8182582622393966,0.9948432589881122,2017-12-01,0.5604565463376994
0.321746907196939,0.4920395875815302,2017-12-01,0.34653792602727407
0.5823269367683679,0.6276341180782765,2017-12-01,0.4274825713153353
0.0709323794580996,0.005961335031315684,2017-12-01,0.21888784020476126
0.5706440131179988,0.28585399873554707,2017-12-01,0.36955413308339696
0.5606772506143898,0.9864804171957076,2017-12-01,0.5035172488598578
0.4341709394939244,0.7576923249289393,2017-12-01,0.425032380275612
0.96194878523238,0.06827499088831246,2017-12-01,0.3950717702122157
0.7112716843839735,0.810763978632167,2017-12-01,0.5247681686968713
0.2584695320110768,0.12287140707485378,2017-12-01,0.2730032918834379
0.9256775376852602,0.40991836064495146,2017-12-01,0.4748592317862571
0.4208116631489247,0.9275436452589929,2017-12-01,0.47752112568837635
0.816300745587796,0.5542082393076271,2017-12-01,0.48173425778254353
0.754665047628805,0.014266614336520433,2017-12-01,0.35673441998871547
0.4121433044783771,0.9673652811907232,2017-12-01,0.4633781578920935
0.514416832011193,0.7700655325315893,2017-12-01,0.4468014353808599
0.5422847184818238,0.07995241321623325,2017-12-01,0.3319613382850708
0.9740243041887879,0.36541984835639596,2017-12-01,0.45480529538320924
0.073637954890728,0.48042654525488615,2017-12-01,0.3160883009997594
0.7695038053207099,0.6757606919854879,2017-12-01,0.48371750372546624
0.8725549092050642,0.7864472507499158,2017-12-01,0.5278166718500596
0.989865584531799,0.810058057308197,2017-12-01,0.552089033863051
0.9651476440485567,0.07867750362493098,2017-12-01,0.4064636181719921
0.6364213186316192,0.16891444101929665,2017-12-01,0.3698390003467012
0.06538929394446313,0.0367327940184623,2017-12-01,0.22496174936799682
0.12841475498862565,0.24014230887405574,2017-12-01,0.27138677129530214
0.49278478045016527,0.9121951819397509,2017-12-01,0.4896960477248861
0.6632448602467775,0.0013634797651320696,2017-12-01,0.34948170534385015
0.18937871372327209,0.22730044811032712,2017-12-01,0.28327214307757137
0.17759839328937232,0.1682629317510873,2017-12-01,0.2738771595391695
0.1155603255610913,0.14976251497864723,2017-12-01,0.2558467545985951
0.15695240022614598,0.6480971612036228,2017-12-01,0.9952135304850798
0.8574108495377004,0.48557254928164184,2017-12-01,0.45933081834240896
0.42486053169704974,0.693244319409132,2017-12-01,0.4428186748474483
0.8783416710793972,0.2896694566588849,2017-12-01,0.4424150034254183
0.8248265639413148,0.9786716597154737,2017-12-01,0.5681204624506224
0.978819616837427,0.28812632942572236,2017-12-01,0.4548649232931243
0.6345430158544332,0.5257645212113857,2017-12-01,0.43691539306308647
0.6915232760366052,0.0778222696390003,2017-12-01,0.35538766953058093
0.792183339362964,0.6785538352560252,2017-12-01,0.49456742246467056
0.0341706455219537,0.18194971652701497,2017-12-01,0.2454582955292242
0.8199936810415238,0.5298044551163912,2017-12-01,0.4598549763715409
0.6876361626200378,0.801678828895092,2017-12-01,0.5218752193227382
0.43177689192816615,0.3131871959194541,2017-12-01,0.3570124354722329
0.2438757868949324,0.6912734117358923,2017-12-01,0.8983511838918209
0.008147703018039465,0.7730445226188749,2017-12-01,0.8287513036224068
0.4211061433888972,0.26179363252595067,2017-12-01,0.3303073743229208
0.7869569079484791,0.6787601530086249,2017-12-01,0.5102549972661794
0.5955921227578074,0.9921432959381491,2017-12-01,0.5136033482089637
0.9849630587268621,0.5514875198714435,2017-12-01,0.484075207155142
0.5280434559099376,0.9306844735983759,2017-12-01,0.5053867778556584
0.5232784177642316,0.20740434480831027,2017-12-01,0.3574588438417959
0.7864448048640043,0.22995903948321939,2017-12-01,0.39553760567585766
0.08772240928374231,0.48398658935911953,2017-12-01,0.30023805006863646
0.2561119806487113,0.4610593938268721,2017-12-01,0.32508899908815025
0.35660412022843957,0.7827213569544256,2017-12-01,0.4275800494596015
0.24905545799992979,6.052660755813122e-4,2017-12-01,0.23159285904230556
0.17501848773099482,0.7506233800668269,2017-12-01,1.3187788442896844
0.5729220807552338,0.8307324375491589,2017-12-01,0.4823666248846648
0.4833931482862681,0.3146712363231927,2017-12-01,0.36816806914239625
0.8099489691667259,0.7120331600308418,2017-12-01,0.49619679457071614
0.75051523395814,0.2517115492373705,2017-12-01,0.39920932903934536
0.3474437976256013,0.3093474982306361,2017-12-01,0.33390774153166186
0.8068744842894375,0.6959548471495509,2017-12-01,0.517755129670171
0.25176422810181975,0.4230956470128149,2017-12-01,0.3253865397476558
0.5929635539650917,0.8528902130201459,2017-12-01,0.47312765077944274
0.15621573338285089,0.5343999166507274,2017-12-01,0.33562308794211637
0.1751596515532583,0.5481775163207203,2017-12-01,0.3955514243826026
0.22637730091810226,0.8455439785029739,2017-12-01,0.8519981927093713
0.7919632520060986,0.37702907994389534,2017-12-01,0.44151932943393013
0.38837647973559797,0.1660436785314232,2017-12-01,0.3094756377818307
0.9112220325041562,0.1892480286769569,2017-12-01,0.4240249514913652
0.1218470511958003,0.8568678160663694,2017-12-01,0.9910484531718261
0.9878351569641382,0.337503234623,2017-12-01,0.46530309816911347
0.7552879205904901,0.775028235046193,2017-12-01,0.4998336045296888
0.31077583390288055,0.06907020206563175,2017-12-01,0.2885893009999664
0.01986535801552236,0.24094926565885544,2017-12-01,0.24810518430711784
0.6822830613236874,0.24280183785595,2017-12-01,0.39168461755035233
0.43873606668785214,0.38711298909038305,2017-12-01,0.36681620270094834
0.8837007053662091,0.8718050210736692,2017-12-01,0.5689163900358474
0.07424378558062017,0.9671970484778285,2017-12-01,0.41556570868585474
0.45366955595090985,0.8669162709265947,2017-12-01,0.4607402538168773
0.8880362706258893,0.4377153015229851,2017-12-01,0.4650588249071013
0.7001592416781932,0.19193779211491346,2017-12-01,0.377166314674487
0.30461561121046543,0.08229440450668335,2017-12-01,0.2564735421737068
0.5848908023908734,0.583451637532562,2017-12-01,0.450642426932894
0.8704537700396031,0.07036149548366666,2017-12-01,0.3988018646495291
0.44652355927973986,0.5276626558043063,2017-12-01,0.3871710766545565
0.3373730396851897,0.472288285382092,2017-12-01,0.36575234060516015
0.5669086086563766,0.048191370675340295,2017-12-01,0.32543895490241326
0.4157649816479534,0.5945408076513559,2017-12-01,0.39073356374933765
0.8326606648042798,0.7912712150719017,2017-12-01,0.5396854501117685
0.15370758809149265,0.5988686836790293,2017-12-01,0.675477107592192
0.6586490431800485,0.027915929211303592,2017-12-01,0.3391488315577049
0.0010268189944326878,0.39572663186118007,2017-12-01,0.28339940026552
0.32045092852786183,0.10624396451748908,2017-12-01,0.275397733915976
0.9501328805927187,0.024111388018354774,2017-12-01,0.383994560426542
0.012552509550005198,0.840897767804563,2017-12-01,0.6691919076837137
0.07909076544456184,0.3263999258633703,2017-12-01,0.2868589942667085
0.5379831739701331,0.21328837051987648,2017-12-02,0.3415758657523405
0.8182582622393966,0.9948432589881122,2017-12-02,0.582830790593537
0.321746907196939,0.4920395875815302,2017-12-02,0.5302906123417819
0.5823269367683679,0.6276341180782765,2017-12-02,0.46393240826345145
0.0709323794580996,0.005961335031315684,2017-12-02,0.20041989480875808
0.5706440131179988,0.28585399873554707,2017-12-02,0.3680866446062684
0.5606772506143898,0.9864804171957076,2017-12-02,0.5384558368625584
0.4341709394939244,0.7576923249289393,2017-12-02,0.45466762258726573
0.96194878523238,0.06827499088831246,2017-12-02,0.40267736696413126
0.7112716843839735,0.810763978632167,2017-12-02,0.5362138702951355
0.2584695320110768,0.12287140707485378,2017-12-02,0.26290322133111443
0.9256775376852602,0.40991836064495146,2017-12-02,0.4467372389161156
0.4208116631489247,0.9275436452589929,2017-12-02,0.47716546344570976
0.816300745587796,0.5542082393076271,2017-12-02,0.4798987297091477
0.754665047628805,0.014266614336520433,2017-12-02,0.3588723209674939
0.4121433044783771,0.9673652811907232,2017-12-02,0.482368035494982
0.514416832011193,0.7700655325315893,2017-12-02,0.46468891827651754
0.5422847184818238,0.07995241321623325,2017-12-02,0.28838504816671645
0.9740243041887879,0.36541984835639596,2017-12-02,0.44495624201570166
0.073637954890728,0.48042654525488615,2017-12-02,0.3219043251450756
0.7695038053207099,0.6757606919854879,2017-12-02,0.5451837904120361
0.8725549092050642,0.7864472507499158,2017-12-02,0.5712556665885503
0.989865584531799,0.810058057308197,2017-12-02,0.5738891297321598
0.9651476440485567,0.07867750362493098,2017-12-02,0.3922760872943611
0.6364213186316192,0.16891444101929665,2017-12-02,0.3545784065249878
0.06538929394446313,0.0367327940184623,2017-12-02,0.23709486390024354
0.12841475498862565,0.24014230887405574,2017-12-02,0.2404194861649504
0.49278478045016527,0.9121951819397509,2017-12-02,0.5138477694205792
0.6632448602467775,0.0013634797651320696,2017-12-02,0.33794847106240006
0.18937871372327209,0.22730044811032712,2017-12-02,0.254277557733842
0.17759839328937232,0.1682629317510873,2017-12-02,0.2593908596426982
0.1155603255610913,0.14976251497864723,2017-12-02,0.24318757390320378
0.15695240022614598,0.6480971612036228,2017-12-02,0.9927212930489232
0.8574108495377004,0.48557254928164184,2017-12-02,0.4766677815245424
0.42486053169704974,0.693244319409132,2017-12-02,0.5260382093799212
0.8783416710793972,0.2896694566588849,2017-12-02,0.4126448696650622
0.8248265639413148,0.9786716597154737,2017-12-02,0.5664208609249263
0.978819616837427,0.28812632942572236,2017-12-02,0.4327184898603654
0.6345430158544332,0.5257645212113857,2017-12-02,0.45645794636362325
0.6915232760366052,0.0778222696390003,2017-12-02,0.33502340411446424
0.792183339362964,0.6785538352560252,2017-12-02,0.5159271414433168
0.0341706455219537,0.18194971652701497,2017-12-02,0.23712268744281914
0.8199936810415238,0.5298044551163912,2017-12-02,0.48326984100386244
0.6876361626200378,0.801678828895092,2017-12-02,0.5307848553823837
0.43177689192816615,0.3131871959194541,2017-12-02,0.32953202228594025
0.2438757868949324,0.6912734117358923,2017-12-02,1.1857904495807072
0.008147703018039465,0.7730445226188749,2017-12-02,0.35941817352004135
0.4211061433888972,0.26179363252595067,2017-12-02,0.32519501211495594
0.7869569079484791,0.6787601530086249,2017-12-02,0.5334053374373371
0.5955921227578074,0.9921432959381491,2017-12-02,0.5477257350272188
0.9849630587268621,0.5514875198714435,2017-12-02,0.5109442564600888
0.5280434559099376,0.9306844735983759,2017-12-02,0.5431728686680107
0.5232784177642316,0.20740434480831027,2017-12-02,0.3379604013608146
0.7864448048640043,0.22995903948321939,2017-12-02,0.3903235343801266
0.08772240928374231,0.48398658935911953,2017-12-02,0.31005284148089457
0.2561119806487113,0.4610593938268721,2017-12-02,0.46096266491539595
0.35660412022843957,0.7827213569544256,2017-12-02,0.597576071842661
0.24905545799992979,6.052660755813122e-4,2017-12-02,0.2370071497825812
0.17501848773099482,0.7506233800668269,2017-12-02,0.8344649056303596
0.5729220807552338,0.8307324375491589,2017-12-02,0.5119624247366309
0.4833931482862681,0.3146712363231927,2017-12-02,0.33876524323901697
0.8099489691667259,0.7120331600308418,2017-12-02,0.5458625218626876
0.75051523395814,0.2517115492373705,2017-12-02,0.391753558677014
0.3474437976256013,0.3093474982306361,2017-12-02,0.33780645052737773
0.8068744842894375,0.6959548471495509,2017-12-02,0.5541243113254659
0.25176422810181975,0.4230956470128149,2017-12-02,0.35680420492294956
0.5929635539650917,0.8528902130201459,2017-12-02,0.5304229604051578
0.15621573338285089,0.5343999166507274,2017-12-02,0.7029207010987191
0.1751596515532583,0.5481775163207203,2017-12-02,0.8079729126766034
0.22637730091810226,0.8455439785029739,2017-12-02,0.5185811976663868
0.7919632520060986,0.37702907994389534,2017-12-02,0.43767287358464574
0.38837647973559797,0.1660436785314232,2017-12-02,0.312264782807818
0.9112220325041562,0.1892480286769569,2017-12-02,0.416329698046689
0.1218470511958003,0.8568678160663694,2017-12-02,0.43107829978984513
0.9878351569641382,0.337503234623,2017-12-02,0.45510671530320185
0.7552879205904901,0.775028235046193,2017-12-02,0.5798582256773979
0.31077583390288055,0.06907020206563175,2017-12-02,0.28169411450889853
0.01986535801552236,0.24094926565885544,2017-12-02,0.23862149624964946
0.6822830613236874,0.24280183785595,2017-12-02,0.39540911213569035
0.43873606668785214,0.38711298909038305,2017-12-02,0.3304604811364374
0.8837007053662091,0.8718050210736692,2017-12-02,0.5961432843983333
0.07424378558062017,0.9671970484778285,2017-12-02,0.4278944794680368
0.45366955595090985,0.8669162709265947,2017-12-02,0.468819086293839
0.8880362706258893,0.4377153015229851,2017-12-02,0.4654647290809079
0.7001592416781932,0.19193779211491346,2017-12-02,0.35274649246870016
0.30461561121046543,0.08229440450668335,2017-12-02,0.27433422844320354
0.5848908023908734,0.583451637532562,2017-12-02,0.4508436977159916
0.8704537700396031,0.07036149548366666,2017-12-02,0.38273681335565657
0.44652355927973986,0.5276626558043063,2017-12-02,0.3455013476545006
0.3373730396851897,0.472288285382092,2017-12-02,0.4260116567546971
0.5669086086563766,0.048191370675340295,2017-12-02,0.29192239428660505
0.4157649816479534,0.5945408076513559,2017-12-02,0.5275270051210563
0.8326606648042798,0.7912712150719017,2017-12-02,0.5594068889568982
0.15370758809149265,0.5988686836790293,2017-12-02,0.8862882015830658
0.6586490431800485,0.027915929211303592,2017-12-02,0.3312175802700503
0.0010268189944326878,0.39572663186118007,2017-12-02,0.28881432827514686
0.32045092852786183,0.10624396451748908,2017-12-02,0.2861648255120764
0.9501328805927187,0.024111388018354774,2017-12-02,0.38888975820936955
0.012552509550005198,0.840897767804563,2017-12-02,0.3985825609936521
0.07909076544456184,0.3263999258633703,2017-12-02,0.27844586843794344
0.5379831739701331,0.21328837051987648,2017-12-03,0.2821099491497855
0.8182582622393966,0.9948432589881122,2017-12-03,0.5531547291100414
0.321746907196939,0.4920395875815302,2017-12-03,0.9862512640761132
0.5823269367683679,0.6276341180782765,2017-12-03,0.4346488537464656
0.0709323794580996,0.005961335031315684,2017-12-03,0.23636972038621973
0.5706440131179988,0.28585399873554707,2017-12-03,0.3148010884474103
0.5606772506143898,0.9864804171957076,2017-12-03,0.4942724550944569
0.4341709394939244,0.7576923249289393,2017-12-03,0.4684445278372681
0.96194878523238,0.06827499088831246,2017-12-03,0.41223766532096895
0.7112716843839735,0.810763978632167,2017-12-03,0.5229631042816615
0.2584695320110768,0.12287140707485378,2017-12-03,0.26731693537282586
0.9256775376852602,0.40991836064495146,2017-12-03,0.4686552035944963
0.4208116631489247,0.9275436452589929,2017-12-03,0.48519889083175066
0.816300745587796,0.5542082393076271,2017-12-03,0.49803199554792216
0.754665047628805,0.014266614336520433,2017-12-03,0.35916004599056206
0.4121433044783771,0.9673652811907232,2017-12-03,0.4980164393139205
0.514416832011193,0.7700655325315893,2017-12-03,0.4443144348887739
0.5422847184818238,0.07995241321623325,2017-12-03,0.2857932579001202
0.9740243041887879,0.36541984835639596,2017-12-03,0.47418339034579265
0.073637954890728,0.48042654525488615,2017-12-03,0.29053454106362925
0.7695038053207099,0.6757606919854879,2017-12-03,0.5101894907347935
0.8725549092050642,0.7864472507499158,2017-12-03,0.5585546608171046
0.989865584531799,0.810058057308197,2017-12-03,0.5659106063477519
0.9651476440485567,0.07867750362493098,2017-12-03,0.40148737467694784
0.6364213186316192,0.16891444101929665,2017-12-03,0.3031476041129467
0.06538929394446313,0.0367327940184623,2017-12-03,0.23398645453882516
0.12841475498862565,0.24014230887405574,2017-12-03,0.2630501915410018
0.49278478045016527,0.9121951819397509,2017-12-03,0.478467847343311
0.6632448602467775,0.0013634797651320696,2017-12-03,0.30178246498701883
0.18937871372327209,0.22730044811032712,2017-12-03,0.25258886657794477
0.17759839328937232,0.1682629317510873,2017-12-03,0.26443565736135094
0.1155603255610913,0.14976251497864723,2017-12-03,0.281006854536833
0.15695240022614598,0.6480971612036228,2017-12-03,0.40651462684642453
0.8574108495377004,0.48557254928164184,2017-12-03,0.4666654849111657
0.42486053169704974,0.693244319409132,2017-12-03,0.5726837430461819
0.8783416710793972,0.2896694566588849,2017-12-03,0.4014928983104288
0.8248265639413148,0.9786716597154737,2017-12-03,0.5521393262281322
0.978819616837427,0.28812632942572236,2017-12-03,0.43243630344754347
0.6345430158544332,0.5257645212113857,2017-12-03,0.41182480016303
0.6915232760366052,0.0778222696390003,2017-12-03,0.32252160465869073
0.792183339362964,0.6785538352560252,2017-12-03,0.5202772871680956
0.0341706455219537,0.18194971652701497,2017-12-03,0.250617738353751
0.8199936810415238,0.5298044551163912,2017-12-03,0.5137383144426909
0.6876361626200378,0.801678828895092,2017-12-03,0.5264235175801624
0.43177689192816615,0.3131871959194541,2017-12-03,0.30062882654986894
0.2438757868949324,0.6912734117358923,2017-12-03,0.5527606047890632
0.008147703018039465,0.7730445226188749,2017-12-03,0.3762823221245752
0.4211061433888972,0.26179363252595067,2017-12-03,0.28585317543062994
0.7869569079484791,0.6787601530086249,2017-12-03,0.5210071883947811
0.5955921227578074,0.9921432959381491,2017-12-03,0.4715287070225314
0.9849630587268621,0.5514875198714435,2017-12-03,0.5078538127938726
0.5280434559099376,0.9306844735983759,2017-12-03,0.46772752809287144
0.5232784177642316,0.20740434480831027,2017-12-03,0.28949639100829916
0.7864448048640043,0.22995903948321939,2017-12-03,0.3698898491449995
0.08772240928374231,0.48398658935911953,2017-12-03,0.29323439362121584
0.2561119806487113,0.4610593938268721,2017-12-03,0.7032638495275808
0.35660412022843957,0.7827213569544256,2017-12-03,0.4734783832109246
0.24905545799992979,6.052660755813122e-4,2017-12-03,0.26277127374720366
0.17501848773099482,0.7506233800668269,2017-12-03,0.42703403895970166
0.5729220807552338,0.8307324375491589,2017-12-03,0.503625302647343
0.4833931482862681,0.3146712363231927,2017-12-03,0.30007837290821915
0.8099489691667259,0.7120331600308418,2017-12-03,0.5392556192547697
0.75051523395814,0.2517115492373705,2017-12-03,0.37999516329907923
0.3474437976256013,0.3093474982306361,2017-12-03,0.30604645137690567
0.8068744842894375,0.6959548471495509,2017-12-03,0.5481656059169296
0.25176422810181975,0.4230956470128149,2017-12-03,0.5846953507741505
0.5929635539650917,0.8528902130201459,2017-12-03,0.4915287014540074
0.15621573338285089,0.5343999166507274,2017-12-03,0.4325606812165552
0.1751596515532583,0.5481775163207203,2017-12-03,0.4857373330929149
0.22637730091810226,0.8455439785029739,2017-12-03,0.46248408461333446
0.7919632520060986,0.37702907994389534,2017-12-03,0.39652475302555823
0.38837647973559797,0.1660436785314232,2017-12-03,0.2974827331749941
0.9112220325041562,0.1892480286769569,2017-12-03,0.4207271274046808
0.1218470511958003,0.8568678160663694,2017-12-03,0.45867186500039914
0.9878351569641382,0.337503234623,2017-12-03,0.44721950771244656
0.7552879205904901,0.775028235046193,2017-12-03,0.5263111160395254
0.31077583390288055,0.06907020206563175,2017-12-03,0.28630197770795934
0.01986535801552236,0.24094926565885544,2017-12-03,0.25544161531798437
0.6822830613236874,0.24280183785595,2017-12-03,0.35291569096433456
0.43873606668785214,0.38711298909038305,2017-12-03,0.4577665770094043
0.8837007053662091,0.8718050210736692,2017-12-03,0.5550061190708391
0.07424378558062017,0.9671970484778285,2017-12-03,0.4195119720699767
0.45366955595090985,0.8669162709265947,2017-12-03,0.45964865112231834
0.8880362706258893,0.4377153015229851,2017-12-03,0.46903073064283685
0.7001592416781932,0.19193779211491346,2017-12-03,0.38301255446558435
0.30461561121046543,0.08229440450668335,2017-12-03,0.28145066151397596
0.5848908023908734,0.583451637532562,2017-12-03,0.41629696742076644
0.8704537700396031,0.07036149548366666,2017-12-03,0.4057328158685785
0.44652355927973986,0.5276626558043063,2017-12-03,0.7850223937607607
0.3373730396851897,0.472288285382092,2017-12-03,0.9266468907296692
0.5669086086563766,0.048191370675340295,2017-12-03,0.28992329943551937
0.4157649816479534,0.5945408076513559,2017-12-03,0.9046949592215846
0.8326606648042798,0.7912712150719017,2017-12-03,0.538321696360264
0.15370758809149265,0.5988686836790293,2017-12-03,0.422404761636333
0.6586490431800485,0.027915929211303592,2017-12-03,0.3266360758825685
0.0010268189944326878,0.39572663186118007,2017-12-03,0.2796905646411308
0.32045092852786183,0.10624396451748908,2017-12-03,0.27265250604544755
0.9501328805927187,0.024111388018354774,2017-12-03,0.38438291043268313
0.012552509550005198,0.840897767804563,2017-12-03,0.3810097916077597
0.07909076544456184,0.3263999258633703,2017-12-03,0.2710629012928879
0.5379831739701331,0.21328837051987648,2017-12-04,0.3295003062950086
0.8182582622393966,0.9948432589881122,2017-12-04,0.57055900850646
0.321746907196939,0.4920395875815302,2017-12-04,0.6179010535540985
0.5823269367683679,0.6276341180782765,2017-12-04,0.4765957563999484
0.0709323794580996,0.005961335031315684,2017-12-04,0.2155521352591739
0.5706440131179988,0.28585399873554707,2017-12-04,0.4065989085922619
0.5606772506143898,0.9864804171957076,2017-12-04,0.515319718621176
0.4341709394939244,0.7576923249289393,2017-12-04,0.46625427122388147
0.96194878523238,0.06827499088831246,2017-12-04,0.4115866125798841
0.7112716843839735,0.810763978632167,2017-12-04,0.5039069692674434
0.2584695320110768,0.12287140707485378,2017-12-04,0.2589705371684049
0.9256775376852602,0.40991836064495146,2017-12-04,0.47879851985706917
0.4208116631489247,0.9275436452589929,2017-12-04,0.4841715609169136
0.816300745587796,0.5542082393076271,2017-12-04,0.45972272153045124
0.754665047628805,0.014266614336520433,2017-12-04,0.3522634252448215
0.4121433044783771,0.9673652811907232,2017-12-04,0.47740500889250487
0.514416832011193,0.7700655325315893,2017-12-04,0.46309935971532434
0.5422847184818238,0.07995241321623325,2017-12-04,0.30295108663606896
0.9740243041887879,0.36541984835639596,2017-12-04,0.45197393275694
0.073637954890728,0.48042654525488615,2017-12-04,0.2978990683165984
0.7695038053207099,0.6757606919854879,2017-12-04,0.5140511810008506
0.8725549092050642,0.7864472507499158,2017-12-04,0.5192943027735261
0.989865584531799,0.810058057308197,2017-12-04,0.5280286323527162
0.9651476440485567,0.07867750362493098,2017-12-04,0.41896230273738483
0.6364213186316192,0.16891444101929665,2017-12-04,0.30789136403737427
0.06538929394446313,0.0367327940184623,2017-12-04,0.22391061840821802
0.12841475498862565,0.24014230887405574,2017-12-04,0.2379199248484254
0.49278478045016527,0.9121951819397509,2017-12-04,0.4944089009197781
0.6632448602467775,0.0013634797651320696,2017-12-04,0.3134112019730494
0.18937871372327209,0.22730044811032712,2017-12-04,0.2546749860266091
0.17759839328937232,0.1682629317510873,2017-12-04,0.23473823519058862
0.1155603255610913,0.14976251497864723,2017-12-04,0.23420011874093474
0.15695240022614598,0.6480971612036228,2017-12-04,0.35266092066409144
0.8574108495377004,0.48557254928164184,2017-12-04,0.4781999367193575
0.42486053169704974,0.693244319409132,2017-12-04,0.4620033804416107
0.8783416710793972,0.2896694566588849,2017-12-04,0.4232687013702518
0.8248265639413148,0.9786716597154737,2017-12-04,0.5383875263523238
0.978819616837427,0.28812632942572236,2017-12-04,0.4395550179159339
0.6345430158544332,0.5257645212113857,2017-12-04,0.4885260819677143
0.6915232760366052,0.0778222696390003,2017-12-04,0.321565229003075
0.792183339362964,0.6785538352560252,2017-12-04,0.5092850581530112
0.0341706455219537,0.18194971652701497,2017-12-04,0.24121724262157118
0.8199936810415238,0.5298044551163912,2017-12-04,0.46777833158620163
0.6876361626200378,0.801678828895092,2017-12-04,0.49360010494940004
0.43177689192816615,0.3131871959194541,2017-12-04,0.6205417850185008
0.2438757868949324,0.6912734117358923,2017-12-04,0.39951652404045546
0.008147703018039465,0.7730445226188749,2017-12-04,0.3238866968438401
0.4211061433888972,0.26179363252595067,2017-12-04,0.4690906336166246
0.7869569079484791,0.6787601530086249,2017-12-04,0.5265515992138068
0.5955921227578074,0.9921432959381491,2017-12-04,0.5195984034019311
0.9849630587268621,0.5514875198714435,2017-12-04,0.5284032546175984
0.5280434559099376,0.9306844735983759,2017-12-04,0.4815741722300766
0.5232784177642316,0.20740434480831027,2017-12-04,0.31641735584406794
0.7864448048640043,0.22995903948321939,2017-12-04,0.3525802813831628
0.08772240928374231,0.48398658935911953,2017-12-04,0.3269146600139615
0.2561119806487113,0.4610593938268721,2017-12-04,0.42485678853656517
0.35660412022843957,0.7827213569544256,2017-12-04,0.46371258063815096
0.24905545799992979,6.052660755813122e-4,2017-12-04,0.24167340916802174
0.17501848773099482,0.7506233800668269,2017-12-04,0.38143662920911514
0.5729220807552338,0.8307324375491589,2017-12-04,0.4695316943081685
0.4833931482862681,0.3146712363231927,2017-12-04,0.6168139935457095
0.8099489691667259,0.7120331600308418,2017-12-04,0.5322576342241965
0.75051523395814,0.2517115492373705,2017-12-04,0.3527338230545226
0.3474437976256013,0.3093474982306361,2017-12-04,0.5033985404018703
0.8068744842894375,0.6959548471495509,2017-12-04,0.5433996104564792
0.25176422810181975,0.4230956470128149,2017-12-04,0.4078353727083169
0.5929635539650917,0.8528902130201459,2017-12-04,0.4877277742414242
0.15621573338285089,0.5343999166507274,2017-12-04,0.3311801948939369
0.1751596515532583,0.5481775163207203,2017-12-04,0.3509677536542804
0.22637730091810226,0.8455439785029739,2017-12-04,0.4267295071246545
0.7919632520060986,0.37702907994389534,2017-12-04,0.39840221614478444
0.38837647973559797,0.1660436785314232,2017-12-04,0.2784726030011826
0.9112220325041562,0.1892480286769569,2017-12-04,0.40718725608485173
0.1218470511958003,0.8568678160663694,2017-12-04,0.3734788533060269
0.9878351569641382,0.337503234623,2017-12-04,0.4707096826430245
0.7552879205904901,0.775028235046193,2017-12-04,0.5118310039862425
0.31077583390288055,0.06907020206563175,2017-12-04,0.26522476590147037
0.01986535801552236,0.24094926565885544,2017-12-04,0.2312491004560978
0.6822830613236874,0.24280183785595,2017-12-04,0.33189469078657313
0.43873606668785214,0.38711298909038305,2017-12-04,0.8864578853741931
0.8837007053662091,0.8718050210736692,2017-12-04,0.5007826500538247
0.07424378558062017,0.9671970484778285,2017-12-04,0.4066725097456852
0.45366955595090985,0.8669162709265947,2017-12-04,0.4795988645036954
0.8880362706258893,0.4377153015229851,2017-12-04,0.4760692926007906
0.7001592416781932,0.19193779211491346,2017-12-04,0.32754637044656043
0.30461561121046543,0.08229440450668335,2017-12-04,0.2721810063877478
0.5848908023908734,0.583451637532562,2017-12-04,0.49545424846344194
0.8704537700396031,0.07036149548366666,2017-12-04,0.4159099249304548
0.44652355927973986,0.5276626558043063,2017-12-04,0.8380420171543449
0.3373730396851897,0.472288285382092,2017-12-04,0.6954876419691258
0.5669086086563766,0.048191370675340295,2017-12-04,0.33242952659514846
0.4157649816479534,0.5945408076513559,2017-12-04,0.627477336529036
0.8326606648042798,0.7912712150719017,2017-12-04,0.5185616002571612
0.15370758809149265,0.5988686836790293,2017-12-04,0.339876089594718
0.6586490431800485,0.027915929211303592,2017-12-04,0.31167776851869466
0.0010268189944326878,0.39572663186118007,2017-12-04,0.2562659433550911
0.32045092852786183,0.10624396451748908,2017-12-04,0.2797864824878192
0.9501328805927187,0.024111388018354774,2017-12-04,0.40644286514174377
0.012552509550005198,0.840897767804563,2017-12-04,0.34392309633761486
0.07909076544456184,0.3263999258633703,2017-12-04,0.25855048964538335
0.5379831739701331,0.21328837051987648,2017-12-05,0.6187397294218577
0.8182582622393966,0.9948432589881122,2017-12-05,0.5226932762107692
0.321746907196939,0.4920395875815302,2017-12-05,0.3435372105832489
0.5823269367683679,0.6276341180782765,2017-12-05,0.43808470869188976
0.0709323794580996,0.005961335031315684,2017-12-05,0.22028061884230474
0.5706440131179988,0.28585399873554707,2017-12-05,0.7914796457532042
0.5606772506143898,0.9864804171957076,2017-12-05,0.49349424597266767
0.4341709394939244,0.7576923249289393,2017-12-05,0.4481826416761587
0.96194878523238,0.06827499088831246,2017-12-05,0.3991006618963244
0.7112716843839735,0.810763978632167,2017-12-05,0.4903955301030685
0.2584695320110768,0.12287140707485378,2017-12-05,0.27854543501449863
0.9256775376852602,0.40991836064495146,2017-12-05,0.435583751795499
0.4208116631489247,0.9275436452589929,2017-12-05,0.4331748483976481
0.816300745587796,0.5542082393076271,2017-12-05,0.4795191428395261
0.754665047628805,0.014266614336520433,2017-12-05,0.32164706530574205
0.4121433044783771,0.9673652811907232,2017-12-05,0.4223338077294101
0.514416832011193,0.7700655325315893,2017-12-05,0.434354627328873
0.5422847184818238,0.07995241321623325,2017-12-05,0.3329062566165594
0.9740243041887879,0.36541984835639596,2017-12-05,0.43445212748793016
0.073637954890728,0.48042654525488615,2017-12-05,0.3152743745313339
0.7695038053207099,0.6757606919854879,2017-12-05,0.4535794224992817
0.8725549092050642,0.7864472507499158,2017-12-05,0.5014274663382907
0.989865584531799,0.810058057308197,2017-12-05,0.5556373817607528
0.9651476440485567,0.07867750362493098,2017-12-05,0.39831877506207247
0.6364213186316192,0.16891444101929665,2017-12-05,0.42545173887300125
0.06538929394446313,0.0367327940184623,2017-12-05,0.2225048624773783
0.12841475498862565,0.24014230887405574,2017-12-05,0.26311304832952753
0.49278478045016527,0.9121951819397509,2017-12-05,0.43685286896092235
0.6632448602467775,0.0013634797651320696,2017-12-05,0.3302924079794867
0.18937871372327209,0.22730044811032712,2017-12-05,0.2765728273543482
0.17759839328937232,0.1682629317510873,2017-12-05,0.2481194998182421
0.1155603255610913,0.14976251497864723,2017-12-05,0.19472723696324454
0.15695240022614598,0.6480971612036228,2017-12-05,0.3397139788475135
0.8574108495377004,0.48557254928164184,2017-12-05,0.43990127788540623
0.42486053169704974,0.693244319409132,2017-12-05,0.424369082386332
0.8783416710793972,0.2896694566588849,2017-12-05,0.366589728682685
0.8248265639413148,0.9786716597154737,2017-12-05,0.5289237545283568
0.978819616837427,0.28812632942572236,2017-12-05,0.39938033007781004
0.6345430158544332,0.5257645212113857,2017-12-05,0.49874457459820964
0.6915232760366052,0.0778222696390003,2017-12-05,0.3094588356052586
0.792183339362964,0.6785538352560252,2017-12-05,0.461348450736554
0.0341706455219537,0.18194971652701497,2017-12-05,0.21513400541206731
0.8199936810415238,0.5298044551163912,2017-12-05,0.44968711916404724
0.6876361626200378,0.801678828895092,2017-12-05,0.47525585471239334
0.43177689192816615,0.3131871959194541,2017-12-05,0.6170147090847821
0.2438757868949324,0.6912734117358923,2017-12-05,0.35789058304527865
0.008147703018039465,0.7730445226188749,2017-12-05,0.36057853648824667
0.4211061433888972,0.26179363252595067,2017-12-05,0.5484819844532817
0.7869569079484791,0.6787601530086249,2017-12-05,0.47253829113602736
0.5955921227578074,0.9921432959381491,2017-12-05,0.5170750319500231
0.9849630587268621,0.5514875198714435,2017-12-05,0.4924561015761078
0.5280434559099376,0.9306844735983759,2017-12-05,0.4654483124132093
0.5232784177642316,0.20740434480831027,2017-12-05,0.5900600589073353
0.7864448048640043,0.22995903948321939,2017-12-05,0.33868626874985436
0.08772240928374231,0.48398658935911953,2017-12-05,0.3079743423363319
0.2561119806487113,0.4610593938268721,2017-12-05,0.35202018941164104
0.35660412022843957,0.7827213569544256,2017-12-05,0.40511615852390354
0.24905545799992979,6.052660755813122e-4,2017-12-05,0.26151223950083824
0.17501848773099482,0.7506233800668269,2017-12-05,0.37225103935761444
0.5729220807552338,0.8307324375491589,2017-12-05,0.45238500961558104
0.4833931482862681,0.3146712363231927,2017-12-05,0.7479958598340335
0.8099489691667259,0.7120331600308418,2017-12-05,0.4636877882383772
0.75051523395814,0.2517115492373705,2017-12-05,0.3721501199351794
0.3474437976256013,0.3093474982306361,2017-12-05,0.38703143713895416
0.8068744842894375,0.6959548471495509,2017-12-05,0.48416329139664765
0.25176422810181975,0.4230956470128149,2017-12-05,0.3243475803097422
0.5929635539650917,0.8528902130201459,2017-12-05,0.4887614043060586
0.15621573338285089,0.5343999166507274,2017-12-05,0.33178451606503256
0.1751596515532583,0.5481775163207203,2017-12-05,0.32661181975505593
0.22637730091810226,0.8455439785029739,2017-12-05,0.39689056533958567
0.7919632520060986,0.37702907994389534,2017-12-05,0.4176696427726273
0.38837647973559797,0.1660436785314232,2017-12-05,0.3562247681601409
0.9112220325041562,0.1892480286769569,2017-12-05,0.3683062680209965
0.1218470511958003,0.8568678160663694,2017-12-05,0.39943905629584087
0.9878351569641382,0.337503234623,2017-12-05,0.44828457879934136
0.7552879205904901,0.775028235046193,2017-12-05,0.47404318298303405
0.31077583390288055,0.06907020206563175,2017-12-05,0.280461709565785
0.01986535801552236,0.24094926565885544,2017-12-05,0.226502378235022
0.6822830613236874,0.24280183785595,2017-12-05,0.4672719991479836
0.43873606668785214,0.38711298909038305,2017-12-05,0.6364754463557836
0.8837007053662091,0.8718050210736692,2017-12-05,0.5170722357722509
0.07424378558062017,0.9671970484778285,2017-12-05,0.3925613100610806
0.45366955595090985,0.8669162709265947,2017-12-05,0.4206866969790056
0.8880362706258893,0.4377153015229851,2017-12-05,0.43796974931725463
0.7001592416781932,0.19193779211491346,2017-12-05,0.3857927739637323
0.30461561121046543,0.08229440450668335,2017-12-05,0.27497245827097333
0.5848908023908734,0.583451637532562,2017-12-05,0.4395686949723856
0.8704537700396031,0.07036149548366666,2017-12-05,0.34666791447674394
0.44652355927973986,0.5276626558043063,2017-12-05,0.459532421845855
0.3373730396851897,0.472288285382092,2017-12-05,0.3608848289613244
0.5669086086563766,0.048191370675340295,2017-12-05,0.31263641112275026
0.4157649816479534,0.5945408076513559,2017-12-05,0.4016452477647866
0.8326606648042798,0.7912712150719017,2017-12-05,0.4944340622132818
0.15370758809149265,0.5988686836790293,2017-12-05,0.33030999184018517
0.6586490431800485,0.027915929211303592,2017-12-05,0.31691130665542616
0.0010268189944326878,0.39572663186118007,2017-12-05,0.270293431715657
0.32045092852786183,0.10624396451748908,2017-12-05,0.28817694699207946
0.9501328805927187,0.024111388018354774,2017-12-05,0.3899713139827129
0.012552509550005198,0.840897767804563,2017-12-05,0.3682331668601574
0.07909076544456184,0.3263999258633703,2017-12-05,0.2679493532126734
0.5379831739701331,0.21328837051987648,2017-12-06,0.611969244636632
0.8182582622393966,0.9948432589881122,2017-12-06,0.5649722201703229
0.321746907196939,0.4920395875815302,2017-12-06,0.3473300627318597
0.5823269367683679,0.6276341180782765,2017-12-06,0.46265969597718304
0.0709323794580996,0.005961335031315684,2017-12-06,0.2272681888262431
0.5706440131179988,0.28585399873554707,2017-12-06,0.7018972162878206
0.5606772506143898,0.9864804171957076,2017-12-06,0.5248279860905947
0.4341709394939244,0.7576923249289393,2017-12-06,0.42971905743825684
0.96194878523238,0.06827499088831246,2017-12-06,0.3846200627518768
0.7112716843839735,0.810763978632167,2017-12-06,0.5395833100980205
0.2584695320110768,0.12287140707485378,2017-12-06,0.2279728296535498
0.9256775376852602,0.40991836064495146,2017-12-06,0.48262774736841
0.4208116631489247,0.9275436452589929,2017-12-06,0.4950263265941198
0.816300745587796,0.5542082393076271,2017-12-06,0.43660414351548804
0.754665047628805,0.014266614336520433,2017-12-06,0.38055962014143024
0.4121433044783771,0.9673652811907232,2017-12-06,0.48797104688700893
0.514416832011193,0.7700655325315893,2017-12-06,0.45303544685390124
0.5422847184818238,0.07995241321623325,2017-12-06,0.45891638897209125
0.9740243041887879,0.36541984835639596,2017-12-06,0.46988793918579386
0.073637954890728,0.48042654525488615,2017-12-06,0.3406873813682257
0.7695038053207099,0.6757606919854879,2017-12-06,0.482150555847924
0.8725549092050642,0.7864472507499158,2017-12-06,0.5210235266541624
0.989865584531799,0.810058057308197,2017-12-06,0.5174683184319254
0.9651476440485567,0.07867750362493098,2017-12-06,0.4008508863768906
0.6364213186316192,0.16891444101929665,2017-12-06,0.74634273262883
0.06538929394446313,0.0367327940184623,2017-12-06,0.23040804717005944
0.12841475498862565,0.24014230887405574,2017-12-06,0.25011612504762737
0.49278478045016527,0.9121951819397509,2017-12-06,0.49947775154836915
0.6632448602467775,0.0013634797651320696,2017-12-06,0.40261477764684633
0.18937871372327209,0.22730044811032712,2017-12-06,0.27380308410107607
0.17759839328937232,0.1682629317510873,2017-12-06,0.25035250420231253
0.1155603255610913,0.14976251497864723,2017-12-06,0.23588592905684677
0.15695240022614598,0.6480971612036228,2017-12-06,0.35627711668686124
0.8574108495377004,0.48557254928164184,2017-12-06,0.44334301919920016
0.42486053169704974,0.693244319409132,2017-12-06,0.40490425679331177
0.8783416710793972,0.2896694566588849,2017-12-06,0.5105852998884016
0.8248265639413148,0.9786716597154737,2017-12-06,0.566874205118739
0.978819616837427,0.28812632942572236,2017-12-06,0.45486482968744085
0.6345430158544332,0.5257645212113857,2017-12-06,0.4421832385619024
0.6915232760366052,0.0778222696390003,2017-12-06,0.5223912870743674
0.792183339362964,0.6785538352560252,2017-12-06,0.47893484768098216
0.0341706455219537,0.18194971652701497,2017-12-06,0.247600989384437
0.8199936810415238,0.5298044551163912,2017-12-06,0.4586164760167511
0.6876361626200378,0.801678828895092,2017-12-06,0.5199312741728278
0.43177689192816615,0.3131871959194541,2017-12-06,0.4057001509471746
0.2438757868949324,0.6912734117358923,2017-12-06,0.38529767145259297
0.008147703018039465,0.7730445226188749,2017-12-06,0.3739586646126299
0.4211061433888972,0.26179363252595067,2017-12-06,0.38184466097178427
0.7869569079484791,0.6787601530086249,2017-12-06,0.4724621458866599
0.5955921227578074,0.9921432959381491,2017-12-06,0.5298214808489591
0.9849630587268621,0.5514875198714435,2017-12-06,0.5130959438522297
0.5280434559099376,0.9306844735983759,2017-12-06,0.4990861837351141
0.5232784177642316,0.20740434480831027,2017-12-06,0.5893153871365561
0.7864448048640043,0.22995903948321939,2017-12-06,0.6451792246088532
0.08772240928374231,0.48398658935911953,2017-12-06,0.3163234989533938
0.2561119806487113,0.4610593938268721,2017-12-06,0.32315014235542405
0.35660412022843957,0.7827213569544256,2017-12-06,0.4230075949371449
0.24905545799992979,6.052660755813122e-4,2017-12-06,0.23558877110162105
0.17501848773099482,0.7506233800668269,2017-12-06,0.39222093508471867
0.5729220807552338,0.8307324375491589,2017-12-06,0.4784171920700134
0.4833931482862681,0.3146712363231927,2017-12-06,0.49328944884592235
0.8099489691667259,0.7120331600308418,2017-12-06,0.47176200695239145
0.75051523395814,0.2517115492373705,2017-12-06,0.7123784253616174
0.3474437976256013,0.3093474982306361,2017-12-06,0.34939444809242004
0.8068744842894375,0.6959548471495509,2017-12-06,0.47949622881886056
0.25176422810181975,0.4230956470128149,2017-12-06,0.33051193735965684
0.5929635539650917,0.8528902130201459,2017-12-06,0.5083774334441613
0.15621573338285089,0.5343999166507274,2017-12-06,0.34628747673173393
0.1751596515532583,0.5481775163207203,2017-12-06,0.3439348792951542
0.22637730091810226,0.8455439785029739,2017-12-06,0.4122657289747492
0.7919632520060986,0.37702907994389534,2017-12-06,0.5077211938363158
0.38837647973559797,0.1660436785314232,2017-12-06,0.3328488217887945
0.9112220325041562,0.1892480286769569,2017-12-06,0.44451256866623134
0.1218470511958003,0.8568678160663694,2017-12-06,0.3835527717611753
0.9878351569641382,0.337503234623,2017-12-06,0.4766729292131938
0.7552879205904901,0.775028235046193,2017-12-06,0.5187513975396019
0.31077583390288055,0.06907020206563175,2017-12-06,0.24063318095026384
0.01986535801552236,0.24094926565885544,2017-12-06,0.25393069543303937
0.6822830613236874,0.24280183785595,2017-12-06,0.8043988315422935
0.43873606668785214,0.38711298909038305,2017-12-06,0.3870835546160282
0.8837007053662091,0.8718050210736692,2017-12-06,0.5200062534188264
0.07424378558062017,0.9671970484778285,2017-12-06,0.40613255138200405
0.45366955595090985,0.8669162709265947,2017-12-06,0.4488777608973317
0.8880362706258893,0.4377153015229851,2017-12-06,0.48285569558791447
0.7001592416781932,0.19193779211491346,2017-12-06,0.7334207503332092
0.30461561121046543,0.08229440450668335,2017-12-06,0.24624869754814377
0.5848908023908734,0.583451637532562,2017-12-06,0.46064478396991415
0.8704537700396031,0.07036149548366666,2017-12-06,0.37879098394124244
0.44652355927973986,0.5276626558043063,2017-12-06,0.3708814139407083
0.3373730396851897,0.472288285382092,2017-12-06,0.3602602913461152
0.5669086086563766,0.048191370675340295,2017-12-06,0.44070323159094427
0.4157649816479534,0.5945408076513559,2017-12-06,0.4089343496315088
0.8326606648042798,0.7912712150719017,2017-12-06,0.5009062895572964
0.15370758809149265,0.5988686836790293,2017-12-06,0.35431157847022504
0.6586490431800485,0.027915929211303592,2017-12-06,0.4365214533130969
0.0010268189944326878,0.39572663186118007,2017-12-06,0.29313982245699927
0.32045092852786183,0.10624396451748908,2017-12-06,0.2694819128286927
0.9501328805927187,0.024111388018354774,2017-12-06,0.38000008986219797
0.012552509550005198,0.840897767804563,2017-12-06,0.37544253775744846
0.07909076544456184,0.3263999258633703,2017-12-06,0.26795218278806754
0.5379831739701331,0.21328837051987648,2017-12-07,0.42762869747035637
0.8182582622393966,0.9948432589881122,2017-12-07,0.541285800989697
0.321746907196939,0.4920395875815302,2017-12-07,0.3615397951506594
0.5823269367683679,0.6276341180782765,2017-12-07,0.4416107808220984
0.0709323794580996,0.005961335031315684,2017-12-07,0.2195690013029049
0.5706440131179988,0.28585399873554707,2017-12-07,0.4520705483271839
0.5606772506143898,0.9864804171957076,2017-12-07,0.5061249255080991
0.4341709394939244,0.7576923249289393,2017-12-07,0.408758136850421
0.96194878523238,0.06827499088831246,2017-12-07,0.4718721207370806
0.7112716843839735,0.810763978632167,2017-12-07,0.5364183314894088
0.2584695320110768,0.12287140707485378,2017-12-07,0.2530198724923785
0.9256775376852602,0.40991836064495146,2017-12-07,0.4313431853026786
0.4208116631489247,0.9275436452589929,2017-12-07,0.4501850430911311
0.816300745587796,0.5542082393076271,2017-12-07,0.4853676529696335
0.754665047628805,0.014266614336520433,2017-12-07,0.5840599687349068
0.4121433044783771,0.9673652811907232,2017-12-07,0.4371221948599713
0.514416832011193,0.7700655325315893,2017-12-07,0.45031081183615396
0.5422847184818238,0.07995241321623325,2017-12-07,0.38235386360852053
0.9740243041887879,0.36541984835639596,2017-12-07,0.421028377107093
0.073637954890728,0.48042654525488615,2017-12-07,0.3096316076854903
0.7695038053207099,0.6757606919854879,2017-12-07,0.5087265034991402
0.8725549092050642,0.7864472507499158,2017-12-07,0.5144869506139019
0.989865584531799,0.810058057308197,2017-12-07,0.5450970003590817
0.9651476440485567,0.07867750362493098,2017-12-07,0.46796155349092405
0.6364213186316192,0.16891444101929665,2017-12-07,0.6055496110530548
0.06538929394446313,0.0367327940184623,2017-12-07,0.224241730602432
0.12841475498862565,0.24014230887405574,2017-12-07,0.27367739390551626
0.49278478045016527,0.9121951819397509,2017-12-07,0.47414006670046094
0.6632448602467775,0.0013634797651320696,2017-12-07,0.5032635053099214
0.18937871372327209,0.22730044811032712,2017-12-07,0.24292597618406706
0.17759839328937232,0.1682629317510873,2017-12-07,0.2527107820328791
0.1155603255610913,0.14976251497864723,2017-12-07,0.24929243756877487
0.15695240022614598,0.6480971612036228,2017-12-07,0.3470140608091634
0.8574108495377004,0.48557254928164184,2017-12-07,0.46030467347666965
0.42486053169704974,0.693244319409132,2017-12-07,0.41241133552871917
0.8783416710793972,0.2896694566588849,2017-12-07,0.5057825304793989
0.8248265639413148,0.9786716597154737,2017-12-07,0.5694416423004856
0.978819616837427,0.28812632942572236,2017-12-07,0.45369640286872553
0.6345430158544332,0.5257645212113857,2017-12-07,0.48783577348054374
0.6915232760366052,0.0778222696390003,2017-12-07,0.6626399931429338
0.792183339362964,0.6785538352560252,2017-12-07,0.5146428418462571
0.0341706455219537,0.18194971652701497,2017-12-07,0.2465020403793232
0.8199936810415238,0.5298044551163912,2017-12-07,0.47762837486039694
0.6876361626200378,0.801678828895092,2017-12-07,0.49747872861947223
0.43177689192816615,0.3131871959194541,2017-12-07,0.3427567385035467
0.2438757868949324,0.6912734117358923,2017-12-07,0.37804163942740154
0.008147703018039465,0.7730445226188749,2017-12-07,0.3505018080790486
0.4211061433888972,0.26179363252595067,2017-12-07,0.32476895420290974
0.7869569079484791,0.6787601530086249,2017-12-07,0.4982553841482716
0.5955921227578074,0.9921432959381491,2017-12-07,0.5284267508830052
0.9849630587268621,0.5514875198714435,2017-12-07,0.4884342633403425
0.5280434559099376,0.9306844735983759,2017-12-07,0.4911651677606055
0.5232784177642316,0.20740434480831027,2017-12-07,0.40114345659305484
0.7864448048640043,0.22995903948321939,2017-12-07,0.6937088511357747
0.08772240928374231,0.48398658935911953,2017-12-07,0.2988794228230247
0.2561119806487113,0.4610593938268721,2017-12-07,0.3286850076205
0.35660412022843957,0.7827213569544256,2017-12-07,0.39629240036700353
0.24905545799992979,6.052660755813122e-4,2017-12-07,0.2313538902914439
0.17501848773099482,0.7506233800668269,2017-12-07,0.4059425193315674
0.5729220807552338,0.8307324375491589,2017-12-07,0.48463814167214303
0.4833931482862681,0.3146712363231927,2017-12-07,0.3574026684598329
0.8099489691667259,0.7120331600308418,2017-12-07,0.5355607198756985
0.75051523395814,0.2517115492373705,2017-12-07,0.6579618067897308
0.3474437976256013,0.3093474982306361,2017-12-07,0.31270653841336854
0.8068744842894375,0.6959548471495509,2017-12-07,0.5108576121609367
0.25176422810181975,0.4230956470128149,2017-12-07,0.3399493982462778
0.5929635539650917,0.8528902130201459,2017-12-07,0.47527711208442336
0.15621573338285089,0.5343999166507274,2017-12-07,0.3337865777212139
0.1751596515532583,0.5481775163207203,2017-12-07,0.33728492645050234
0.22637730091810226,0.8455439785029739,2017-12-07,0.44593468173864204
0.7919632520060986,0.37702907994389534,2017-12-07,0.4722231568889083
0.38837647973559797,0.1660436785314232,2017-12-07,0.32098242314962516
0.9112220325041562,0.1892480286769569,2017-12-07,0.5867806531105831
0.1218470511958003,0.8568678160663694,2017-12-07,0.4340371671909666
0.9878351569641382,0.337503234623,2017-12-07,0.448630235093732
0.7552879205904901,0.775028235046193,2017-12-07,0.5279950675111852
0.31077583390288055,0.06907020206563175,2017-12-07,0.239256278949817
0.01986535801552236,0.24094926565885544,2017-12-07,0.25867866625771546
0.6822830613236874,0.24280183785595,2017-12-07,0.6526706999840806
0.43873606668785214,0.38711298909038305,2017-12-07,0.3570539832369929
0.8837007053662091,0.8718050210736692,2017-12-07,0.5421007828628143
0.07424378558062017,0.9671970484778285,2017-12-07,0.39224922422277936
0.45366955595090985,0.8669162709265947,2017-12-07,0.4495007223103136
0.8880362706258893,0.4377153015229851,2017-12-07,0.45340577373757096
0.7001592416781932,0.19193779211491346,2017-12-07,0.7159393249751563
0.30461561121046543,0.08229440450668335,2017-12-07,0.25464409206219457
0.5848908023908734,0.583451637532562,2017-12-07,0.44135424477670554
0.8704537700396031,0.07036149548366666,2017-12-07,0.5759750013077852
0.44652355927973986,0.5276626558043063,2017-12-07,0.4165701180354905
0.3373730396851897,0.472288285382092,2017-12-07,0.34944953180473604
0.5669086086563766,0.048191370675340295,2017-12-07,0.4163534962414108
0.4157649816479534,0.5945408076513559,2017-12-07,0.39985571575125534
0.8326606648042798,0.7912712150719017,2017-12-07,0.5183857899221015
0.15370758809149265,0.5988686836790293,2017-12-07,0.3529190095955399
0.6586490431800485,0.027915929211303592,2017-12-07,0.5263999667503723
0.0010268189944326878,0.39572663186118007,2017-12-07,0.28310413679656266
0.32045092852786183,0.10624396451748908,2017-12-07,0.27091461210499795
0.9501328805927187,0.024111388018354774,2017-12-07,0.438800369886446
0.012552509550005198,0.840897767804563,2017-12-07,0.36151245641405
0.07909076544456184,0.3263999258633703,2017-12-07,0.2737450617221024
0.5379831739701331,0.21328837051987648,2017-12-08,0.33587297238271613
0.8182582622393966,0.9948432589881122,2017-12-08,0.546596565509015
0.321746907196939,0.4920395875815302,2017-12-08,0.3382100532808768
0.5823269367683679,0.6276341180782765,2017-12-08,0.4240057241002278
0.0709323794580996,0.005961335031315684,2017-12-08,0.17453130426342628
0.5706440131179988,0.28585399873554707,2017-12-08,0.3334244017963141
0.5606772506143898,0.9864804171957076,2017-12-08,0.4589577950774399
0.4341709394939244,0.7576923249289393,2017-12-08,0.400763092771564
0.96194878523238,0.06827499088831246,2017-12-08,0.6060580439994371
0.7112716843839735,0.810763978632167,2017-12-08,0.5231077796135759
0.2584695320110768,0.12287140707485378,2017-12-08,0.23849946806513433
0.9256775376852602,0.40991836064495146,2017-12-08,0.43550959651499305
0.4208116631489247,0.9275436452589929,2017-12-08,0.42737320688976976
0.816300745587796,0.5542082393076271,2017-12-08,0.47098378583667566
0.754665047628805,0.014266614336520433,2017-12-08,0.5444466318639238
0.4121433044783771,0.9673652811907232,2017-12-08,0.4131235098111625
0.514416832011193,0.7700655325315893,2017-12-08,0.434619388781974
0.5422847184818238,0.07995241321623325,2017-12-08,0.3064767236248682
0.9740243041887879,0.36541984835639596,2017-12-08,0.4109849478494187
0.073637954890728,0.48042654525488615,2017-12-08,0.2815847917092777
0.7695038053207099,0.6757606919854879,2017-12-08,0.5071947846696454
0.8725549092050642,0.7864472507499158,2017-12-08,0.5645601709865739
0.989865584531799,0.810058057308197,2017-12-08,0.552064863130583
0.9651476440485567,0.07867750362493098,2017-12-08,0.6148931400702009
0.6364213186316192,0.16891444101929665,2017-12-08,0.3691732180430461
0.06538929394446313,0.0367327940184623,2017-12-08,0.1831646997580808
0.12841475498862565,0.24014230887405574,2017-12-08,0.29677335855452835
0.49278478045016527,0.9121951819397509,2017-12-08,0.4048797154683864
0.6632448602467775,0.0013634797651320696,2017-12-08,0.3864070335530802
0.18937871372327209,0.22730044811032712,2017-12-08,0.2961816961172158
0.17759839328937232,0.1682629317510873,2017-12-08,0.27657050174907827
0.1155603255610913,0.14976251497864723,2017-12-08,0.24468490264470938
0.15695240022614598,0.6480971612036228,2017-12-08,0.32566681468421477
0.8574108495377004,0.48557254928164184,2017-12-08,0.4668702856201542
0.42486053169704974,0.693244319409132,2017-12-08,0.38462658117905135
0.8783416710793972,0.2896694566588849,2017-12-08,0.44258715812738564
0.8248265639413148,0.9786716597154737,2017-12-08,0.5443234099476605
0.978819616837427,0.28812632942572236,2017-12-08,0.425091803644284
0.6345430158544332,0.5257645212113857,2017-12-08,0.4061054850806047
0.6915232760366052,0.0778222696390003,2017-12-08,0.43949151669823266
0.792183339362964,0.6785538352560252,2017-12-08,0.5083866363105286
0.0341706455219537,0.18194971652701497,2017-12-08,0.21556950502626276
0.8199936810415238,0.5298044551163912,2017-12-08,0.4454252366870153
0.6876361626200378,0.801678828895092,2017-12-08,0.5102438865654264
0.43177689192816615,0.3131871959194541,2017-12-08,0.3298671001528096
0.2438757868949324,0.6912734117358923,2017-12-08,0.3632926167750311
0.008147703018039465,0.7730445226188749,2017-12-08,0.3270871741989013
0.4211061433888972,0.26179363252595067,2017-12-08,0.30156987026614035
0.7869569079484791,0.6787601530086249,2017-12-08,0.4791204887993465
0.5955921227578074,0.9921432959381491,2017-12-08,0.4998213199125439
0.9849630587268621,0.5514875198714435,2017-12-08,0.4700526870247793
0.5280434559099376,0.9306844735983759,2017-12-08,0.4587379427822226
0.5232784177642316,0.20740434480831027,2017-12-08,0.31165282652092025
0.7864448048640043,0.22995903948321939,2017-12-08,0.47450731185832296
0.08772240928374231,0.48398658935911953,2017-12-08,0.28246909640118567
0.2561119806487113,0.4610593938268721,2017-12-08,0.3058345681239969
0.35660412022843957,0.7827213569544256,2017-12-08,0.3769112406772764
0.24905545799992979,6.052660755813122e-4,2017-12-08,0.22393342221097104
0.17501848773099482,0.7506233800668269,2017-12-08,0.3359279066832202
0.5729220807552338,0.8307324375491589,2017-12-08,0.46607366800055405
0.4833931482862681,0.3146712363231927,2017-12-08,0.30683458117238493
0.8099489691667259,0.7120331600308418,2017-12-08,0.5277693599490056
0.75051523395814,0.2517115492373705,2017-12-08,0.4277938838040537
0.3474437976256013,0.3093474982306361,2017-12-08,0.31824452455109914
0.8068744842894375,0.6959548471495509,2017-12-08,0.524294515669131
0.25176422810181975,0.4230956470128149,2017-12-08,0.29967373978806683
0.5929635539650917,0.8528902130201459,2017-12-08,0.47333775432617814
0.15621573338285089,0.5343999166507274,2017-12-08,0.29605119037499433
0.1751596515532583,0.5481775163207203,2017-12-08,0.2895047839323123
0.22637730091810226,0.8455439785029739,2017-12-08,0.368095270389598
0.7919632520060986,0.37702907994389534,2017-12-08,0.4206316191969655
0.38837647973559797,0.1660436785314232,2017-12-08,0.2609946643096426
0.9112220325041562,0.1892480286769569,2017-12-08,0.5158440291470429
0.1218470511958003,0.8568678160663694,2017-12-08,0.3641700344818243
0.9878351569641382,0.337503234623,2017-12-08,0.3895148267738516
0.7552879205904901,0.775028235046193,2017-12-08,0.537239509635658
0.31077583390288055,0.06907020206563175,2017-12-08,0.23463613721953697
0.01986535801552236,0.24094926565885544,2017-12-08,0.22447994645822245
0.6822830613236874,0.24280183785595,2017-12-08,0.37973245496214336
0.43873606668785214,0.38711298909038305,2017-12-08,0.33461670975461927
0.8837007053662091,0.8718050210736692,2017-12-08,0.5436604626687959
0.07424378558062017,0.9671970484778285,2017-12-08,0.3850909013552976
0.45366955595090985,0.8669162709265947,2017-12-08,0.37199066310483314
0.8880362706258893,0.4377153015229851,2017-12-08,0.4571835422031615
0.7001592416781932,0.19193779211491346,2017-12-08,0.4089571069656149
0.30461561121046543,0.08229440450668335,2017-12-08,0.26261732090240386
0.5848908023908734,0.583451637532562,2017-12-08,0.3852877371591566
0.8704537700396031,0.07036149548366666,2017-12-08,0.6930547866203072
0.44652355927973986,0.5276626558043063,2017-12-08,0.3785628485145145
0.3373730396851897,0.472288285382092,2017-12-08,0.323852305715666
0.5669086086563766,0.048191370675340295,2017-12-08,0.3168482440663083
0.4157649816479534,0.5945408076513559,2017-12-08,0.37063643387673106
0.8326606648042798,0.7912712150719017,2017-12-08,0.5558773640327827
0.15370758809149265,0.5988686836790293,2017-12-08,0.3231721592495479
0.6586490431800485,0.027915929211303592,2017-12-08,0.3853262425308938
0.0010268189944326878,0.39572663186118007,2017-12-08,0.26212098207555634
0.32045092852786183,0.10624396451748908,2017-12-08,0.2385248385537006
0.9501328805927187,0.024111388018354774,2017-12-08,0.6393164540786348
0.012552509550005198,0.840897767804563,2017-12-08,0.34667506525233277
0.07909076544456184,0.3263999258633703,2017-12-08,0.2534931187283471
0.5379831739701331,0.21328837051987648,2017-12-09,0.3150175172437363
0.8182582622393966,0.9948432589881122,2017-12-09,0.5418495378005848
0.321746907196939,0.4920395875815302,2017-12-09,0.3207262779414738
0.5823269367683679,0.6276341180782765,2017-12-09,0.39985496546046745
0.0709323794580996,0.005961335031315684,2017-12-09,0.1976742311675976
0.5706440131179988,0.28585399873554707,2017-12-09,0.3427942572762075
0.5606772506143898,0.9864804171957076,2017-12-09,0.5435243101064533
0.4341709394939244,0.7576923249289393,2017-12-09,0.3733856063250067
0.96194878523238,0.06827499088831246,2017-12-09,0.550722532579179
0.7112716843839735,0.810763978632167,2017-12-09,0.4891230532611649
0.2584695320110768,0.12287140707485378,2017-12-09,0.24785169251375444
0.9256775376852602,0.40991836064495146,2017-12-09,0.4811735706583249
0.4208116631489247,0.9275436452589929,2017-12-09,0.4745712022203545
0.816300745587796,0.5542082393076271,2017-12-09,0.4880320138147572
0.754665047628805,0.014266614336520433,2017-12-09,0.379757713284615
0.4121433044783771,0.9673652811907232,2017-12-09,0.48488737406919186
0.514416832011193,0.7700655325315893,2017-12-09,0.376887246713446
0.5422847184818238,0.07995241321623325,2017-12-09,0.3054202304807923
0.9740243041887879,0.36541984835639596,2017-12-09,0.4694683921383056
0.073637954890728,0.48042654525488615,2017-12-09,0.3001633988386965
0.7695038053207099,0.6757606919854879,2017-12-09,0.49628859965396105
0.8725549092050642,0.7864472507499158,2017-12-09,0.5196710134342754
0.989865584531799,0.810058057308197,2017-12-09,0.5304328520473903
0.9651476440485567,0.07867750362493098,2017-12-09,0.5562776695270467
0.6364213186316192,0.16891444101929665,2017-12-09,0.31102459461632614
0.06538929394446313,0.0367327940184623,2017-12-09,0.2228718957719863
0.12841475498862565,0.24014230887405574,2017-12-09,0.30019188882661774
0.49278478045016527,0.9121951819397509,2017-12-09,0.4789829441644883
0.6632448602467775,0.0013634797651320696,2017-12-09,0.30386103684301485
0.18937871372327209,0.22730044811032712,2017-12-09,0.2588276681805427
0.17759839328937232,0.1682629317510873,2017-12-09,0.2785602433817163
0.1155603255610913,0.14976251497864723,2017-12-09,0.2422456342342739
0.15695240022614598,0.6480971612036228,2017-12-09,0.34374727565315705
0.8574108495377004,0.48557254928164184,2017-12-09,0.4870810479658745
0.42486053169704974,0.693244319409132,2017-12-09,0.3788216004296717
0.8783416710793972,0.2896694566588849,2017-12-09,0.4604976013479657
0.8248265639413148,0.9786716597154737,2017-12-09,0.5433909655248371
0.978819616837427,0.28812632942572236,2017-12-09,0.46494233180364714
0.6345430158544332,0.5257645212113857,2017-12-09,0.3868159436524674
0.6915232760366052,0.0778222696390003,2017-12-09,0.31375435140622027
0.792183339362964,0.6785538352560252,2017-12-09,0.5108827211858876
0.0341706455219537,0.18194971652701497,2017-12-09,0.300851843111674
0.8199936810415238,0.5298044551163912,2017-12-09,0.48222785010146413
0.6876361626200378,0.801678828895092,2017-12-09,0.4879789871189
0.43177689192816615,0.3131871959194541,2017-12-09,0.28956418587053373
0.2438757868949324,0.6912734117358923,2017-12-09,0.3315169185371302
0.008147703018039465,0.7730445226188749,2017-12-09,0.3632146964799276
0.4211061433888972,0.26179363252595067,2017-12-09,0.2947218697037402
0.7869569079484791,0.6787601530086249,2017-12-09,0.506958266906476
0.5955921227578074,0.9921432959381491,2017-12-09,0.5537114925554498
0.9849630587268621,0.5514875198714435,2017-12-09,0.5265683314780532
0.5280434559099376,0.9306844735983759,2017-12-09,0.5043645943694072
0.5232784177642316,0.20740434480831027,2017-12-09,0.3233263880802783
0.7864448048640043,0.22995903948321939,2017-12-09,0.3533429682303884
0.08772240928374231,0.48398658935911953,2017-12-09,0.3117915742733556
0.2561119806487113,0.4610593938268721,2017-12-09,0.319572516229434
0.35660412022843957,0.7827213569544256,2017-12-09,0.38863628799444166
0.24905545799992979,6.052660755813122e-4,2017-12-09,0.2011886882296411
0.17501848773099482,0.7506233800668269,2017-12-09,0.3470321728806013
0.5729220807552338,0.8307324375491589,2017-12-09,0.42767527606404776
0.4833931482862681,0.3146712363231927,2017-12-09,0.3158502075931345
0.8099489691667259,0.7120331600308418,2017-12-09,0.5196028052407954
0.75051523395814,0.2517115492373705,2017-12-09,0.35396578048680183
0.3474437976256013,0.3093474982306361,2017-12-09,0.2918195597530802
0.8068744842894375,0.6959548471495509,2017-12-09,0.5245597513449796
0.25176422810181975,0.4230956470128149,2017-12-09,0.29505492892997476
0.5929635539650917,0.8528902130201459,2017-12-09,0.4461940716073226
0.15621573338285089,0.5343999166507274,2017-12-09,0.3079274547218708
0.1751596515532583,0.5481775163207203,2017-12-09,0.3230468934117055
0.22637730091810226,0.8455439785029739,2017-12-09,0.4022930775415748
0.7919632520060986,0.37702907994389534,2017-12-09,0.4377827236800487
0.38837647973559797,0.1660436785314232,2017-12-09,0.2759963511963488
0.9112220325041562,0.1892480286769569,2017-12-09,0.46311617198082433
0.1218470511958003,0.8568678160663694,2017-12-09,0.3758211665560139
0.9878351569641382,0.337503234623,2017-12-09,0.46943631761816895
0.7552879205904901,0.775028235046193,2017-12-09,0.5126029870320359
0.31077583390288055,0.06907020206563175,2017-12-09,0.2440287209935412
0.01986535801552236,0.24094926565885544,2017-12-09,0.2910300449368091
0.6822830613236874,0.24280183785595,2017-12-09,0.3504728383584367
0.43873606668785214,0.38711298909038305,2017-12-09,0.3286496470320865
0.8837007053662091,0.8718050210736692,2017-12-09,0.5124462697232989
0.07424378558062017,0.9671970484778285,2017-12-09,0.42960756293903807
0.45366955595090985,0.8669162709265947,2017-12-09,0.43140333931787717
0.8880362706258893,0.4377153015229851,2017-12-09,0.4624053787894606
0.7001592416781932,0.19193779211491346,2017-12-09,0.3305431995211914
0.30461561121046543,0.08229440450668335,2017-12-09,0.2561040302544903
0.5848908023908734,0.583451637532562,2017-12-09,0.3917041426118859
0.8704537700396031,0.07036149548366666,2017-12-09,0.4897182092446992
0.44652355927973986,0.5276626558043063,2017-12-09,0.3405321778166753
0.3373730396851897,0.472288285382092,2017-12-09,0.32539352910129027
0.5669086086563766,0.048191370675340295,2017-12-09,0.2826746644307335
0.4157649816479534,0.5945408076513559,2017-12-09,0.37517547510450144
0.8326606648042798,0.7912712150719017,2017-12-09,0.5329711170640019
0.15370758809149265,0.5988686836790293,2017-12-09,0.32953193738393133
0.6586490431800485,0.027915929211303592,2017-12-09,0.2967528896582499
0.0010268189944326878,0.39572663186118007,2017-12-09,0.26238030470626333
0.32045092852786183,0.10624396451748908,2017-12-09,0.2485998453760206
0.9501328805927187,0.024111388018354774,2017-12-09,0.5912333960327211
0.012552509550005198,0.840897767804563,2017-12-09,0.37603023300305655
0.07909076544456184,0.3263999258633703,2017-12-09,0.29096180428867396
0.5379831739701331,0.21328837051987648,2017-12-10,0.353040986933564
0.8182582622393966,0.9948432589881122,2017-12-10,0.5619895826754535
0.321746907196939,0.4920395875815302,2017-12-10,0.32706802750695835
0.5823269367683679,0.6276341180782765,2017-12-10,0.3860645314360468
0.0709323794580996,0.005961335031315684,2017-12-10,0.22003232915767132
0.5706440131179988,0.28585399873554707,2017-12-10,0.3419318851410387
0.5606772506143898,0.9864804171957076,2017-12-10,0.5094236841511453
0.4341709394939244,0.7576923249289393,2017-12-10,0.426680707971471
0.96194878523238,0.06827499088831246,2017-12-10,0.43907077578048426
0.7112716843839735,0.810763978632167,2017-12-10,0.5026521580889686
0.2584695320110768,0.12287140707485378,2017-12-10,0.30142747858082314
0.9256775376852602,0.40991836064495146,2017-12-10,0.46747066997685827
0.4208116631489247,0.9275436452589929,2017-12-10,0.4684393543866465
0.816300745587796,0.5542082393076271,2017-12-10,0.48748884314916946
0.754665047628805,0.014266614336520433,2017-12-10,0.3453498255694831
0.4121433044783771,0.9673652811907232,2017-12-10,0.4801174832958389
0.514416832011193,0.7700655325315893,2017-12-10,0.43006122345998743
0.5422847184818238,0.07995241321623325,2017-12-10,0.3251119480436661
0.9740243041887879,0.36541984835639596,2017-12-10,0.4689253634314566
0.073637954890728,0.48042654525488615,2017-12-10,0.2982151716975351
0.7695038053207099,0.6757606919854879,2017-12-10,0.47704643998622104
0.8725549092050642,0.7864472507499158,2017-12-10,0.5100645225131304
0.989865584531799,0.810058057308197,2017-12-10,0.527852457246155
0.9651476440485567,0.07867750362493098,2017-12-10,0.43973708174940335
0.6364213186316192,0.16891444101929665,2017-12-10,0.30970133156326685
0.06538929394446313,0.0367327940184623,2017-12-10,0.22183134538976793
0.12841475498862565,0.24014230887405574,2017-12-10,0.27317892198161275
0.49278478045016527,0.9121951819397509,2017-12-10,0.5152367364595267
0.6632448602467775,0.0013634797651320696,2017-12-10,0.33267225884442514
0.18937871372327209,0.22730044811032712,2017-12-10,0.29537750951112
0.17759839328937232,0.1682629317510873,2017-12-10,0.27632039340147885
0.1155603255610913,0.14976251497864723,2017-12-10,0.26020578659088595
0.15695240022614598,0.6480971612036228,2017-12-10,0.3764943328809109
0.8574108495377004,0.48557254928164184,2017-12-10,0.46984472500260194
0.42486053169704974,0.693244319409132,2017-12-10,0.40191092391501
0.8783416710793972,0.2896694566588849,2017-12-10,0.4208150525150969
0.8248265639413148,0.9786716597154737,2017-12-10,0.5451993796073402
0.978819616837427,0.28812632942572236,2017-12-10,0.4655521356897862
0.6345430158544332,0.5257645212113857,2017-12-10,0.42446954817534943
0.6915232760366052,0.0778222696390003,2017-12-10,0.3368036694428723
0.792183339362964,0.6785538352560252,2017-12-10,0.4768841063033892
0.0341706455219537,0.18194971652701497,2017-12-10,0.2227942513930796
0.8199936810415238,0.5298044551163912,2017-12-10,0.44991146657643677
0.6876361626200378,0.801678828895092,2017-12-10,0.49542710968966225
0.43177689192816615,0.3131871959194541,2017-12-10,0.31602523086993595
0.2438757868949324,0.6912734117358923,2017-12-10,0.4049638541087323
0.008147703018039465,0.7730445226188749,2017-12-10,0.38477994798808957
0.4211061433888972,0.26179363252595067,2017-12-10,0.33167448407496114
0.7869569079484791,0.6787601530086249,2017-12-10,0.49471273843520835
0.5955921227578074,0.9921432959381491,2017-12-10,0.5403932294778053
0.9849630587268621,0.5514875198714435,2017-12-10,0.5267727803901487
0.5280434559099376,0.9306844735983759,2017-12-10,0.5087763347154625
0.5232784177642316,0.20740434480831027,2017-12-10,0.3279602576613851
0.7864448048640043,0.22995903948321939,2017-12-10,0.3709592634701981
0.08772240928374231,0.48398658935911953,2017-12-10,0.30586928721192735
0.2561119806487113,0.4610593938268721,2017-12-10,0.32481321443380956
0.35660412022843957,0.7827213569544256,2017-12-10,0.4063182191935082
0.24905545799992979,6.052660755813122e-4,2017-12-10,0.27521210401806734
0.17501848773099482,0.7506233800668269,2017-12-10,0.42132591567039845
0.5729220807552338,0.8307324375491589,2017-12-10,0.513593575888663
0.4833931482862681,0.3146712363231927,2017-12-10,0.3496780197875032
0.8099489691667259,0.7120331600308418,2017-12-10,0.4902931822218088
0.75051523395814,0.2517115492373705,2017-12-10,0.3531578651918038
0.3474437976256013,0.3093474982306361,2017-12-10,0.3161963604444845
0.8068744842894375,0.6959548471495509,2017-12-10,0.4875867044978943
0.25176422810181975,0.4230956470128149,2017-12-10,0.3008593799893249
0.5929635539650917,0.8528902130201459,2017-12-10,0.5369401632771436
0.15621573338285089,0.5343999166507274,2017-12-10,0.32218553908192077
0.1751596515532583,0.5481775163207203,2017-12-10,0.3412227362679611
0.22637730091810226,0.8455439785029739,2017-12-10,0.43864397359849927
0.7919632520060986,0.37702907994389534,2017-12-10,0.39100729361068826
0.38837647973559797,0.1660436785314232,2017-12-10,0.294808219797986
0.9112220325041562,0.1892480286769569,2017-12-10,0.4084090485472969
0.1218470511958003,0.8568678160663694,2017-12-10,0.4133852387169307
0.9878351569641382,0.337503234623,2017-12-10,0.4619370105375325
0.7552879205904901,0.775028235046193,2017-12-10,0.4972438243486467
0.31077583390288055,0.06907020206563175,2017-12-10,0.2814995876045053
0.01986535801552236,0.24094926565885544,2017-12-10,0.2536227054456848
0.6822830613236874,0.24280183785595,2017-12-10,0.338385990428106
0.43873606668785214,0.38711298909038305,2017-12-10,0.3702045326492508
0.8837007053662091,0.8718050210736692,2017-12-10,0.5270344318265163
0.07424378558062017,0.9671970484778285,2017-12-10,0.4270036246621733
0.45366955595090985,0.8669162709265947,2017-12-10,0.47053418680754594
0.8880362706258893,0.4377153015229851,2017-12-10,0.4571784812908345
0.7001592416781932,0.19193779211491346,2017-12-10,0.33511773140722356
0.30461561121046543,0.08229440450668335,2017-12-10,0.2863786817603067
0.5848908023908734,0.583451637532562,2017-12-10,0.41502751270367805
0.8704537700396031,0.07036149548366666,2017-12-10,0.3890874942648858
0.44652355927973986,0.5276626558043063,2017-12-10,0.3975715360731803
0.3373730396851897,0.472288285382092,2017-12-10,0.3339550412360029
0.5669086086563766,0.048191370675340295,2017-12-10,0.3095124694828116
0.4157649816479534,0.5945408076513559,2017-12-10,0.3711263280491482
0.8326606648042798,0.7912712150719017,2017-12-10,0.5231441179362842
0.15370758809149265,0.5988686836790293,2017-12-10,0.36356040669877865
0.6586490431800485,0.027915929211303592,2017-12-10,0.3275338972987152
0.0010268189944326878,0.39572663186118007,2017-12-10,0.2848362827125756
0.32045092852786183,0.10624396451748908,2017-12-10,0.29035371016816214
0.9501328805927187,0.024111388018354774,2017-12-10,0.43769162431579445
0.012552509550005198,0.840897767804563,2017-12-10,0.36489341547922954
0.07909076544456184,0.3263999258633703,2017-12-10,0.25959508428150435
