"s1","s2","time","z"
0.537983173970133,0.213288370519876,2017-12-01,0.344845581452859
0.818258262239397,0.994843258988112,2017-12-01,0.560456546337699
0.321746907196939,0.49203958758153,2017-12-01,0.346537926027274
0.582326936768368,0.627634118078277,2017-12-01,0.427482571315335
0.0709323794580996,0.00596133503131568,2017-12-01,0.218887840204761
0.570644013117999,0.285853998735547,2017-12-01,0.369554133083397
0.56067725061439,0.986480417195708,2017-12-01,0.503517248859858
0.434170939493924,0.757692324928939,2017-12-01,0.425032380275612
0.96194878523238,0.0682749908883125,2017-12-01,0.395071770212216
0.711271684383973,0.810763978632167,2017-12-01,0.524768168696871
0.258469532011077,0.122871407074854,2017-12-01,0.273003291883438
0.92567753768526,0.409918360644951,2017-12-01,0.474859231786257
0.420811663148925,0.927543645258993,2017-12-01,0.477521125688376
0.816300745587796,0.554208239307627,2017-12-01,0.481734257782544
0.754665047628805,0.0142666143365204,2017-12-01,0.356734419988715
0.412143304478377,0.967365281190723,2017-12-01,0.463378157892094
0.514416832011193,0.770065532531589,2017-12-01,0.44680143538086
0.542284718481824,0.0799524132162333,2017-12-01,0.331961338285071
0.974024304188788,0.365419848356396,2017-12-01,0.454805295383209
0.073637954890728,0.480426545254886,2017-12-01,0.316088300999759
0.76950380532071,0.675760691985488,2017-12-01,0.483717503725466
0.872554909205064,0.786447250749916,2017-12-01,0.52781667185006
0.989865584531799,0.810058057308197,2017-12-01,0.552089033863051
0.965147644048557,0.078677503624931,2017-12-01,0.406463618171992
0.636421318631619,0.168914441019297,2017-12-01,0.369839000346701
0.0653892939444631,0.0367327940184623,2017-12-01,0.224961749367997
0.128414754988626,0.240142308874056,2017-12-01,0.271386771295302
0.492784780450165,0.912195181939751,2017-12-01,0.489696047724886
0.663244860246778,0.00136347976513207,2017-12-01,0.34948170534385
0.189378713723272,0.227300448110327,2017-12-01,0.283272143077571
0.177598393289372,0.168262931751087,2017-12-01,0.27387715953917
0.115560325561091,0.149762514978647,2017-12-01,0.255846754598595
0.156952400226146,0.648097161203623,2017-12-01,0.99521353048508
0.8574108495377,0.485572549281642,2017-12-01,0.459330818342409
0.42486053169705,0.693244319409132,2017-12-01,0.442818674847448
0.878341671079397,0.289669456658885,2017-12-01,0.442415003425418
0.824826563941315,0.978671659715474,2017-12-01,0.568120462450622
0.978819616837427,0.288126329425722,2017-12-01,0.454864923293124
0.634543015854433,0.525764521211386,2017-12-01,0.436915393063086
0.691523276036605,0.0778222696390003,2017-12-01,0.355387669530581
0.792183339362964,0.678553835256025,2017-12-01,0.494567422464671
0.0341706455219537,0.181949716527015,2017-12-01,0.245458295529224
0.819993681041524,0.529804455116391,2017-12-01,0.459854976371541
0.687636162620038,0.801678828895092,2017-12-01,0.521875219322738
0.431776891928166,0.313187195919454,2017-12-01,0.357012435472233
0.243875786894932,0.691273411735892,2017-12-01,0.898351183891821
0.00814770301803946,0.773044522618875,2017-12-01,0.828751303622407
0.421106143388897,0.261793632525951,2017-12-01,0.330307374322921
0.786956907948479,0.678760153008625,2017-12-01,0.510254997266179
0.595592122757807,0.992143295938149,2017-12-01,0.513603348208964
0.984963058726862,0.551487519871444,2017-12-01,0.484075207155142
0.528043455909938,0.930684473598376,2017-12-01,0.505386777855658
0.523278417764232,0.20740434480831,2017-12-01,0.357458843841796
0.786444804864004,0.229959039483219,2017-12-01,0.395537605675858
0.0877224092837423,0.48398658935912,2017-12-01,0.300238050068636
0.256111980648711,0.461059393826872,2017-12-01,0.32508899908815
0.35660412022844,0.782721356954426,2017-12-01,0.427580049459601
0.24905545799993,0.000605266075581312,2017-12-01,0.231592859042306
0.175018487730995,0.750623380066827,2017-12-01,1.31877884428968
0.572922080755234,0.830732437549159,2017-12-01,0.482366624884665
0.483393148286268,0.314671236323193,2017-12-01,0.368168069142396
0.809948969166726,0.712033160030842,2017-12-01,0.496196794570716
0.75051523395814,0.25171154923737,2017-12-01,0.399209329039345
0.347443797625601,0.309347498230636,2017-12-01,0.333907741531662
0.806874484289438,0.695954847149551,2017-12-01,0.517755129670171
0.25176422810182,0.423095647012815,2017-12-01,0.325386539747656
0.592963553965092,0.852890213020146,2017-12-01,0.473127650779443
0.156215733382851,0.534399916650727,2017-12-01,0.335623087942116
0.175159651553258,0.54817751632072,2017-12-01,0.395551424382603
0.226377300918102,0.845543978502974,2017-12-01,0.851998192709371
0.791963252006099,0.377029079943895,2017-12-01,0.44151932943393
0.388376479735598,0.166043678531423,2017-12-01,0.309475637781831
0.911222032504156,0.189248028676957,2017-12-01,0.424024951491365
0.1218470511958,0.856867816066369,2017-12-01,0.991048453171826
0.987835156964138,0.337503234623,2017-12-01,0.465303098169113
0.75528792059049,0.775028235046193,2017-12-01,0.499833604529689
0.310775833902881,0.0690702020656317,2017-12-01,0.288589300999966
0.0198653580155224,0.240949265658855,2017-12-01,0.248105184307118
0.682283061323687,0.24280183785595,2017-12-01,0.391684617550352
0.438736066687852,0.387112989090383,2017-12-01,0.366816202700948
0.883700705366209,0.871805021073669,2017-12-01,0.568916390035847
0.0742437855806202,0.967197048477829,2017-12-01,0.415565708685855
0.45366955595091,0.866916270926595,2017-12-01,0.460740253816877
0.888036270625889,0.437715301522985,2017-12-01,0.465058824907101
0.700159241678193,0.191937792114913,2017-12-01,0.377166314674487
0.304615611210465,0.0822944045066833,2017-12-01,0.256473542173707
0.584890802390873,0.583451637532562,2017-12-01,0.450642426932894
0.870453770039603,0.0703614954836667,2017-12-01,0.398801864649529
0.44652355927974,0.527662655804306,2017-12-01,0.387171076654557
0.33737303968519,0.472288285382092,2017-12-01,0.36575234060516
0.566908608656377,0.0481913706753403,2017-12-01,0.325438954902413
0.415764981647953,0.594540807651356,2017-12-01,0.390733563749338
0.83266066480428,0.791271215071902,2017-12-01,0.539685450111768
0.153707588091493,0.598868683679029,2017-12-01,0.675477107592192
0.658649043180048,0.0279159292113036,2017-12-01,0.339148831557705
0.00102681899443269,0.39572663186118,2017-12-01,0.28339940026552
0.320450928527862,0.106243964517489,2017-12-01,0.275397733915976
0.950132880592719,0.0241113880183548,2017-12-01,0.383994560426542
0.0125525095500052,0.840897767804563,2017-12-01,0.669191907683714
0.0790907654445618,0.32639992586337,2017-12-01,0.286858994266709
0.537983173970133,0.213288370519876,2017-12-02,0.341575865752341
0.818258262239397,0.994843258988112,2017-12-02,0.582830790593537
0.321746907196939,0.49203958758153,2017-12-02,0.530290612341782
0.582326936768368,0.627634118078277,2017-12-02,0.463932408263451
0.0709323794580996,0.00596133503131568,2017-12-02,0.200419894808758
0.570644013117999,0.285853998735547,2017-12-02,0.368086644606268
0.56067725061439,0.986480417195708,2017-12-02,0.538455836862558
0.434170939493924,0.757692324928939,2017-12-02,0.454667622587266
0.96194878523238,0.0682749908883125,2017-12-02,0.402677366964131
0.711271684383973,0.810763978632167,2017-12-02,0.536213870295135
0.258469532011077,0.122871407074854,2017-12-02,0.262903221331114
0.92567753768526,0.409918360644951,2017-12-02,0.446737238916116
0.420811663148925,0.927543645258993,2017-12-02,0.47716546344571
0.816300745587796,0.554208239307627,2017-12-02,0.479898729709148
0.754665047628805,0.0142666143365204,2017-12-02,0.358872320967494
0.412143304478377,0.967365281190723,2017-12-02,0.482368035494982
0.514416832011193,0.770065532531589,2017-12-02,0.464688918276518
0.542284718481824,0.0799524132162333,2017-12-02,0.288385048166716
0.974024304188788,0.365419848356396,2017-12-02,0.444956242015702
0.073637954890728,0.480426545254886,2017-12-02,0.321904325145076
0.76950380532071,0.675760691985488,2017-12-02,0.545183790412036
0.872554909205064,0.786447250749916,2017-12-02,0.57125566658855
0.989865584531799,0.810058057308197,2017-12-02,0.57388912973216
0.965147644048557,0.078677503624931,2017-12-02,0.392276087294361
0.636421318631619,0.168914441019297,2017-12-02,0.354578406524988
0.0653892939444631,0.0367327940184623,2017-12-02,0.237094863900244
0.128414754988626,0.240142308874056,2017-12-02,0.24041948616495
0.492784780450165,0.912195181939751,2017-12-02,0.513847769420579
0.663244860246778,0.00136347976513207,2017-12-02,0.3379484710624
0.189378713723272,0.227300448110327,2017-12-02,0.254277557733842
0.177598393289372,0.168262931751087,2017-12-02,0.259390859642698
0.115560325561091,0.149762514978647,2017-12-02,0.243187573903204
0.156952400226146,0.648097161203623,2017-12-02,0.992721293048923
0.8574108495377,0.485572549281642,2017-12-02,0.476667781524542
0.42486053169705,0.693244319409132,2017-12-02,0.526038209379921
0.878341671079397,0.289669456658885,2017-12-02,0.412644869665062
0.824826563941315,0.978671659715474,2017-12-02,0.566420860924926
0.978819616837427,0.288126329425722,2017-12-02,0.432718489860365
0.634543015854433,0.525764521211386,2017-12-02,0.456457946363623
0.691523276036605,0.0778222696390003,2017-12-02,0.335023404114464
0.792183339362964,0.678553835256025,2017-12-02,0.515927141443317
0.0341706455219537,0.181949716527015,2017-12-02,0.237122687442819
0.819993681041524,0.529804455116391,2017-12-02,0.483269841003862
0.687636162620038,0.801678828895092,2017-12-02,0.530784855382384
0.431776891928166,0.313187195919454,2017-12-02,0.32953202228594
0.243875786894932,0.691273411735892,2017-12-02,1.18579044958071
0.00814770301803946,0.773044522618875,2017-12-02,0.359418173520041
0.421106143388897,0.261793632525951,2017-12-02,0.325195012114956
0.786956907948479,0.678760153008625,2017-12-02,0.533405337437337
0.595592122757807,0.992143295938149,2017-12-02,0.547725735027219
0.984963058726862,0.551487519871444,2017-12-02,0.510944256460089
0.528043455909938,0.930684473598376,2017-12-02,0.543172868668011
0.523278417764232,0.20740434480831,2017-12-02,0.337960401360815
0.786444804864004,0.229959039483219,2017-12-02,0.390323534380127
0.0877224092837423,0.48398658935912,2017-12-02,0.310052841480895
0.256111980648711,0.461059393826872,2017-12-02,0.460962664915396
0.35660412022844,0.782721356954426,2017-12-02,0.597576071842661
0.24905545799993,0.000605266075581312,2017-12-02,0.237007149782581
0.175018487730995,0.750623380066827,2017-12-02,0.83446490563036
0.572922080755234,0.830732437549159,2017-12-02,0.511962424736631
0.483393148286268,0.314671236323193,2017-12-02,0.338765243239017
0.809948969166726,0.712033160030842,2017-12-02,0.545862521862688
0.75051523395814,0.25171154923737,2017-12-02,0.391753558677014
0.347443797625601,0.309347498230636,2017-12-02,0.337806450527378
0.806874484289438,0.695954847149551,2017-12-02,0.554124311325466
0.25176422810182,0.423095647012815,2017-12-02,0.35680420492295
0.592963553965092,0.852890213020146,2017-12-02,0.530422960405158
0.156215733382851,0.534399916650727,2017-12-02,0.702920701098719
0.175159651553258,0.54817751632072,2017-12-02,0.807972912676603
0.226377300918102,0.845543978502974,2017-12-02,0.518581197666387
0.791963252006099,0.377029079943895,2017-12-02,0.437672873584646
0.388376479735598,0.166043678531423,2017-12-02,0.312264782807818
0.911222032504156,0.189248028676957,2017-12-02,0.416329698046689
0.1218470511958,0.856867816066369,2017-12-02,0.431078299789845
0.987835156964138,0.337503234623,2017-12-02,0.455106715303202
0.75528792059049,0.775028235046193,2017-12-02,0.579858225677398
0.310775833902881,0.0690702020656317,2017-12-02,0.281694114508899
0.0198653580155224,0.240949265658855,2017-12-02,0.238621496249649
0.682283061323687,0.24280183785595,2017-12-02,0.39540911213569
0.438736066687852,0.387112989090383,2017-12-02,0.330460481136437
0.883700705366209,0.871805021073669,2017-12-02,0.596143284398333
0.0742437855806202,0.967197048477829,2017-12-02,0.427894479468037
0.45366955595091,0.866916270926595,2017-12-02,0.468819086293839
0.888036270625889,0.437715301522985,2017-12-02,0.465464729080908
0.700159241678193,0.191937792114913,2017-12-02,0.3527464924687
0.304615611210465,0.0822944045066833,2017-12-02,0.274334228443204
0.584890802390873,0.583451637532562,2017-12-02,0.450843697715992
0.870453770039603,0.0703614954836667,2017-12-02,0.382736813355657
0.44652355927974,0.527662655804306,2017-12-02,0.345501347654501
0.33737303968519,0.472288285382092,2017-12-02,0.426011656754697
0.566908608656377,0.0481913706753403,2017-12-02,0.291922394286605
0.415764981647953,0.594540807651356,2017-12-02,0.527527005121056
0.83266066480428,0.791271215071902,2017-12-02,0.559406888956898
0.153707588091493,0.598868683679029,2017-12-02,0.886288201583066
0.658649043180048,0.0279159292113036,2017-12-02,0.33121758027005
0.00102681899443269,0.39572663186118,2017-12-02,0.288814328275147
0.320450928527862,0.106243964517489,2017-12-02,0.286164825512076
0.950132880592719,0.0241113880183548,2017-12-02,0.38888975820937
0.0125525095500052,0.840897767804563,2017-12-02,0.398582560993652
0.0790907654445618,0.32639992586337,2017-12-02,0.278445868437943
0.537983173970133,0.213288370519876,2017-12-03,0.282109949149785
0.818258262239397,0.994843258988112,2017-12-03,0.553154729110041
0.321746907196939,0.49203958758153,2017-12-03,0.986251264076113
0.582326936768368,0.627634118078277,2017-12-03,0.434648853746466
0.0709323794580996,0.00596133503131568,2017-12-03,0.23636972038622
0.570644013117999,0.285853998735547,2017-12-03,0.31480108844741
0.56067725061439,0.986480417195708,2017-12-03,0.494272455094457
0.434170939493924,0.757692324928939,2017-12-03,0.468444527837268
0.96194878523238,0.0682749908883125,2017-12-03,0.412237665320969
0.711271684383973,0.810763978632167,2017-12-03,0.522963104281661
0.258469532011077,0.122871407074854,2017-12-03,0.267316935372826
0.92567753768526,0.409918360644951,2017-12-03,0.468655203594496
0.420811663148925,0.927543645258993,2017-12-03,0.485198890831751
0.816300745587796,0.554208239307627,2017-12-03,0.498031995547922
0.754665047628805,0.0142666143365204,2017-12-03,0.359160045990562
0.412143304478377,0.967365281190723,2017-12-03,0.49801643931392
0.514416832011193,0.770065532531589,2017-12-03,0.444314434888774
0.542284718481824,0.0799524132162333,2017-12-03,0.28579325790012
0.974024304188788,0.365419848356396,2017-12-03,0.474183390345793
0.073637954890728,0.480426545254886,2017-12-03,0.290534541063629
0.76950380532071,0.675760691985488,2017-12-03,0.510189490734793
0.872554909205064,0.786447250749916,2017-12-03,0.558554660817105
0.989865584531799,0.810058057308197,2017-12-03,0.565910606347752
0.965147644048557,0.078677503624931,2017-12-03,0.401487374676948
0.636421318631619,0.168914441019297,2017-12-03,0.303147604112947
0.0653892939444631,0.0367327940184623,2017-12-03,0.233986454538825
0.128414754988626,0.240142308874056,2017-12-03,0.263050191541002
0.492784780450165,0.912195181939751,2017-12-03,0.478467847343311
0.663244860246778,0.00136347976513207,2017-12-03,0.301782464987019
0.189378713723272,0.227300448110327,2017-12-03,0.252588866577945
0.177598393289372,0.168262931751087,2017-12-03,0.264435657361351
0.115560325561091,0.149762514978647,2017-12-03,0.281006854536833
0.156952400226146,0.648097161203623,2017-12-03,0.406514626846425
0.8574108495377,0.485572549281642,2017-12-03,0.466665484911166
0.42486053169705,0.693244319409132,2017-12-03,0.572683743046182
0.878341671079397,0.289669456658885,2017-12-03,0.401492898310429
0.824826563941315,0.978671659715474,2017-12-03,0.552139326228132
0.978819616837427,0.288126329425722,2017-12-03,0.432436303447543
0.634543015854433,0.525764521211386,2017-12-03,0.41182480016303
0.691523276036605,0.0778222696390003,2017-12-03,0.322521604658691
0.792183339362964,0.678553835256025,2017-12-03,0.520277287168096
0.0341706455219537,0.181949716527015,2017-12-03,0.250617738353751
0.819993681041524,0.529804455116391,2017-12-03,0.513738314442691
0.687636162620038,0.801678828895092,2017-12-03,0.526423517580162
0.431776891928166,0.313187195919454,2017-12-03,0.300628826549869
0.243875786894932,0.691273411735892,2017-12-03,0.552760604789063
0.00814770301803946,0.773044522618875,2017-12-03,0.376282322124575
0.421106143388897,0.261793632525951,2017-12-03,0.28585317543063
0.786956907948479,0.678760153008625,2017-12-03,0.521007188394781
0.595592122757807,0.992143295938149,2017-12-03,0.471528707022531
0.984963058726862,0.551487519871444,2017-12-03,0.507853812793873
0.528043455909938,0.930684473598376,2017-12-03,0.467727528092871
0.523278417764232,0.20740434480831,2017-12-03,0.289496391008299
0.786444804864004,0.229959039483219,2017-12-03,0.369889849145
0.0877224092837423,0.48398658935912,2017-12-03,0.293234393621216
0.256111980648711,0.461059393826872,2017-12-03,0.703263849527581
0.35660412022844,0.782721356954426,2017-12-03,0.473478383210925
0.24905545799993,0.000605266075581312,2017-12-03,0.262771273747204
0.175018487730995,0.750623380066827,2017-12-03,0.427034038959702
0.572922080755234,0.830732437549159,2017-12-03,0.503625302647343
0.483393148286268,0.314671236323193,2017-12-03,0.300078372908219
0.809948969166726,0.712033160030842,2017-12-03,0.53925561925477
0.75051523395814,0.25171154923737,2017-12-03,0.379995163299079
0.347443797625601,0.309347498230636,2017-12-03,0.306046451376906
0.806874484289438,0.695954847149551,2017-12-03,0.54816560591693
0.25176422810182,0.423095647012815,2017-12-03,0.58469535077415
0.592963553965092,0.852890213020146,2017-12-03,0.491528701454007
0.156215733382851,0.534399916650727,2017-12-03,0.432560681216555
0.175159651553258,0.54817751632072,2017-12-03,0.485737333092915
0.226377300918102,0.845543978502974,2017-12-03,0.462484084613334
0.791963252006099,0.377029079943895,2017-12-03,0.396524753025558
0.388376479735598,0.166043678531423,2017-12-03,0.297482733174994
0.911222032504156,0.189248028676957,2017-12-03,0.420727127404681
0.1218470511958,0.856867816066369,2017-12-03,0.458671865000399
0.987835156964138,0.337503234623,2017-12-03,0.447219507712447
0.75528792059049,0.775028235046193,2017-12-03,0.526311116039525
0.310775833902881,0.0690702020656317,2017-12-03,0.286301977707959
0.0198653580155224,0.240949265658855,2017-12-03,0.255441615317984
0.682283061323687,0.24280183785595,2017-12-03,0.352915690964335
0.438736066687852,0.387112989090383,2017-12-03,0.457766577009404
0.883700705366209,0.871805021073669,2017-12-03,0.555006119070839
0.0742437855806202,0.967197048477829,2017-12-03,0.419511972069977
0.45366955595091,0.866916270926595,2017-12-03,0.459648651122318
0.888036270625889,0.437715301522985,2017-12-03,0.469030730642837
0.700159241678193,0.191937792114913,2017-12-03,0.383012554465584
0.304615611210465,0.0822944045066833,2017-12-03,0.281450661513976
0.584890802390873,0.583451637532562,2017-12-03,0.416296967420766
0.870453770039603,0.0703614954836667,2017-12-03,0.405732815868579
0.44652355927974,0.527662655804306,2017-12-03,0.785022393760761
0.33737303968519,0.472288285382092,2017-12-03,0.926646890729669
0.566908608656377,0.0481913706753403,2017-12-03,0.289923299435519
0.415764981647953,0.594540807651356,2017-12-03,0.904694959221585
0.83266066480428,0.791271215071902,2017-12-03,0.538321696360264
0.153707588091493,0.598868683679029,2017-12-03,0.422404761636333
0.658649043180048,0.0279159292113036,2017-12-03,0.326636075882568
0.00102681899443269,0.39572663186118,2017-12-03,0.279690564641131
0.320450928527862,0.106243964517489,2017-12-03,0.272652506045448
0.950132880592719,0.0241113880183548,2017-12-03,0.384382910432683
0.0125525095500052,0.840897767804563,2017-12-03,0.38100979160776
0.0790907654445618,0.32639992586337,2017-12-03,0.271062901292888
0.537983173970133,0.213288370519876,2017-12-04,0.329500306295009
0.818258262239397,0.994843258988112,2017-12-04,0.57055900850646
0.321746907196939,0.49203958758153,2017-12-04,0.617901053554099
0.582326936768368,0.627634118078277,2017-12-04,0.476595756399948
0.0709323794580996,0.00596133503131568,2017-12-04,0.215552135259174
0.570644013117999,0.285853998735547,2017-12-04,0.406598908592262
0.56067725061439,0.986480417195708,2017-12-04,0.515319718621176
0.434170939493924,0.757692324928939,2017-12-04,0.466254271223881
0.96194878523238,0.0682749908883125,2017-12-04,0.411586612579884
0.711271684383973,0.810763978632167,2017-12-04,0.503906969267443
0.258469532011077,0.122871407074854,2017-12-04,0.258970537168405
0.92567753768526,0.409918360644951,2017-12-04,0.478798519857069
0.420811663148925,0.927543645258993,2017-12-04,0.484171560916914
0.816300745587796,0.554208239307627,2017-12-04,0.459722721530451
0.754665047628805,0.0142666143365204,2017-12-04,0.352263425244822
0.412143304478377,0.967365281190723,2017-12-04,0.477405008892505
0.514416832011193,0.770065532531589,2017-12-04,0.463099359715324
0.542284718481824,0.0799524132162333,2017-12-04,0.302951086636069
0.974024304188788,0.365419848356396,2017-12-04,0.45197393275694
0.073637954890728,0.480426545254886,2017-12-04,0.297899068316598
0.76950380532071,0.675760691985488,2017-12-04,0.514051181000851
0.872554909205064,0.786447250749916,2017-12-04,0.519294302773526
0.989865584531799,0.810058057308197,2017-12-04,0.528028632352716
0.965147644048557,0.078677503624931,2017-12-04,0.418962302737385
0.636421318631619,0.168914441019297,2017-12-04,0.307891364037374
0.0653892939444631,0.0367327940184623,2017-12-04,0.223910618408218
0.128414754988626,0.240142308874056,2017-12-04,0.237919924848425
0.492784780450165,0.912195181939751,2017-12-04,0.494408900919778
0.663244860246778,0.00136347976513207,2017-12-04,0.313411201973049
0.189378713723272,0.227300448110327,2017-12-04,0.254674986026609
0.177598393289372,0.168262931751087,2017-12-04,0.234738235190589
0.115560325561091,0.149762514978647,2017-12-04,0.234200118740935
0.156952400226146,0.648097161203623,2017-12-04,0.352660920664091
0.8574108495377,0.485572549281642,2017-12-04,0.478199936719358
0.42486053169705,0.693244319409132,2017-12-04,0.462003380441611
0.878341671079397,0.289669456658885,2017-12-04,0.423268701370252
0.824826563941315,0.978671659715474,2017-12-04,0.538387526352324
0.978819616837427,0.288126329425722,2017-12-04,0.439555017915934
0.634543015854433,0.525764521211386,2017-12-04,0.488526081967714
0.691523276036605,0.0778222696390003,2017-12-04,0.321565229003075
0.792183339362964,0.678553835256025,2017-12-04,0.509285058153011
0.0341706455219537,0.181949716527015,2017-12-04,0.241217242621571
0.819993681041524,0.529804455116391,2017-12-04,0.467778331586202
0.687636162620038,0.801678828895092,2017-12-04,0.4936001049494
0.431776891928166,0.313187195919454,2017-12-04,0.620541785018501
0.243875786894932,0.691273411735892,2017-12-04,0.399516524040455
0.00814770301803946,0.773044522618875,2017-12-04,0.32388669684384
0.421106143388897,0.261793632525951,2017-12-04,0.469090633616625
0.786956907948479,0.678760153008625,2017-12-04,0.526551599213807
0.595592122757807,0.992143295938149,2017-12-04,0.519598403401931
0.984963058726862,0.551487519871444,2017-12-04,0.528403254617598
0.528043455909938,0.930684473598376,2017-12-04,0.481574172230077
0.523278417764232,0.20740434480831,2017-12-04,0.316417355844068
0.786444804864004,0.229959039483219,2017-12-04,0.352580281383163
0.0877224092837423,0.48398658935912,2017-12-04,0.326914660013962
0.256111980648711,0.461059393826872,2017-12-04,0.424856788536565
0.35660412022844,0.782721356954426,2017-12-04,0.463712580638151
0.24905545799993,0.000605266075581312,2017-12-04,0.241673409168022
0.175018487730995,0.750623380066827,2017-12-04,0.381436629209115
0.572922080755234,0.830732437549159,2017-12-04,0.469531694308168
0.483393148286268,0.314671236323193,2017-12-04,0.61681399354571
0.809948969166726,0.712033160030842,2017-12-04,0.532257634224196
0.75051523395814,0.25171154923737,2017-12-04,0.352733823054523
0.347443797625601,0.309347498230636,2017-12-04,0.50339854040187
0.806874484289438,0.695954847149551,2017-12-04,0.543399610456479
0.25176422810182,0.423095647012815,2017-12-04,0.407835372708317
0.592963553965092,0.852890213020146,2017-12-04,0.487727774241424
0.156215733382851,0.534399916650727,2017-12-04,0.331180194893937
0.175159651553258,0.54817751632072,2017-12-04,0.35096775365428
0.226377300918102,0.845543978502974,2017-12-04,0.426729507124655
0.791963252006099,0.377029079943895,2017-12-04,0.398402216144784
0.388376479735598,0.166043678531423,2017-12-04,0.278472603001183
0.911222032504156,0.189248028676957,2017-12-04,0.407187256084852
0.1218470511958,0.856867816066369,2017-12-04,0.373478853306027
0.987835156964138,0.337503234623,2017-12-04,0.470709682643024
0.75528792059049,0.775028235046193,2017-12-04,0.511831003986242
0.310775833902881,0.0690702020656317,2017-12-04,0.26522476590147
0.0198653580155224,0.240949265658855,2017-12-04,0.231249100456098
0.682283061323687,0.24280183785595,2017-12-04,0.331894690786573
0.438736066687852,0.387112989090383,2017-12-04,0.886457885374193
0.883700705366209,0.871805021073669,2017-12-04,0.500782650053825
0.0742437855806202,0.967197048477829,2017-12-04,0.406672509745685
0.45366955595091,0.866916270926595,2017-12-04,0.479598864503695
0.888036270625889,0.437715301522985,2017-12-04,0.476069292600791
0.700159241678193,0.191937792114913,2017-12-04,0.32754637044656
0.304615611210465,0.0822944045066833,2017-12-04,0.272181006387748
0.584890802390873,0.583451637532562,2017-12-04,0.495454248463442
0.870453770039603,0.0703614954836667,2017-12-04,0.415909924930455
0.44652355927974,0.527662655804306,2017-12-04,0.838042017154345
0.33737303968519,0.472288285382092,2017-12-04,0.695487641969126
0.566908608656377,0.0481913706753403,2017-12-04,0.332429526595148
0.415764981647953,0.594540807651356,2017-12-04,0.627477336529036
0.83266066480428,0.791271215071902,2017-12-04,0.518561600257161
0.153707588091493,0.598868683679029,2017-12-04,0.339876089594718
0.658649043180048,0.0279159292113036,2017-12-04,0.311677768518695
0.00102681899443269,0.39572663186118,2017-12-04,0.256265943355091
0.320450928527862,0.106243964517489,2017-12-04,0.279786482487819
0.950132880592719,0.0241113880183548,2017-12-04,0.406442865141744
0.0125525095500052,0.840897767804563,2017-12-04,0.343923096337615
0.0790907654445618,0.32639992586337,2017-12-04,0.258550489645383
0.537983173970133,0.213288370519876,2017-12-05,0.618739729421858
0.818258262239397,0.994843258988112,2017-12-05,0.522693276210769
0.321746907196939,0.49203958758153,2017-12-05,0.343537210583249
0.582326936768368,0.627634118078277,2017-12-05,0.43808470869189
0.0709323794580996,0.00596133503131568,2017-12-05,0.220280618842305
0.570644013117999,0.285853998735547,2017-12-05,0.791479645753204
0.56067725061439,0.986480417195708,2017-12-05,0.493494245972668
0.434170939493924,0.757692324928939,2017-12-05,0.448182641676159
0.96194878523238,0.0682749908883125,2017-12-05,0.399100661896324
0.711271684383973,0.810763978632167,2017-12-05,0.490395530103069
0.258469532011077,0.122871407074854,2017-12-05,0.278545435014499
0.92567753768526,0.409918360644951,2017-12-05,0.435583751795499
0.420811663148925,0.927543645258993,2017-12-05,0.433174848397648
0.816300745587796,0.554208239307627,2017-12-05,0.479519142839526
0.754665047628805,0.0142666143365204,2017-12-05,0.321647065305742
0.412143304478377,0.967365281190723,2017-12-05,0.42233380772941
0.514416832011193,0.770065532531589,2017-12-05,0.434354627328873
0.542284718481824,0.0799524132162333,2017-12-05,0.332906256616559
0.974024304188788,0.365419848356396,2017-12-05,0.43445212748793
0.073637954890728,0.480426545254886,2017-12-05,0.315274374531334
0.76950380532071,0.675760691985488,2017-12-05,0.453579422499282
0.872554909205064,0.786447250749916,2017-12-05,0.501427466338291
0.989865584531799,0.810058057308197,2017-12-05,0.555637381760753
0.965147644048557,0.078677503624931,2017-12-05,0.398318775062072
0.636421318631619,0.168914441019297,2017-12-05,0.425451738873001
0.0653892939444631,0.0367327940184623,2017-12-05,0.222504862477378
0.128414754988626,0.240142308874056,2017-12-05,0.263113048329528
0.492784780450165,0.912195181939751,2017-12-05,0.436852868960922
0.663244860246778,0.00136347976513207,2017-12-05,0.330292407979487
0.189378713723272,0.227300448110327,2017-12-05,0.276572827354348
0.177598393289372,0.168262931751087,2017-12-05,0.248119499818242
0.115560325561091,0.149762514978647,2017-12-05,0.194727236963245
0.156952400226146,0.648097161203623,2017-12-05,0.339713978847513
0.8574108495377,0.485572549281642,2017-12-05,0.439901277885406
0.42486053169705,0.693244319409132,2017-12-05,0.424369082386332
0.878341671079397,0.289669456658885,2017-12-05,0.366589728682685
0.824826563941315,0.978671659715474,2017-12-05,0.528923754528357
0.978819616837427,0.288126329425722,2017-12-05,0.39938033007781
0.634543015854433,0.525764521211386,2017-12-05,0.49874457459821
0.691523276036605,0.0778222696390003,2017-12-05,0.309458835605259
0.792183339362964,0.678553835256025,2017-12-05,0.461348450736554
0.0341706455219537,0.181949716527015,2017-12-05,0.215134005412067
0.819993681041524,0.529804455116391,2017-12-05,0.449687119164047
0.687636162620038,0.801678828895092,2017-12-05,0.475255854712393
0.431776891928166,0.313187195919454,2017-12-05,0.617014709084782
0.243875786894932,0.691273411735892,2017-12-05,0.357890583045279
0.00814770301803946,0.773044522618875,2017-12-05,0.360578536488247
0.421106143388897,0.261793632525951,2017-12-05,0.548481984453282
0.786956907948479,0.678760153008625,2017-12-05,0.472538291136027
0.595592122757807,0.992143295938149,2017-12-05,0.517075031950023
0.984963058726862,0.551487519871444,2017-12-05,0.492456101576108
0.528043455909938,0.930684473598376,2017-12-05,0.465448312413209
0.523278417764232,0.20740434480831,2017-12-05,0.590060058907335
0.786444804864004,0.229959039483219,2017-12-05,0.338686268749854
0.0877224092837423,0.48398658935912,2017-12-05,0.307974342336332
0.256111980648711,0.461059393826872,2017-12-05,0.352020189411641
0.35660412022844,0.782721356954426,2017-12-05,0.405116158523904
0.24905545799993,0.000605266075581312,2017-12-05,0.261512239500838
0.175018487730995,0.750623380066827,2017-12-05,0.372251039357614
0.572922080755234,0.830732437549159,2017-12-05,0.452385009615581
0.483393148286268,0.314671236323193,2017-12-05,0.747995859834033
0.809948969166726,0.712033160030842,2017-12-05,0.463687788238377
0.75051523395814,0.25171154923737,2017-12-05,0.372150119935179
0.347443797625601,0.309347498230636,2017-12-05,0.387031437138954
0.806874484289438,0.695954847149551,2017-12-05,0.484163291396648
0.25176422810182,0.423095647012815,2017-12-05,0.324347580309742
0.592963553965092,0.852890213020146,2017-12-05,0.488761404306059
0.156215733382851,0.534399916650727,2017-12-05,0.331784516065033
0.175159651553258,0.54817751632072,2017-12-05,0.326611819755056
0.226377300918102,0.845543978502974,2017-12-05,0.396890565339586
0.791963252006099,0.377029079943895,2017-12-05,0.417669642772627
0.388376479735598,0.166043678531423,2017-12-05,0.356224768160141
0.911222032504156,0.189248028676957,2017-12-05,0.368306268020996
0.1218470511958,0.856867816066369,2017-12-05,0.399439056295841
0.987835156964138,0.337503234623,2017-12-05,0.448284578799341
0.75528792059049,0.775028235046193,2017-12-05,0.474043182983034
0.310775833902881,0.0690702020656317,2017-12-05,0.280461709565785
0.0198653580155224,0.240949265658855,2017-12-05,0.226502378235022
0.682283061323687,0.24280183785595,2017-12-05,0.467271999147984
0.438736066687852,0.387112989090383,2017-12-05,0.636475446355784
0.883700705366209,0.871805021073669,2017-12-05,0.517072235772251
0.0742437855806202,0.967197048477829,2017-12-05,0.392561310061081
0.45366955595091,0.866916270926595,2017-12-05,0.420686696979006
0.888036270625889,0.437715301522985,2017-12-05,0.437969749317255
0.700159241678193,0.191937792114913,2017-12-05,0.385792773963732
0.304615611210465,0.0822944045066833,2017-12-05,0.274972458270973
0.584890802390873,0.583451637532562,2017-12-05,0.439568694972386
0.870453770039603,0.0703614954836667,2017-12-05,0.346667914476744
0.44652355927974,0.527662655804306,2017-12-05,0.459532421845855
0.33737303968519,0.472288285382092,2017-12-05,0.360884828961324
0.566908608656377,0.0481913706753403,2017-12-05,0.31263641112275
0.415764981647953,0.594540807651356,2017-12-05,0.401645247764787
0.83266066480428,0.791271215071902,2017-12-05,0.494434062213282
0.153707588091493,0.598868683679029,2017-12-05,0.330309991840185
0.658649043180048,0.0279159292113036,2017-12-05,0.316911306655426
0.00102681899443269,0.39572663186118,2017-12-05,0.270293431715657
0.320450928527862,0.106243964517489,2017-12-05,0.288176946992079
0.950132880592719,0.0241113880183548,2017-12-05,0.389971313982713
0.0125525095500052,0.840897767804563,2017-12-05,0.368233166860157
0.0790907654445618,0.32639992586337,2017-12-05,0.267949353212673
0.537983173970133,0.213288370519876,2017-12-06,0.611969244636632
0.818258262239397,0.994843258988112,2017-12-06,0.564972220170323
0.321746907196939,0.49203958758153,2017-12-06,0.34733006273186
0.582326936768368,0.627634118078277,2017-12-06,0.462659695977183
0.0709323794580996,0.00596133503131568,2017-12-06,0.227268188826243
0.570644013117999,0.285853998735547,2017-12-06,0.701897216287821
0.56067725061439,0.986480417195708,2017-12-06,0.524827986090595
0.434170939493924,0.757692324928939,2017-12-06,0.429719057438257
0.96194878523238,0.0682749908883125,2017-12-06,0.384620062751877
0.711271684383973,0.810763978632167,2017-12-06,0.539583310098021
0.258469532011077,0.122871407074854,2017-12-06,0.22797282965355
0.92567753768526,0.409918360644951,2017-12-06,0.48262774736841
0.420811663148925,0.927543645258993,2017-12-06,0.49502632659412
0.816300745587796,0.554208239307627,2017-12-06,0.436604143515488
0.754665047628805,0.0142666143365204,2017-12-06,0.38055962014143
0.412143304478377,0.967365281190723,2017-12-06,0.487971046887009
0.514416832011193,0.770065532531589,2017-12-06,0.453035446853901
0.542284718481824,0.0799524132162333,2017-12-06,0.458916388972091
0.974024304188788,0.365419848356396,2017-12-06,0.469887939185794
0.073637954890728,0.480426545254886,2017-12-06,0.340687381368226
0.76950380532071,0.675760691985488,2017-12-06,0.482150555847924
0.872554909205064,0.786447250749916,2017-12-06,0.521023526654162
0.989865584531799,0.810058057308197,2017-12-06,0.517468318431925
0.965147644048557,0.078677503624931,2017-12-06,0.400850886376891
0.636421318631619,0.168914441019297,2017-12-06,0.74634273262883
0.0653892939444631,0.0367327940184623,2017-12-06,0.230408047170059
0.128414754988626,0.240142308874056,2017-12-06,0.250116125047627
0.492784780450165,0.912195181939751,2017-12-06,0.499477751548369
0.663244860246778,0.00136347976513207,2017-12-06,0.402614777646846
0.189378713723272,0.227300448110327,2017-12-06,0.273803084101076
0.177598393289372,0.168262931751087,2017-12-06,0.250352504202313
0.115560325561091,0.149762514978647,2017-12-06,0.235885929056847
0.156952400226146,0.648097161203623,2017-12-06,0.356277116686861
0.8574108495377,0.485572549281642,2017-12-06,0.4433430191992
0.42486053169705,0.693244319409132,2017-12-06,0.404904256793312
0.878341671079397,0.289669456658885,2017-12-06,0.510585299888402
0.824826563941315,0.978671659715474,2017-12-06,0.566874205118739
0.978819616837427,0.288126329425722,2017-12-06,0.454864829687441
0.634543015854433,0.525764521211386,2017-12-06,0.442183238561902
0.691523276036605,0.0778222696390003,2017-12-06,0.522391287074367
0.792183339362964,0.678553835256025,2017-12-06,0.478934847680982
0.0341706455219537,0.181949716527015,2017-12-06,0.247600989384437
0.819993681041524,0.529804455116391,2017-12-06,0.458616476016751
0.687636162620038,0.801678828895092,2017-12-06,0.519931274172828
0.431776891928166,0.313187195919454,2017-12-06,0.405700150947175
0.243875786894932,0.691273411735892,2017-12-06,0.385297671452593
0.00814770301803946,0.773044522618875,2017-12-06,0.37395866461263
0.421106143388897,0.261793632525951,2017-12-06,0.381844660971784
0.786956907948479,0.678760153008625,2017-12-06,0.47246214588666
0.595592122757807,0.992143295938149,2017-12-06,0.529821480848959
0.984963058726862,0.551487519871444,2017-12-06,0.51309594385223
0.528043455909938,0.930684473598376,2017-12-06,0.499086183735114
0.523278417764232,0.20740434480831,2017-12-06,0.589315387136556
0.786444804864004,0.229959039483219,2017-12-06,0.645179224608853
0.0877224092837423,0.48398658935912,2017-12-06,0.316323498953394
0.256111980648711,0.461059393826872,2017-12-06,0.323150142355424
0.35660412022844,0.782721356954426,2017-12-06,0.423007594937145
0.24905545799993,0.000605266075581312,2017-12-06,0.235588771101621
0.175018487730995,0.750623380066827,2017-12-06,0.392220935084719
0.572922080755234,0.830732437549159,2017-12-06,0.478417192070013
0.483393148286268,0.314671236323193,2017-12-06,0.493289448845922
0.809948969166726,0.712033160030842,2017-12-06,0.471762006952391
0.75051523395814,0.25171154923737,2017-12-06,0.712378425361617
0.347443797625601,0.309347498230636,2017-12-06,0.34939444809242
0.806874484289438,0.695954847149551,2017-12-06,0.479496228818861
0.25176422810182,0.423095647012815,2017-12-06,0.330511937359657
0.592963553965092,0.852890213020146,2017-12-06,0.508377433444161
0.156215733382851,0.534399916650727,2017-12-06,0.346287476731734
0.175159651553258,0.54817751632072,2017-12-06,0.343934879295154
0.226377300918102,0.845543978502974,2017-12-06,0.412265728974749
0.791963252006099,0.377029079943895,2017-12-06,0.507721193836316
0.388376479735598,0.166043678531423,2017-12-06,0.332848821788794
0.911222032504156,0.189248028676957,2017-12-06,0.444512568666231
0.1218470511958,0.856867816066369,2017-12-06,0.383552771761175
0.987835156964138,0.337503234623,2017-12-06,0.476672929213194
0.75528792059049,0.775028235046193,2017-12-06,0.518751397539602
0.310775833902881,0.0690702020656317,2017-12-06,0.240633180950264
0.0198653580155224,0.240949265658855,2017-12-06,0.253930695433039
0.682283061323687,0.24280183785595,2017-12-06,0.804398831542294
0.438736066687852,0.387112989090383,2017-12-06,0.387083554616028
0.883700705366209,0.871805021073669,2017-12-06,0.520006253418826
0.0742437855806202,0.967197048477829,2017-12-06,0.406132551382004
0.45366955595091,0.866916270926595,2017-12-06,0.448877760897332
0.888036270625889,0.437715301522985,2017-12-06,0.482855695587914
0.700159241678193,0.191937792114913,2017-12-06,0.733420750333209
0.304615611210465,0.0822944045066833,2017-12-06,0.246248697548144
0.584890802390873,0.583451637532562,2017-12-06,0.460644783969914
0.870453770039603,0.0703614954836667,2017-12-06,0.378790983941242
0.44652355927974,0.527662655804306,2017-12-06,0.370881413940708
0.33737303968519,0.472288285382092,2017-12-06,0.360260291346115
0.566908608656377,0.0481913706753403,2017-12-06,0.440703231590944
0.415764981647953,0.594540807651356,2017-12-06,0.408934349631509
0.83266066480428,0.791271215071902,2017-12-06,0.500906289557296
0.153707588091493,0.598868683679029,2017-12-06,0.354311578470225
0.658649043180048,0.0279159292113036,2017-12-06,0.436521453313097
0.00102681899443269,0.39572663186118,2017-12-06,0.293139822456999
0.320450928527862,0.106243964517489,2017-12-06,0.269481912828693
0.950132880592719,0.0241113880183548,2017-12-06,0.380000089862198
0.0125525095500052,0.840897767804563,2017-12-06,0.375442537757448
0.0790907654445618,0.32639992586337,2017-12-06,0.267952182788068
0.537983173970133,0.213288370519876,2017-12-07,0.427628697470356
0.818258262239397,0.994843258988112,2017-12-07,0.541285800989697
0.321746907196939,0.49203958758153,2017-12-07,0.361539795150659
0.582326936768368,0.627634118078277,2017-12-07,0.441610780822098
0.0709323794580996,0.00596133503131568,2017-12-07,0.219569001302905
0.570644013117999,0.285853998735547,2017-12-07,0.452070548327184
0.56067725061439,0.986480417195708,2017-12-07,0.506124925508099
0.434170939493924,0.757692324928939,2017-12-07,0.408758136850421
0.96194878523238,0.0682749908883125,2017-12-07,0.471872120737081
0.711271684383973,0.810763978632167,2017-12-07,0.536418331489409
0.258469532011077,0.122871407074854,2017-12-07,0.253019872492379
0.92567753768526,0.409918360644951,2017-12-07,0.431343185302679
0.420811663148925,0.927543645258993,2017-12-07,0.450185043091131
0.816300745587796,0.554208239307627,2017-12-07,0.485367652969634
0.754665047628805,0.0142666143365204,2017-12-07,0.584059968734907
0.412143304478377,0.967365281190723,2017-12-07,0.437122194859971
0.514416832011193,0.770065532531589,2017-12-07,0.450310811836154
0.542284718481824,0.0799524132162333,2017-12-07,0.382353863608521
0.974024304188788,0.365419848356396,2017-12-07,0.421028377107093
0.073637954890728,0.480426545254886,2017-12-07,0.30963160768549
0.76950380532071,0.675760691985488,2017-12-07,0.50872650349914
0.872554909205064,0.786447250749916,2017-12-07,0.514486950613902
0.989865584531799,0.810058057308197,2017-12-07,0.545097000359082
0.965147644048557,0.078677503624931,2017-12-07,0.467961553490924
0.636421318631619,0.168914441019297,2017-12-07,0.605549611053055
0.0653892939444631,0.0367327940184623,2017-12-07,0.224241730602432
0.128414754988626,0.240142308874056,2017-12-07,0.273677393905516
0.492784780450165,0.912195181939751,2017-12-07,0.474140066700461
0.663244860246778,0.00136347976513207,2017-12-07,0.503263505309921
0.189378713723272,0.227300448110327,2017-12-07,0.242925976184067
0.177598393289372,0.168262931751087,2017-12-07,0.252710782032879
0.115560325561091,0.149762514978647,2017-12-07,0.249292437568775
0.156952400226146,0.648097161203623,2017-12-07,0.347014060809163
0.8574108495377,0.485572549281642,2017-12-07,0.46030467347667
0.42486053169705,0.693244319409132,2017-12-07,0.412411335528719
0.878341671079397,0.289669456658885,2017-12-07,0.505782530479399
0.824826563941315,0.978671659715474,2017-12-07,0.569441642300486
0.978819616837427,0.288126329425722,2017-12-07,0.453696402868726
0.634543015854433,0.525764521211386,2017-12-07,0.487835773480544
0.691523276036605,0.0778222696390003,2017-12-07,0.662639993142934
0.792183339362964,0.678553835256025,2017-12-07,0.514642841846257
0.0341706455219537,0.181949716527015,2017-12-07,0.246502040379323
0.819993681041524,0.529804455116391,2017-12-07,0.477628374860397
0.687636162620038,0.801678828895092,2017-12-07,0.497478728619472
0.431776891928166,0.313187195919454,2017-12-07,0.342756738503547
0.243875786894932,0.691273411735892,2017-12-07,0.378041639427402
0.00814770301803946,0.773044522618875,2017-12-07,0.350501808079049
0.421106143388897,0.261793632525951,2017-12-07,0.32476895420291
0.786956907948479,0.678760153008625,2017-12-07,0.498255384148272
0.595592122757807,0.992143295938149,2017-12-07,0.528426750883005
0.984963058726862,0.551487519871444,2017-12-07,0.488434263340343
0.528043455909938,0.930684473598376,2017-12-07,0.491165167760605
0.523278417764232,0.20740434480831,2017-12-07,0.401143456593055
0.786444804864004,0.229959039483219,2017-12-07,0.693708851135775
0.0877224092837423,0.48398658935912,2017-12-07,0.298879422823025
0.256111980648711,0.461059393826872,2017-12-07,0.3286850076205
0.35660412022844,0.782721356954426,2017-12-07,0.396292400367004
0.24905545799993,0.000605266075581312,2017-12-07,0.231353890291444
0.175018487730995,0.750623380066827,2017-12-07,0.405942519331567
0.572922080755234,0.830732437549159,2017-12-07,0.484638141672143
0.483393148286268,0.314671236323193,2017-12-07,0.357402668459833
0.809948969166726,0.712033160030842,2017-12-07,0.535560719875699
0.75051523395814,0.25171154923737,2017-12-07,0.657961806789731
0.347443797625601,0.309347498230636,2017-12-07,0.312706538413369
0.806874484289438,0.695954847149551,2017-12-07,0.510857612160937
0.25176422810182,0.423095647012815,2017-12-07,0.339949398246278
0.592963553965092,0.852890213020146,2017-12-07,0.475277112084423
0.156215733382851,0.534399916650727,2017-12-07,0.333786577721214
0.175159651553258,0.54817751632072,2017-12-07,0.337284926450502
0.226377300918102,0.845543978502974,2017-12-07,0.445934681738642
0.791963252006099,0.377029079943895,2017-12-07,0.472223156888908
0.388376479735598,0.166043678531423,2017-12-07,0.320982423149625
0.911222032504156,0.189248028676957,2017-12-07,0.586780653110583
0.1218470511958,0.856867816066369,2017-12-07,0.434037167190967
0.987835156964138,0.337503234623,2017-12-07,0.448630235093732
0.75528792059049,0.775028235046193,2017-12-07,0.527995067511185
0.310775833902881,0.0690702020656317,2017-12-07,0.239256278949817
0.0198653580155224,0.240949265658855,2017-12-07,0.258678666257715
0.682283061323687,0.24280183785595,2017-12-07,0.652670699984081
0.438736066687852,0.387112989090383,2017-12-07,0.357053983236993
0.883700705366209,0.871805021073669,2017-12-07,0.542100782862814
0.0742437855806202,0.967197048477829,2017-12-07,0.392249224222779
0.45366955595091,0.866916270926595,2017-12-07,0.449500722310314
0.888036270625889,0.437715301522985,2017-12-07,0.453405773737571
0.700159241678193,0.191937792114913,2017-12-07,0.715939324975156
0.304615611210465,0.0822944045066833,2017-12-07,0.254644092062195
0.584890802390873,0.583451637532562,2017-12-07,0.441354244776706
0.870453770039603,0.0703614954836667,2017-12-07,0.575975001307785
0.44652355927974,0.527662655804306,2017-12-07,0.41657011803549
0.33737303968519,0.472288285382092,2017-12-07,0.349449531804736
0.566908608656377,0.0481913706753403,2017-12-07,0.416353496241411
0.415764981647953,0.594540807651356,2017-12-07,0.399855715751255
0.83266066480428,0.791271215071902,2017-12-07,0.518385789922101
0.153707588091493,0.598868683679029,2017-12-07,0.35291900959554
0.658649043180048,0.0279159292113036,2017-12-07,0.526399966750372
0.00102681899443269,0.39572663186118,2017-12-07,0.283104136796563
0.320450928527862,0.106243964517489,2017-12-07,0.270914612104998
0.950132880592719,0.0241113880183548,2017-12-07,0.438800369886446
0.0125525095500052,0.840897767804563,2017-12-07,0.36151245641405
0.0790907654445618,0.32639992586337,2017-12-07,0.273745061722102
0.537983173970133,0.213288370519876,2017-12-08,0.335872972382716
0.818258262239397,0.994843258988112,2017-12-08,0.546596565509015
0.321746907196939,0.49203958758153,2017-12-08,0.338210053280877
0.582326936768368,0.627634118078277,2017-12-08,0.424005724100228
0.0709323794580996,0.00596133503131568,2017-12-08,0.174531304263426
0.570644013117999,0.285853998735547,2017-12-08,0.333424401796314
0.56067725061439,0.986480417195708,2017-12-08,0.45895779507744
0.434170939493924,0.757692324928939,2017-12-08,0.400763092771564
0.96194878523238,0.0682749908883125,2017-12-08,0.606058043999437
0.711271684383973,0.810763978632167,2017-12-08,0.523107779613576
0.258469532011077,0.122871407074854,2017-12-08,0.238499468065134
0.92567753768526,0.409918360644951,2017-12-08,0.435509596514993
0.420811663148925,0.927543645258993,2017-12-08,0.42737320688977
0.816300745587796,0.554208239307627,2017-12-08,0.470983785836676
0.754665047628805,0.0142666143365204,2017-12-08,0.544446631863924
0.412143304478377,0.967365281190723,2017-12-08,0.413123509811163
0.514416832011193,0.770065532531589,2017-12-08,0.434619388781974
0.542284718481824,0.0799524132162333,2017-12-08,0.306476723624868
0.974024304188788,0.365419848356396,2017-12-08,0.410984947849419
0.073637954890728,0.480426545254886,2017-12-08,0.281584791709278
0.76950380532071,0.675760691985488,2017-12-08,0.507194784669645
0.872554909205064,0.786447250749916,2017-12-08,0.564560170986574
0.989865584531799,0.810058057308197,2017-12-08,0.552064863130583
0.965147644048557,0.078677503624931,2017-12-08,0.614893140070201
0.636421318631619,0.168914441019297,2017-12-08,0.369173218043046
0.0653892939444631,0.0367327940184623,2017-12-08,0.183164699758081
0.128414754988626,0.240142308874056,2017-12-08,0.296773358554528
0.492784780450165,0.912195181939751,2017-12-08,0.404879715468386
0.663244860246778,0.00136347976513207,2017-12-08,0.38640703355308
0.189378713723272,0.227300448110327,2017-12-08,0.296181696117216
0.177598393289372,0.168262931751087,2017-12-08,0.276570501749078
0.115560325561091,0.149762514978647,2017-12-08,0.244684902644709
0.156952400226146,0.648097161203623,2017-12-08,0.325666814684215
0.8574108495377,0.485572549281642,2017-12-08,0.466870285620154
0.42486053169705,0.693244319409132,2017-12-08,0.384626581179051
0.878341671079397,0.289669456658885,2017-12-08,0.442587158127386
0.824826563941315,0.978671659715474,2017-12-08,0.54432340994766
0.978819616837427,0.288126329425722,2017-12-08,0.425091803644284
0.634543015854433,0.525764521211386,2017-12-08,0.406105485080605
0.691523276036605,0.0778222696390003,2017-12-08,0.439491516698233
0.792183339362964,0.678553835256025,2017-12-08,0.508386636310529
0.0341706455219537,0.181949716527015,2017-12-08,0.215569505026263
0.819993681041524,0.529804455116391,2017-12-08,0.445425236687015
0.687636162620038,0.801678828895092,2017-12-08,0.510243886565426
0.431776891928166,0.313187195919454,2017-12-08,0.32986710015281
0.243875786894932,0.691273411735892,2017-12-08,0.363292616775031
0.00814770301803946,0.773044522618875,2017-12-08,0.327087174198901
0.421106143388897,0.261793632525951,2017-12-08,0.30156987026614
0.786956907948479,0.678760153008625,2017-12-08,0.479120488799346
0.595592122757807,0.992143295938149,2017-12-08,0.499821319912544
0.984963058726862,0.551487519871444,2017-12-08,0.470052687024779
0.528043455909938,0.930684473598376,2017-12-08,0.458737942782223
0.523278417764232,0.20740434480831,2017-12-08,0.31165282652092
0.786444804864004,0.229959039483219,2017-12-08,0.474507311858323
0.0877224092837423,0.48398658935912,2017-12-08,0.282469096401186
0.256111980648711,0.461059393826872,2017-12-08,0.305834568123997
0.35660412022844,0.782721356954426,2017-12-08,0.376911240677276
0.24905545799993,0.000605266075581312,2017-12-08,0.223933422210971
0.175018487730995,0.750623380066827,2017-12-08,0.33592790668322
0.572922080755234,0.830732437549159,2017-12-08,0.466073668000554
0.483393148286268,0.314671236323193,2017-12-08,0.306834581172385
0.809948969166726,0.712033160030842,2017-12-08,0.527769359949006
0.75051523395814,0.25171154923737,2017-12-08,0.427793883804054
0.347443797625601,0.309347498230636,2017-12-08,0.318244524551099
0.806874484289438,0.695954847149551,2017-12-08,0.524294515669131
0.25176422810182,0.423095647012815,2017-12-08,0.299673739788067
0.592963553965092,0.852890213020146,2017-12-08,0.473337754326178
0.156215733382851,0.534399916650727,2017-12-08,0.296051190374994
0.175159651553258,0.54817751632072,2017-12-08,0.289504783932312
0.226377300918102,0.845543978502974,2017-12-08,0.368095270389598
0.791963252006099,0.377029079943895,2017-12-08,0.420631619196966
0.388376479735598,0.166043678531423,2017-12-08,0.260994664309643
0.911222032504156,0.189248028676957,2017-12-08,0.515844029147043
0.1218470511958,0.856867816066369,2017-12-08,0.364170034481824
0.987835156964138,0.337503234623,2017-12-08,0.389514826773852
0.75528792059049,0.775028235046193,2017-12-08,0.537239509635658
0.310775833902881,0.0690702020656317,2017-12-08,0.234636137219537
0.0198653580155224,0.240949265658855,2017-12-08,0.224479946458222
0.682283061323687,0.24280183785595,2017-12-08,0.379732454962143
0.438736066687852,0.387112989090383,2017-12-08,0.334616709754619
0.883700705366209,0.871805021073669,2017-12-08,0.543660462668796
0.0742437855806202,0.967197048477829,2017-12-08,0.385090901355298
0.45366955595091,0.866916270926595,2017-12-08,0.371990663104833
0.888036270625889,0.437715301522985,2017-12-08,0.457183542203161
0.700159241678193,0.191937792114913,2017-12-08,0.408957106965615
0.304615611210465,0.0822944045066833,2017-12-08,0.262617320902404
0.584890802390873,0.583451637532562,2017-12-08,0.385287737159157
0.870453770039603,0.0703614954836667,2017-12-08,0.693054786620307
0.44652355927974,0.527662655804306,2017-12-08,0.378562848514514
0.33737303968519,0.472288285382092,2017-12-08,0.323852305715666
0.566908608656377,0.0481913706753403,2017-12-08,0.316848244066308
0.415764981647953,0.594540807651356,2017-12-08,0.370636433876731
0.83266066480428,0.791271215071902,2017-12-08,0.555877364032783
0.153707588091493,0.598868683679029,2017-12-08,0.323172159249548
0.658649043180048,0.0279159292113036,2017-12-08,0.385326242530894
0.00102681899443269,0.39572663186118,2017-12-08,0.262120982075556
0.320450928527862,0.106243964517489,2017-12-08,0.238524838553701
0.950132880592719,0.0241113880183548,2017-12-08,0.639316454078635
0.0125525095500052,0.840897767804563,2017-12-08,0.346675065252333
0.0790907654445618,0.32639992586337,2017-12-08,0.253493118728347
0.537983173970133,0.213288370519876,2017-12-09,0.315017517243736
0.818258262239397,0.994843258988112,2017-12-09,0.541849537800585
0.321746907196939,0.49203958758153,2017-12-09,0.320726277941474
0.582326936768368,0.627634118078277,2017-12-09,0.399854965460467
0.0709323794580996,0.00596133503131568,2017-12-09,0.197674231167598
0.570644013117999,0.285853998735547,2017-12-09,0.342794257276207
0.56067725061439,0.986480417195708,2017-12-09,0.543524310106453
0.434170939493924,0.757692324928939,2017-12-09,0.373385606325007
0.96194878523238,0.0682749908883125,2017-12-09,0.550722532579179
0.711271684383973,0.810763978632167,2017-12-09,0.489123053261165
0.258469532011077,0.122871407074854,2017-12-09,0.247851692513754
0.92567753768526,0.409918360644951,2017-12-09,0.481173570658325
0.420811663148925,0.927543645258993,2017-12-09,0.474571202220354
0.816300745587796,0.554208239307627,2017-12-09,0.488032013814757
0.754665047628805,0.0142666143365204,2017-12-09,0.379757713284615
0.412143304478377,0.967365281190723,2017-12-09,0.484887374069192
0.514416832011193,0.770065532531589,2017-12-09,0.376887246713446
0.542284718481824,0.0799524132162333,2017-12-09,0.305420230480792
0.974024304188788,0.365419848356396,2017-12-09,0.469468392138306
0.073637954890728,0.480426545254886,2017-12-09,0.300163398838697
0.76950380532071,0.675760691985488,2017-12-09,0.496288599653961
0.872554909205064,0.786447250749916,2017-12-09,0.519671013434275
0.989865584531799,0.810058057308197,2017-12-09,0.53043285204739
0.965147644048557,0.078677503624931,2017-12-09,0.556277669527047
0.636421318631619,0.168914441019297,2017-12-09,0.311024594616326
0.0653892939444631,0.0367327940184623,2017-12-09,0.222871895771986
0.128414754988626,0.240142308874056,2017-12-09,0.300191888826618
0.492784780450165,0.912195181939751,2017-12-09,0.478982944164488
0.663244860246778,0.00136347976513207,2017-12-09,0.303861036843015
0.189378713723272,0.227300448110327,2017-12-09,0.258827668180543
0.177598393289372,0.168262931751087,2017-12-09,0.278560243381716
0.115560325561091,0.149762514978647,2017-12-09,0.242245634234274
0.156952400226146,0.648097161203623,2017-12-09,0.343747275653157
0.8574108495377,0.485572549281642,2017-12-09,0.487081047965874
0.42486053169705,0.693244319409132,2017-12-09,0.378821600429672
0.878341671079397,0.289669456658885,2017-12-09,0.460497601347966
0.824826563941315,0.978671659715474,2017-12-09,0.543390965524837
0.978819616837427,0.288126329425722,2017-12-09,0.464942331803647
0.634543015854433,0.525764521211386,2017-12-09,0.386815943652467
0.691523276036605,0.0778222696390003,2017-12-09,0.31375435140622
0.792183339362964,0.678553835256025,2017-12-09,0.510882721185888
0.0341706455219537,0.181949716527015,2017-12-09,0.300851843111674
0.819993681041524,0.529804455116391,2017-12-09,0.482227850101464
0.687636162620038,0.801678828895092,2017-12-09,0.4879789871189
0.431776891928166,0.313187195919454,2017-12-09,0.289564185870534
0.243875786894932,0.691273411735892,2017-12-09,0.33151691853713
0.00814770301803946,0.773044522618875,2017-12-09,0.363214696479928
0.421106143388897,0.261793632525951,2017-12-09,0.29472186970374
0.786956907948479,0.678760153008625,2017-12-09,0.506958266906476
0.595592122757807,0.992143295938149,2017-12-09,0.55371149255545
0.984963058726862,0.551487519871444,2017-12-09,0.526568331478053
0.528043455909938,0.930684473598376,2017-12-09,0.504364594369407
0.523278417764232,0.20740434480831,2017-12-09,0.323326388080278
0.786444804864004,0.229959039483219,2017-12-09,0.353342968230388
0.0877224092837423,0.48398658935912,2017-12-09,0.311791574273356
0.256111980648711,0.461059393826872,2017-12-09,0.319572516229434
0.35660412022844,0.782721356954426,2017-12-09,0.388636287994442
0.24905545799993,0.000605266075581312,2017-12-09,0.201188688229641
0.175018487730995,0.750623380066827,2017-12-09,0.347032172880601
0.572922080755234,0.830732437549159,2017-12-09,0.427675276064048
0.483393148286268,0.314671236323193,2017-12-09,0.315850207593134
0.809948969166726,0.712033160030842,2017-12-09,0.519602805240795
0.75051523395814,0.25171154923737,2017-12-09,0.353965780486802
0.347443797625601,0.309347498230636,2017-12-09,0.29181955975308
0.806874484289438,0.695954847149551,2017-12-09,0.52455975134498
0.25176422810182,0.423095647012815,2017-12-09,0.295054928929975
0.592963553965092,0.852890213020146,2017-12-09,0.446194071607323
0.156215733382851,0.534399916650727,2017-12-09,0.307927454721871
0.175159651553258,0.54817751632072,2017-12-09,0.323046893411706
0.226377300918102,0.845543978502974,2017-12-09,0.402293077541575
0.791963252006099,0.377029079943895,2017-12-09,0.437782723680049
0.388376479735598,0.166043678531423,2017-12-09,0.275996351196349
0.911222032504156,0.189248028676957,2017-12-09,0.463116171980824
0.1218470511958,0.856867816066369,2017-12-09,0.375821166556014
0.987835156964138,0.337503234623,2017-12-09,0.469436317618169
0.75528792059049,0.775028235046193,2017-12-09,0.512602987032036
0.310775833902881,0.0690702020656317,2017-12-09,0.244028720993541
0.0198653580155224,0.240949265658855,2017-12-09,0.291030044936809
0.682283061323687,0.24280183785595,2017-12-09,0.350472838358437
0.438736066687852,0.387112989090383,2017-12-09,0.328649647032086
0.883700705366209,0.871805021073669,2017-12-09,0.512446269723299
0.0742437855806202,0.967197048477829,2017-12-09,0.429607562939038
0.45366955595091,0.866916270926595,2017-12-09,0.431403339317877
0.888036270625889,0.437715301522985,2017-12-09,0.462405378789461
0.700159241678193,0.191937792114913,2017-12-09,0.330543199521191
0.304615611210465,0.0822944045066833,2017-12-09,0.25610403025449
0.584890802390873,0.583451637532562,2017-12-09,0.391704142611886
0.870453770039603,0.0703614954836667,2017-12-09,0.489718209244699
0.44652355927974,0.527662655804306,2017-12-09,0.340532177816675
0.33737303968519,0.472288285382092,2017-12-09,0.32539352910129
0.566908608656377,0.0481913706753403,2017-12-09,0.282674664430734
0.415764981647953,0.594540807651356,2017-12-09,0.375175475104501
0.83266066480428,0.791271215071902,2017-12-09,0.532971117064002
0.153707588091493,0.598868683679029,2017-12-09,0.329531937383931
0.658649043180048,0.0279159292113036,2017-12-09,0.29675288965825
0.00102681899443269,0.39572663186118,2017-12-09,0.262380304706263
0.320450928527862,0.106243964517489,2017-12-09,0.248599845376021
0.950132880592719,0.0241113880183548,2017-12-09,0.591233396032721
0.0125525095500052,0.840897767804563,2017-12-09,0.376030233003057
0.0790907654445618,0.32639992586337,2017-12-09,0.290961804288674
0.537983173970133,0.213288370519876,2017-12-10,0.353040986933564
0.818258262239397,0.994843258988112,2017-12-10,0.561989582675454
0.321746907196939,0.49203958758153,2017-12-10,0.327068027506958
0.582326936768368,0.627634118078277,2017-12-10,0.386064531436047
0.0709323794580996,0.00596133503131568,2017-12-10,0.220032329157671
0.570644013117999,0.285853998735547,2017-12-10,0.341931885141039
0.56067725061439,0.986480417195708,2017-12-10,0.509423684151145
0.434170939493924,0.757692324928939,2017-12-10,0.426680707971471
0.96194878523238,0.0682749908883125,2017-12-10,0.439070775780484
0.711271684383973,0.810763978632167,2017-12-10,0.502652158088969
0.258469532011077,0.122871407074854,2017-12-10,0.301427478580823
0.92567753768526,0.409918360644951,2017-12-10,0.467470669976858
0.420811663148925,0.927543645258993,2017-12-10,0.468439354386647
0.816300745587796,0.554208239307627,2017-12-10,0.487488843149169
0.754665047628805,0.0142666143365204,2017-12-10,0.345349825569483
0.412143304478377,0.967365281190723,2017-12-10,0.480117483295839
0.514416832011193,0.770065532531589,2017-12-10,0.430061223459987
0.542284718481824,0.0799524132162333,2017-12-10,0.325111948043666
0.974024304188788,0.365419848356396,2017-12-10,0.468925363431457
0.073637954890728,0.480426545254886,2017-12-10,0.298215171697535
0.76950380532071,0.675760691985488,2017-12-10,0.477046439986221
0.872554909205064,0.786447250749916,2017-12-10,0.51006452251313
0.989865584531799,0.810058057308197,2017-12-10,0.527852457246155
0.965147644048557,0.078677503624931,2017-12-10,0.439737081749403
0.636421318631619,0.168914441019297,2017-12-10,0.309701331563267
0.0653892939444631,0.0367327940184623,2017-12-10,0.221831345389768
0.128414754988626,0.240142308874056,2017-12-10,0.273178921981613
0.492784780450165,0.912195181939751,2017-12-10,0.515236736459527
0.663244860246778,0.00136347976513207,2017-12-10,0.332672258844425
0.189378713723272,0.227300448110327,2017-12-10,0.29537750951112
0.177598393289372,0.168262931751087,2017-12-10,0.276320393401479
0.115560325561091,0.149762514978647,2017-12-10,0.260205786590886
0.156952400226146,0.648097161203623,2017-12-10,0.376494332880911
0.8574108495377,0.485572549281642,2017-12-10,0.469844725002602
0.42486053169705,0.693244319409132,2017-12-10,0.40191092391501
0.878341671079397,0.289669456658885,2017-12-10,0.420815052515097
0.824826563941315,0.978671659715474,2017-12-10,0.54519937960734
0.978819616837427,0.288126329425722,2017-12-10,0.465552135689786
0.634543015854433,0.525764521211386,2017-12-10,0.424469548175349
0.691523276036605,0.0778222696390003,2017-12-10,0.336803669442872
0.792183339362964,0.678553835256025,2017-12-10,0.476884106303389
0.0341706455219537,0.181949716527015,2017-12-10,0.22279425139308
0.819993681041524,0.529804455116391,2017-12-10,0.449911466576437
0.687636162620038,0.801678828895092,2017-12-10,0.495427109689662
0.431776891928166,0.313187195919454,2017-12-10,0.316025230869936
0.243875786894932,0.691273411735892,2017-12-10,0.404963854108732
0.00814770301803946,0.773044522618875,2017-12-10,0.38477994798809
0.421106143388897,0.261793632525951,2017-12-10,0.331674484074961
0.786956907948479,0.678760153008625,2017-12-10,0.494712738435208
0.595592122757807,0.992143295938149,2017-12-10,0.540393229477805
0.984963058726862,0.551487519871444,2017-12-10,0.526772780390149
0.528043455909938,0.930684473598376,2017-12-10,0.508776334715462
0.523278417764232,0.20740434480831,2017-12-10,0.327960257661385
0.786444804864004,0.229959039483219,2017-12-10,0.370959263470198
0.0877224092837423,0.48398658935912,2017-12-10,0.305869287211927
0.256111980648711,0.461059393826872,2017-12-10,0.32481321443381
0.35660412022844,0.782721356954426,2017-12-10,0.406318219193508
0.24905545799993,0.000605266075581312,2017-12-10,0.275212104018067
0.175018487730995,0.750623380066827,2017-12-10,0.421325915670398
0.572922080755234,0.830732437549159,2017-12-10,0.513593575888663
0.483393148286268,0.314671236323193,2017-12-10,0.349678019787503
0.809948969166726,0.712033160030842,2017-12-10,0.490293182221809
0.75051523395814,0.25171154923737,2017-12-10,0.353157865191804
0.347443797625601,0.309347498230636,2017-12-10,0.316196360444485
0.806874484289438,0.695954847149551,2017-12-10,0.487586704497894
0.25176422810182,0.423095647012815,2017-12-10,0.300859379989325
0.592963553965092,0.852890213020146,2017-12-10,0.536940163277144
0.156215733382851,0.534399916650727,2017-12-10,0.322185539081921
0.175159651553258,0.54817751632072,2017-12-10,0.341222736267961
0.226377300918102,0.845543978502974,2017-12-10,0.438643973598499
0.791963252006099,0.377029079943895,2017-12-10,0.391007293610688
0.388376479735598,0.166043678531423,2017-12-10,0.294808219797986
0.911222032504156,0.189248028676957,2017-12-10,0.408409048547297
0.1218470511958,0.856867816066369,2017-12-10,0.413385238716931
0.987835156964138,0.337503234623,2017-12-10,0.461937010537532
0.75528792059049,0.775028235046193,2017-12-10,0.497243824348647
0.310775833902881,0.0690702020656317,2017-12-10,0.281499587604505
0.0198653580155224,0.240949265658855,2017-12-10,0.253622705445685
0.682283061323687,0.24280183785595,2017-12-10,0.338385990428106
0.438736066687852,0.387112989090383,2017-12-10,0.370204532649251
0.883700705366209,0.871805021073669,2017-12-10,0.527034431826516
0.0742437855806202,0.967197048477829,2017-12-10,0.427003624662173
0.45366955595091,0.866916270926595,2017-12-10,0.470534186807546
0.888036270625889,0.437715301522985,2017-12-10,0.457178481290834
0.700159241678193,0.191937792114913,2017-12-10,0.335117731407224
0.304615611210465,0.0822944045066833,2017-12-10,0.286378681760307
0.584890802390873,0.583451637532562,2017-12-10,0.415027512703678
0.870453770039603,0.0703614954836667,2017-12-10,0.389087494264886
0.44652355927974,0.527662655804306,2017-12-10,0.39757153607318
0.33737303968519,0.472288285382092,2017-12-10,0.333955041236003
0.566908608656377,0.0481913706753403,2017-12-10,0.309512469482812
0.415764981647953,0.594540807651356,2017-12-10,0.371126328049148
0.83266066480428,0.791271215071902,2017-12-10,0.523144117936284
0.153707588091493,0.598868683679029,2017-12-10,0.363560406698779
0.658649043180048,0.0279159292113036,2017-12-10,0.327533897298715
0.00102681899443269,0.39572663186118,2017-12-10,0.284836282712576
0.320450928527862,0.106243964517489,2017-12-10,0.290353710168162
0.950132880592719,0.0241113880183548,2017-12-10,0.437691624315794
0.0125525095500052,0.840897767804563,2017-12-10,0.36489341547923
0.0790907654445618,0.32639992586337,2017-12-10,0.259595084281504
