Filter,T,d,n,is_64_bit,average_time,compile_time,Value
Kalman Filter,2,2,3,True,0.0006506204605102539,0.24553775787353516,-16.76784674520287
Information Filter,2,2,3,True,0.001006913185119629,0.23868346214294434,-16.76784674520298
Sqrt Filter,2,2,3,True,0.0005480051040649414,0.16498112678527832,-16.767846745202977
Sqrt Inf Filter,2,2,3,True,0.0006859302520751953,0.1875905990600586,-16.767846745202945
Kalman Filter,3,2,3,True,0.0009396791458129883,0.15251779556274414,-23.883876887947252
Information Filter,3,2,3,True,0.0014348983764648437,0.2532641887664795,-23.883876887947388
Sqrt Filter,3,2,3,True,0.0008115053176879882,0.14802098274230957,-23.883876887947373
Sqrt Inf Filter,3,2,3,True,0.0008843183517456054,0.22500371932983398,-23.883876887947338
Kalman Filter,4,2,3,True,0.0011201143264770509,0.1624467372894287,-32.49445899506218
Information Filter,4,2,3,True,0.0018322229385375976,0.3018660545349121,-32.4944589950623
Sqrt Filter,4,2,3,True,0.0010179758071899414,0.15525579452514648,-32.49445899506231
Sqrt Inf Filter,4,2,3,True,0.0012406349182128907,0.257000207901001,-32.494458995062274
Kalman Filter,5,2,3,True,0.0014565229415893556,0.15878820419311523,-41.22706648845525
Information Filter,5,2,3,True,0.0022307634353637695,0.3098790645599365,-41.22706648845536
Sqrt Filter,5,2,3,True,0.001211094856262207,0.14461803436279297,-41.22706648845536
Sqrt Inf Filter,5,2,3,True,0.0014632463455200196,0.34763216972351074,-41.22706648845532
Kalman Filter,6,2,3,True,0.0016562700271606444,0.15976881980895996,-56.64874805104149
Information Filter,6,2,3,True,0.00269014835357666,0.3563997745513916,-56.64874805104157
Sqrt Filter,6,2,3,True,0.0014654159545898437,0.14427947998046875,-56.64874805104162
Sqrt Inf Filter,6,2,3,True,0.0017002582550048827,0.3241736888885498,-56.648748051041565
Kalman Filter,7,2,3,True,0.0019321203231811523,0.16263270378112793,-64.4682297073446
Information Filter,7,2,3,True,0.003098416328430176,0.3576388359069824,-64.46822970734466
Sqrt Filter,7,2,3,True,0.0016690969467163086,0.15350079536437988,-64.46822970734472
Sqrt Inf Filter,7,2,3,True,0.0020071744918823244,0.39311957359313965,-64.46822970734468
Kalman Filter,8,2,3,True,0.002157759666442871,0.16619062423706055,-72.30330670747333
Information Filter,8,2,3,True,0.0034572124481201173,0.4394094944000244,-72.30330670747333
Sqrt Filter,8,2,3,True,0.0018398046493530273,0.16490912437438965,-72.30330670747345
Sqrt Inf Filter,8,2,3,True,0.002269124984741211,0.4383580684661865,-72.30330670747341
Kalman Filter,9,2,3,True,0.002431774139404297,0.16831064224243164,-81.16459629534837
Information Filter,9,2,3,True,0.0038643836975097655,0.47063708305358887,-81.1645962953484
Sqrt Filter,9,2,3,True,0.002099752426147461,0.1640470027923584,-81.16459629534849
Sqrt Inf Filter,9,2,3,True,0.0025272130966186523,0.4826853275299072,-81.16459629534843
Kalman Filter,10,2,3,True,0.002715015411376953,0.17348504066467285,-88.38020325956758
Information Filter,10,2,3,True,0.004264044761657715,0.514136552810669,-88.38020325956757
Sqrt Filter,10,2,3,True,0.002322220802307129,0.15592670440673828,-88.38020325956771
Sqrt Inf Filter,10,2,3,True,0.0027953147888183593,0.494415283203125,-88.38020325956765
Kalman Filter,11,2,3,True,0.002941799163818359,0.1701192855834961,-96.63911304968518
Information Filter,11,2,3,True,0.004662799835205078,0.48852968215942383,-96.63911304968543
Sqrt Filter,11,2,3,True,0.002521657943725586,0.16630983352661133,-96.6391130496853
Sqrt Inf Filter,11,2,3,True,0.003051137924194336,0.5239062309265137,-96.63911304968526
Kalman Filter,12,2,3,True,0.0031780004501342773,0.15290427207946777,-106.97547799654191
Information Filter,12,2,3,True,0.0050994157791137695,0.5395708084106445,-106.97547799653874
Sqrt Filter,12,2,3,True,0.002701425552368164,0.16298556327819824,-106.97547799654203
Sqrt Inf Filter,12,2,3,True,0.00337066650390625,0.5786600112915039,-106.9754779965418
Kalman Filter,13,2,3,True,0.003435063362121582,0.15718293190002441,-114.77107368115426
Information Filter,13,2,3,True,0.0054550647735595705,0.5565311908721924,-114.77107368115031
Sqrt Filter,13,2,3,True,0.0030233383178710936,0.16254329681396484,-114.77107368115438
Sqrt Inf Filter,13,2,3,True,0.0035636425018310547,0.6567020416259766,-114.77107368115453
Kalman Filter,14,2,3,True,0.003726649284362793,0.16155338287353516,-123.0662620653919
Information Filter,14,2,3,True,0.005951714515686035,0.6075530052185059,-123.06626206539619
Sqrt Filter,14,2,3,True,0.003187894821166992,0.15430402755737305,-123.06626206539201
Sqrt Inf Filter,14,2,3,True,0.003875327110290527,0.6339263916015625,-123.06626206539237
Kalman Filter,15,2,3,True,0.003985786437988281,0.16086840629577637,-130.86080516676134
Information Filter,15,2,3,True,0.006285238265991211,0.7068555355072021,-130.86080516676108
Sqrt Filter,15,2,3,True,0.0033841371536254884,0.16706109046936035,-130.86080516676145
Sqrt Inf Filter,15,2,3,True,0.004048633575439453,0.7071585655212402,-130.8608051667612
Kalman Filter,16,2,3,True,0.004172921180725098,0.16332793235778809,-137.6656215104724
Information Filter,16,2,3,True,0.006678986549377442,0.70318603515625,-137.6656215104716
Sqrt Filter,16,2,3,True,0.0033049583435058594,0.1576099395751953,-137.6656215104725
Sqrt Inf Filter,16,2,3,True,0.004035353660583496,0.9299561977386475,-137.66562151047285
Kalman Filter,17,2,3,True,0.004127407073974609,0.17516446113586426,-144.69263287333385
Information Filter,17,2,3,True,0.007105445861816407,0.8153848648071289,-144.69263287333098
Sqrt Filter,17,2,3,True,0.0037120580673217773,0.1757032871246338,-144.69263287333396
Sqrt Inf Filter,17,2,3,True,0.004518365859985352,0.8626821041107178,-144.6926328733392
Kalman Filter,18,2,3,True,0.004632639884948731,0.18945550918579102,-154.78811859467652
Information Filter,18,2,3,True,0.007564067840576172,0.760298490524292,-154.7881185944228
Sqrt Filter,18,2,3,True,0.0033550262451171875,0.16063475608825684,-154.78811859467666
Sqrt Inf Filter,18,2,3,True,0.004093551635742187,0.9139664173126221,-154.78811859467913
Kalman Filter,19,2,3,True,0.004112148284912109,0.18706679344177246,-161.54840211727569
Information Filter,19,2,3,True,0.007989287376403809,0.917433500289917,-161.54840211699766
Sqrt Filter,19,2,3,True,0.003371739387512207,0.1855626106262207,-161.54840211727583
Sqrt Inf Filter,19,2,3,True,0.004160952568054199,0.9207892417907715,-161.54840211728643
Kalman Filter,20,2,3,True,0.004144477844238281,0.18849539756774902,-170.186851509702
Information Filter,20,2,3,True,0.00836353302001953,0.9396340847015381,-170.18685150929008
Sqrt Filter,20,2,3,True,0.0044820308685302734,0.19073963165283203,-170.18685150970214
Sqrt Inf Filter,20,2,3,True,0.005450630187988281,0.9720954895019531,-170.18685150975796
Kalman Filter,21,2,3,True,0.0055056333541870115,0.19148516654968262,-177.89813150989468
Information Filter,21,2,3,True,0.008696961402893066,1.001539707183838,-177.8981315096454
Sqrt Filter,21,2,3,True,0.004646396636962891,0.19383621215820312,-177.89813150989485
Sqrt Inf Filter,21,2,3,True,0.005747532844543457,1.1111130714416504,-177.89813150990784
Kalman Filter,22,2,3,True,0.005717802047729492,0.20511817932128906,-186.6553161997599
Information Filter,22,2,3,True,0.00919196605682373,0.936816930770874,-186.65531620280362
Sqrt Filter,22,2,3,True,0.004903173446655274,0.19182896614074707,-186.65531619976008
Sqrt Inf Filter,22,2,3,True,0.005977916717529297,1.0311176776885986,-186.65531620018575
Kalman Filter,23,2,3,True,0.005846881866455078,0.1959984302520752,-196.8248042624932
Information Filter,23,2,3,True,0.009602522850036621,1.0407814979553223,-196.82480426724584
Sqrt Filter,23,2,3,True,0.005127859115600586,0.16731643676757812,-196.82480426249336
Sqrt Inf Filter,23,2,3,True,0.006307482719421387,1.2449569702148438,-196.8248042619089
Kalman Filter,24,2,3,True,0.00619196891784668,0.1751689910888672,-206.84148947046629
Information Filter,24,2,3,True,0.010032129287719727,1.0898241996765137,-206.84148949112642
Sqrt Filter,24,2,3,True,0.003954386711120606,0.200639009475708,-206.84148947046648
Sqrt Inf Filter,24,2,3,True,0.004862236976623535,1.1077995300292969,-206.84148946998013
Kalman Filter,25,2,3,True,0.0048165559768676754,0.17936301231384277,-214.38996200932493
Information Filter,25,2,3,True,0.010443401336669923,1.2399897575378418,-214.38996202315877
Sqrt Filter,25,2,3,True,0.005558228492736817,0.1996774673461914,-214.38996200932513
Sqrt Inf Filter,25,2,3,True,0.006793761253356933,1.348442792892456,-214.3899620097068
Kalman Filter,26,2,3,True,0.006697726249694824,0.1710655689239502,-222.57056045603215
Information Filter,26,2,3,True,0.0108306884765625,1.1996755599975586,-222.57056044152694
Sqrt Filter,26,2,3,True,0.004841947555541992,0.17403197288513184,-222.57056045603235
Sqrt Inf Filter,26,2,3,True,0.006033110618591309,1.2256958484649658,-222.57056045154172
Kalman Filter,27,2,3,True,0.005804610252380371,0.21017932891845703,-229.34566635447388
Information Filter,27,2,3,True,0.011287045478820801,1.226060152053833,-229.34566634562543
Sqrt Filter,27,2,3,True,0.0044658899307250975,0.1888425350189209,-229.3456663544741
Sqrt Inf Filter,27,2,3,True,0.0055170774459838865,1.2287495136260986,-229.34566635020593
Kalman Filter,28,2,3,True,0.006063008308410644,0.18221497535705566,-239.15933844408192
Information Filter,28,2,3,True,0.011928486824035644,1.440030813217163,-239.15933863371225
Sqrt Filter,28,2,3,True,0.004567646980285644,0.18242764472961426,-239.15933844408215
Sqrt Inf Filter,28,2,3,True,0.005689239501953125,1.4215271472930908,-239.1593384607465
Kalman Filter,29,2,3,True,0.006694579124450683,0.20711088180541992,-247.02130626056572
Information Filter,29,2,3,True,0.012017297744750976,1.3435618877410889,-247.02130648007892
Sqrt Filter,29,2,3,True,0.004769229888916015,0.3437693119049072,-247.02130626056595
Sqrt Inf Filter,29,2,3,True,0.007907509803771973,1.446213960647583,-247.02130626881123
Kalman Filter,30,2,3,True,0.0058558940887451175,0.1770646572113037,-255.2812787625474
Information Filter,30,2,3,True,0.012677931785583496,1.4967927932739258,-255.2812794639672
Sqrt Filter,30,2,3,True,0.004939842224121094,0.1853337287902832,-255.28127876254766
Sqrt Inf Filter,30,2,3,True,0.007500481605529785,1.483600378036499,-255.28127875066826
Kalman Filter,31,2,3,True,0.007972979545593261,0.21597027778625488,-262.54446229794934
Information Filter,31,2,3,True,0.012421107292175293,1.344597339630127,-262.54446299909705
Sqrt Filter,31,2,3,True,0.005141353607177735,0.19840312004089355,-262.54446229794956
Sqrt Inf Filter,31,2,3,True,0.008300518989562989,1.589686393737793,-262.54446219988915
Kalman Filter,32,2,3,True,0.00689992904663086,0.17564845085144043,-269.92108955806884
Information Filter,32,2,3,True,0.012710666656494141,1.5606493949890137,-269.9210935471081
Sqrt Filter,32,2,3,True,0.006499624252319336,0.20646429061889648,-269.92108955806907
Sqrt Inf Filter,32,2,3,True,0.009481334686279297,1.473052978515625,-269.92108973483687
Kalman Filter,33,2,3,True,0.00848088264465332,0.17934346199035645,-281.4804296716127
Information Filter,33,2,3,True,0.013799262046813966,1.5548923015594482,-281.48043168562145
Sqrt Filter,33,2,3,True,0.005434441566467285,0.21125149726867676,-281.4804296716129
Sqrt Inf Filter,33,2,3,True,0.008782434463500976,1.5318968296051025,-281.4804288698469
Kalman Filter,34,2,3,True,0.007048797607421875,0.18536162376403809,-288.51877711234295
Information Filter,34,2,3,True,0.010445952415466309,1.519801378250122,-288.51878641515
Sqrt Filter,34,2,3,True,0.005586934089660644,0.21412396430969238,-288.5187771123432
Sqrt Inf Filter,34,2,3,True,0.009203910827636719,1.728571891784668,-288.51877720869345
Kalman Filter,35,2,3,True,0.008763265609741212,0.19457077980041504,-296.2766022433713
Information Filter,35,2,3,True,0.014465665817260743,1.368145227432251,-296.2766197083887
Sqrt Filter,35,2,3,True,0.005751395225524902,0.22048282623291016,-296.27660224337154
Sqrt Inf Filter,35,2,3,True,0.009483861923217773,1.6718249320983887,-296.2766007994858
Kalman Filter,36,2,3,True,0.006871509552001953,0.18416690826416016,-304.35467133511435
Information Filter,36,2,3,True,0.011471915245056152,1.4115004539489746,-304.3546190298315
Sqrt Filter,36,2,3,True,0.005904436111450195,0.2186896800994873,-304.3546713351146
Sqrt Inf Filter,36,2,3,True,0.009744811058044433,1.6589531898498535,-304.35466739670795
Kalman Filter,37,2,3,True,0.008933091163635254,0.18999576568603516,-312.4176228960002
Information Filter,37,2,3,True,0.012842965126037598,1.434006690979004,-312.41754159208244
Sqrt Filter,37,2,3,True,0.0064185142517089845,0.18873333930969238,-312.4176228960004
Sqrt Inf Filter,37,2,3,True,0.009898090362548828,1.6601076126098633,-312.41762780254385
Kalman Filter,38,2,3,True,0.009410762786865234,0.2225949764251709,-319.74438741911496
Information Filter,38,2,3,True,0.016109275817871093,1.6358044147491455,-319.744305854678
Sqrt Filter,38,2,3,True,0.0062410831451416016,0.22025108337402344,-319.7443874191152
Sqrt Inf Filter,38,2,3,True,0.009037590026855469,1.7753796577453613,-319.7443948396
Kalman Filter,39,2,3,True,0.01002054214477539,0.19280123710632324,-326.8961625908836
Information Filter,39,2,3,True,0.016095995903015137,1.724764347076416,-326.8961443243861
Sqrt Filter,39,2,3,True,0.006401181221008301,0.19697141647338867,-326.8961625908838
Sqrt Inf Filter,39,2,3,True,0.012447333335876465,2.063448429107666,-326.89617258383316
Kalman Filter,40,2,3,True,0.007805013656616211,0.22948002815246582,-337.21717571016757
Information Filter,40,2,3,True,0.01649484634399414,1.5648894309997559,-337.218537629636
Sqrt Filter,40,2,3,True,0.006538796424865723,0.22130990028381348,-337.2171757101678
Sqrt Inf Filter,40,2,3,True,0.010844659805297852,1.9414184093475342,-337.21727027112007
Kalman Filter,41,2,3,True,0.008885574340820313,0.20798349380493164,-344.3516354184483
Information Filter,41,2,3,True,0.018060731887817382,1.7618091106414795,-344.35296364762866
Sqrt Filter,41,2,3,True,0.0068084001541137695,0.2246711254119873,-344.35163541844855
Sqrt Inf Filter,41,2,3,True,0.010992646217346191,2.1569926738739014,-344.35167196852467
Kalman Filter,42,2,3,True,0.007996821403503418,0.19392704963684082,-351.12692265687986
Information Filter,42,2,3,True,0.01779627799987793,1.8015308380126953,-351.1290945017102
Sqrt Filter,42,2,3,True,0.006851625442504883,0.2348024845123291,-351.1269226568801
Sqrt Inf Filter,42,2,3,True,0.011303520202636719,2.0985050201416016,-351.12700246279036
Kalman Filter,43,2,3,True,0.009592843055725098,0.23644495010375977,-359.0277233540308
Information Filter,43,2,3,True,0.016101431846618653,1.712095022201538,-359.0315444941854
Sqrt Filter,43,2,3,True,0.007061076164245605,0.22381019592285156,-359.027723354031
Sqrt Inf Filter,43,2,3,True,0.0116180419921875,2.2316033840179443,-359.0271593071695
Kalman Filter,44,2,3,True,0.008344793319702148,0.23932337760925293,-366.4350365493207
Information Filter,44,2,3,True,0.016490793228149413,1.632694959640503,-366.4215592526924
Sqrt Filter,44,2,3,True,0.007178473472595215,0.19818735122680664,-366.43503654932096
Sqrt Inf Filter,44,2,3,True,0.011848807334899902,2.087233066558838,-366.4335410058035
Kalman Filter,45,2,3,True,0.008537697792053222,0.23678231239318848,-375.2262871342873
Information Filter,45,2,3,True,0.01899588108062744,1.940688133239746,-375.21333256080925
Sqrt Filter,45,2,3,True,0.007359886169433593,0.20158863067626953,-375.22628713428753
Sqrt Inf Filter,45,2,3,True,0.012221956253051757,1.8701443672180176,-375.2265191066243
Kalman Filter,46,2,3,True,0.009210729598999023,0.24166631698608398,-385.20301795357443
Information Filter,46,2,3,True,0.01668863296508789,1.9174835681915283,-385.19919656927976
Sqrt Filter,46,2,3,True,0.007521510124206543,0.23755955696105957,-385.20301795357466
Sqrt Inf Filter,46,2,3,True,0.011524605751037597,1.8996624946594238,-385.19894471702764
Kalman Filter,47,2,3,True,0.009018230438232421,0.21330666542053223,-393.7585641886859
Information Filter,47,2,3,True,0.019340252876281737,1.8042128086090088,-393.7988870677713
Sqrt Filter,47,2,3,True,0.007686328887939453,0.20604252815246582,-393.75856418868614
Sqrt Inf Filter,47,2,3,True,0.012472057342529297,2.1145052909851074,-393.75206465580584
Kalman Filter,48,2,3,True,0.009168434143066406,0.24618792533874512,-402.8126607384116
Information Filter,48,2,3,True,0.020339035987854005,2.0421969890594482,-402.94617373938706
Sqrt Filter,48,2,3,True,0.00786421298980713,0.24395346641540527,-402.81266073841175
Sqrt Inf Filter,48,2,3,True,0.013005876541137695,2.1777074337005615,-402.8256612474169
Kalman Filter,49,2,3,True,0.010232090950012207,0.21148276329040527,-410.66976904197145
Information Filter,49,2,3,True,0.018208885192871095,1.9397718906402588,-410.6578904855216
Sqrt Filter,49,2,3,True,0.008016490936279297,0.238112211227417,-410.6697690419716
Sqrt Inf Filter,49,2,3,True,0.014249014854431152,2.5084903240203857,-410.71215427259875
Kalman Filter,50,2,3,True,0.009444808959960938,0.2585890293121338,-417.8612031085473
Information Filter,50,2,3,True,0.01841745376586914,1.7744359970092773,-417.560792630509
Sqrt Filter,50,2,3,True,0.008158063888549805,0.21412014961242676,-417.86120310854744
Sqrt Inf Filter,50,2,3,True,0.013387727737426757,2.2894322872161865,-417.8551282563844
Kalman Filter,51,2,3,True,0.010723185539245606,0.2099761962890625,-425.6881688685433
Information Filter,51,2,3,True,0.021822619438171386,2.285802125930786,-425.01254185143176
Sqrt Filter,51,2,3,True,0.008322858810424804,0.25993847846984863,-425.68816886854347
Sqrt Inf Filter,51,2,3,True,0.01539616584777832,2.336212396621704,-425.82082105700886
Kalman Filter,52,2,3,True,0.009966015815734863,0.25397729873657227,-436.1159612692386
Information Filter,52,2,3,True,0.02170844078063965,2.24271559715271,-452.69839941704936
Sqrt Filter,52,2,3,True,0.00848405361175537,0.2177143096923828,-436.11596126923877
Sqrt Inf Filter,52,2,3,True,0.01384875774383545,2.4321541786193848,-436.5391260973634
Kalman Filter,53,2,3,True,0.010106682777404785,0.213118314743042,-443.7489946690697
Information Filter,53,2,3,True,0.020711255073547364,1.9638302326202393,-461.72491695637507
Sqrt Filter,53,2,3,True,0.008662605285644531,0.2308657169342041,-443.7489946690699
Sqrt Inf Filter,53,2,3,True,0.013081979751586915,2.501060962677002,-444.58474327266475
Kalman Filter,54,2,3,True,0.011071920394897461,0.22295117378234863,-450.8869598213513
Information Filter,54,2,3,True,0.021405553817749022,2.310596227645874,-665.7217480358688
Sqrt Filter,54,2,3,True,0.008843517303466797,0.267012357711792,-450.88695982135147
Sqrt Inf Filter,54,2,3,True,0.014301490783691407,2.8022119998931885,-453.48135319608593
Kalman Filter,55,2,3,True,0.01041555404663086,0.2632923126220703,-460.0994613826827
Information Filter,55,2,3,True,0.020136356353759766,2.310417890548706,-722.3375477111556
Sqrt Filter,55,2,3,True,0.008959269523620606,0.23025798797607422,-460.0994613826829
Sqrt Inf Filter,55,2,3,True,0.014281773567199707,2.575094699859619,-468.8491541369621
Kalman Filter,56,2,3,True,0.011197543144226075,0.24123668670654297,-467.3961576018957
Information Filter,56,2,3,True,0.020865154266357423,2.1584105491638184,-4032.5593682116732
Sqrt Filter,56,2,3,True,0.009638571739196777,0.2594642639160156,-467.3961576018959
Sqrt Inf Filter,56,2,3,True,0.014367914199829102,2.5520880222320557,-479.8049180859024
Kalman Filter,57,2,3,True,0.012145566940307616,0.22568011283874512,-485.82148822182614
Information Filter,57,2,3,True,0.02072265148162842,2.3250935077667236,-4945.387625243429
Sqrt Filter,57,2,3,True,0.009302759170532226,0.26162099838256836,-485.82148822182626
Sqrt Inf Filter,57,2,3,True,0.015531277656555176,3.219998359680176,-582.0630285413035
Kalman Filter,58,2,3,True,0.010959053039550781,0.2300553321838379,-492.5143641764985
Information Filter,58,2,3,True,0.022366809844970702,2.24461030960083,-60537.60267455314
Sqrt Filter,58,2,3,True,0.009499311447143555,0.24198698997497559,-492.5143641764986
Sqrt Inf Filter,58,2,3,True,0.013783788681030274,2.9442474842071533,-1447.727614127653
Kalman Filter,59,2,3,True,0.011178135871887207,0.2622852325439453,-499.2072401311708
Information Filter,59,2,3,True,0.02216944694519043,2.2375550270080566,-79473.30716317406
Sqrt Filter,59,2,3,True,0.009637284278869628,0.231003999710083,-499.2072401311709
Sqrt Inf Filter,59,2,3,True,0.015194416046142578,2.6650993824005127,-4210.518058404188
Kalman Filter,60,2,3,True,0.011371493339538574,0.275463342666626,-505.90011608584314
Information Filter,60,2,3,True,0.022369933128356934,2.2292392253875732,-962096.8486605844
Sqrt Filter,60,2,3,True,0.009734225273132325,0.23218035697937012,-505.90011608584325
Sqrt Inf Filter,60,2,3,True,0.015572381019592286,3.0035340785980225,-11629.411919829992
Kalman Filter,61,2,3,True,0.011567378044128418,0.23567748069763184,-512.5929920405155
Information Filter,61,2,3,True,0.023142147064208984,2.268554210662842,-1285095.281377551
Sqrt Filter,61,2,3,True,0.009970259666442872,0.2689790725708008,-512.5929920405156
Sqrt Inf Filter,61,2,3,True,0.015679049491882324,2.6214590072631836,-15198.649136287397
Kalman Filter,62,2,3,True,0.011731433868408202,0.27044153213500977,-519.2858679951878
Information Filter,62,2,3,True,0.021697211265563964,2.812318801879883,-19410511.824893024
Sqrt Filter,62,2,3,True,0.010749173164367676,0.23555779457092285,-519.2858679951879
Sqrt Inf Filter,62,2,3,True,0.01602294445037842,2.874044179916382,-36936.969840102334
Kalman Filter,63,2,3,True,0.012639641761779785,0.25906872749328613,-525.9787439498601
Information Filter,63,2,3,True,0.02425093650817871,2.4863760471343994,-23884274.638082296
Sqrt Filter,63,2,3,True,0.010268521308898926,0.24368524551391602,-525.9787439498602
Sqrt Inf Filter,63,2,3,True,0.01708526611328125,2.886918067932129,-400091.9105341693
Kalman Filter,64,2,3,True,0.012101387977600098,0.24300217628479004,-532.6716199045325
Information Filter,64,2,3,True,0.02238941192626953,2.847400665283203,-307796115.45857215
Sqrt Filter,64,2,3,True,0.010436081886291504,0.2339627742767334,-532.6716199045326
Sqrt Inf Filter,64,2,3,True,0.016910505294799805,2.9040298461914062,-2692259.6304926537
Kalman Filter,65,2,3,True,0.012252521514892579,0.2810859680175781,-539.3644958592048
Information Filter,65,2,3,True,0.024180388450622557,2.4902379512786865,-390482007.55074716
Sqrt Filter,65,2,3,True,0.010562586784362792,0.24355363845825195,-539.3644958592049
Sqrt Inf Filter,65,2,3,True,0.017441797256469726,2.911262035369873,-5431135.674188076
Kalman Filter,66,2,3,True,0.012520575523376464,0.2845468521118164,-546.0573718138771
Information Filter,66,2,3,True,0.024327754974365234,2.490264892578125,-5339775450.406963
Sqrt Filter,66,2,3,True,0.010708832740783691,0.2470247745513916,-546.0573718138772
Sqrt Inf Filter,66,2,3,True,0.017224216461181642,2.662299394607544,-72637360.83508223
Kalman Filter,67,2,3,True,0.012662005424499512,0.28499507904052734,-552.7502477685495
Information Filter,67,2,3,True,0.024058055877685548,2.7707509994506836,-7092440032.83983
Sqrt Filter,67,2,3,True,0.010886406898498536,0.2778434753417969,-552.7502477685496
Sqrt Inf Filter,67,2,3,True,0.016263508796691896,3.098872661590576,-338397012.34176326
Kalman Filter,68,2,3,True,0.012811279296875,0.2504122257232666,-559.4431237232218
Information Filter,68,2,3,True,0.025260496139526366,2.968014717102051,-91604297343.38553
Sqrt Filter,68,2,3,True,0.011393356323242187,0.25874900817871094,-559.4431237232219
Sqrt Inf Filter,68,2,3,True,0.01672799587249756,3.4569997787475586,-694448009.3663018
Kalman Filter,69,2,3,True,0.013042211532592773,0.2936370372772217,-566.1359996778941
Information Filter,69,2,3,True,0.02352139949798584,2.8925600051879883,-107788435606.84398
Sqrt Filter,69,2,3,True,0.011225056648254395,0.25467777252197266,-566.1359996778942
Sqrt Inf Filter,69,2,3,True,0.017645978927612306,3.149660587310791,-6637743722.451093
Kalman Filter,70,2,3,True,0.013796091079711914,0.2554054260253906,-572.8288756325665
Information Filter,70,2,3,True,0.02376241683959961,2.7209620475769043,-1604281294273.6926
Sqrt Filter,70,2,3,True,0.011335039138793945,0.25221848487854004,-572.8288756325666
Sqrt Inf Filter,70,2,3,True,0.017293310165405272,2.9892475605010986,-9640894077.70324
Kalman Filter,71,2,3,True,0.01342153549194336,0.25220298767089844,-579.5217515872388
Information Filter,71,2,3,True,0.0249114990234375,3.384443521499634,-2077385330373.415
Sqrt Filter,71,2,3,True,0.011542820930480957,0.28511905670166016,-579.5217515872389
Sqrt Inf Filter,71,2,3,True,0.017118954658508302,2.7705721855163574,-23150227064.838352
Kalman Filter,72,2,3,True,0.013591742515563965,0.3010215759277344,-586.2146275419111
Information Filter,72,2,3,True,0.02706303596496582,3.3266243934631348,-27831952849825.344
Sqrt Filter,72,2,3,True,0.011685895919799804,0.30838727951049805,-586.2146275419112
Sqrt Inf Filter,72,2,3,True,0.01721158027648926,3.0151278972625732,-75144659835.18968
Kalman Filter,73,2,3,True,0.014447546005249024,0.30962204933166504,-592.9075034965834
Information Filter,73,2,3,True,0.02691185474395752,2.9384732246398926,-35175808913793.195
Sqrt Filter,73,2,3,True,0.011879467964172363,0.30988168716430664,-592.9075034965836
Sqrt Inf Filter,73,2,3,True,0.01849536895751953,3.2158405780792236,-437571755388.2691
Kalman Filter,74,2,3,True,0.013952136039733887,0.2606852054595947,-599.6003794512558
Information Filter,74,2,3,True,0.02588465213775635,3.035506248474121,-502487838582487.6
Sqrt Filter,74,2,3,True,0.012030458450317383,0.30951404571533203,-599.6003794512559
Sqrt Inf Filter,74,2,3,True,0.018841266632080078,3.5689311027526855,-831542976334.4548
Kalman Filter,75,2,3,True,0.014840006828308105,0.31623053550720215,-606.2932554059281
Information Filter,75,2,3,True,0.027250242233276368,2.95084810256958,-624892292730692.8
Sqrt Filter,75,2,3,True,0.012415313720703125,0.30452704429626465,-606.2932554059282
Sqrt Inf Filter,75,2,3,True,0.01796560287475586,3.2103261947631836,-14142117763837.713
Kalman Filter,76,2,3,True,0.01430361270904541,0.2747619152069092,-612.9861313606004
Information Filter,76,2,3,True,0.026931357383728028,3.4365899562835693,-9392782377040852.0
Sqrt Filter,76,2,3,True,0.012850379943847657,0.2808363437652588,-612.9861313606006
Sqrt Inf Filter,76,2,3,True,0.018665194511413574,3.107433319091797,-64029968331908.18
Kalman Filter,77,2,3,True,0.015374708175659179,0.3192901611328125,-619.6790073152728
Information Filter,77,2,3,True,0.02627713680267334,3.2566683292388916,-1.16889007235141e+16
Sqrt Filter,77,2,3,True,0.012508153915405273,0.2694213390350342,-619.6790073152729
Sqrt Inf Filter,77,2,3,True,0.019390010833740236,3.730734348297119,-308158684160559.8
Kalman Filter,78,2,3,True,0.014725279808044434,0.27097296714782715,-626.3718832699451
Information Filter,78,2,3,True,0.026285481452941895,3.2915103435516357,-1.61269166848076e+17
Sqrt Filter,78,2,3,True,0.012670278549194336,0.2781198024749756,-626.3718832699452
Sqrt Inf Filter,78,2,3,True,0.018560504913330077,4.0366199016571045,-1316906410485554.5
Kalman Filter,79,2,3,True,0.014892578125,0.2852463722229004,-633.0647592246174
Information Filter,79,2,3,True,0.026893472671508788,3.2094497680664062,-1.9585074166276794e+17
Sqrt Filter,79,2,3,True,0.012848424911499023,0.27385544776916504,-633.0647592246175
Sqrt Inf Filter,79,2,3,True,0.019162321090698244,3.501110076904297,-2971128107486768.5
Kalman Filter,80,2,3,True,0.015306234359741211,0.3144955635070801,-639.7576351792898
Information Filter,80,2,3,True,0.028834962844848634,3.120586395263672,-2.7107571007350876e+18
Sqrt Filter,80,2,3,True,0.012975788116455078,0.2753612995147705,-639.7576351792899
Sqrt Inf Filter,80,2,3,True,0.019716882705688478,3.9681949615478516,-9740168317610400.0
Kalman Filter,81,2,3,True,0.015247535705566407,0.27840232849121094,-646.4505111339621
Information Filter,81,2,3,True,0.028856873512268066,3.3224921226501465,-3.381781256648188e+18
Sqrt Filter,81,2,3,True,0.01317896842956543,0.2759547233581543,-646.4505111339622
Sqrt Inf Filter,81,2,3,True,0.01845240592956543,3.196512460708618,-7.972318384072853e+16
Kalman Filter,82,2,3,True,0.015470361709594727,0.28711366653442383,-653.1433870886344
Information Filter,82,2,3,True,0.028257226943969725,3.0539791584014893,-4.610392922014704e+19
Sqrt Filter,82,2,3,True,0.015188241004943847,0.32297468185424805,-653.1433870886345
Sqrt Inf Filter,82,2,3,True,0.020405292510986328,3.7406842708587646,-2.0801141068871494e+17
Kalman Filter,83,2,3,True,0.015642738342285155,0.29194021224975586,-659.8362630433068
Information Filter,83,2,3,True,0.028437328338623048,3.3462371826171875,-5.956698077259072e+19
Sqrt Filter,83,2,3,True,0.013439226150512695,0.2833380699157715,-659.8362630433069
Sqrt Inf Filter,83,2,3,True,0.019100141525268555,3.599905252456665,-3.64284966430054e+17
Kalman Filter,84,2,3,True,0.015780043601989747,0.3240222930908203,-666.5291389979791
Information Filter,84,2,3,True,0.02816629409790039,3.055650472640991,-7.683544696997237e+20
Sqrt Filter,84,2,3,True,0.013597989082336425,0.3015024662017822,-666.5291389979792
Sqrt Inf Filter,84,2,3,True,0.01973237991333008,4.040595531463623,-1.0757658172846799e+19
Kalman Filter,85,2,3,True,0.016007184982299805,0.29256653785705566,-673.2220149526514
Information Filter,85,2,3,True,0.029668593406677247,3.29217267036438,-9.916259838537508e+20
Sqrt Filter,85,2,3,True,0.013778138160705566,0.329601526260376,-673.2220149526515
Sqrt Inf Filter,85,2,3,True,0.020746707916259766,4.2153825759887695,-4.921791924557146e+19
Kalman Filter,86,2,3,True,0.01618316173553467,0.28845810890197754,-679.9148909073238
Information Filter,86,2,3,True,0.028545618057250977,3.3223769664764404,-1.546214175509553e+22
Sqrt Filter,86,2,3,True,0.013896870613098144,0.2867860794067383,-679.9148909073239
Sqrt Inf Filter,86,2,3,True,0.02073671817779541,3.92903208732605,-1.2513285237200221e+20
Kalman Filter,87,2,3,True,0.016373324394226074,0.2931227684020996,-686.6077668619961
Information Filter,87,2,3,True,0.028772735595703126,3.957460403442383,-1.9488754694050724e+22
Sqrt Filter,87,2,3,True,0.01475980281829834,0.3525197505950928,-686.6077668619962
Sqrt Inf Filter,87,2,3,True,0.021772885322570802,3.9869821071624756,-3.4844724066598624e+20
Kalman Filter,88,2,3,True,0.01652982234954834,0.3500692844390869,-693.3006428166684
Information Filter,88,2,3,True,0.031232404708862304,3.5120656490325928,-2.508029047532813e+23
Sqrt Filter,88,2,3,True,0.014510083198547363,0.3006265163421631,-693.3006428166685
Sqrt Inf Filter,88,2,3,True,0.020507502555847167,3.713779926300049,-1.3184459932489005e+21
Kalman Filter,89,2,3,True,0.01700315475463867,0.3479270935058594,-699.9935187713407
Information Filter,89,2,3,True,0.02962329387664795,3.6402578353881836,-3.1134523643021645e+23
Sqrt Filter,89,2,3,True,0.014402389526367188,0.34545326232910156,-699.9935187713409
Sqrt Inf Filter,89,2,3,True,0.019889354705810547,3.988690137863159,-6.452479659774715e+21
Kalman Filter,90,2,3,True,0.01687960624694824,0.3244905471801758,-706.6863947260131
Information Filter,90,2,3,True,0.03147709369659424,3.301630973815918,-4.704042404264677e+24
Sqrt Filter,90,2,3,True,0.015286540985107422,0.3006114959716797,-706.6863947260132
Sqrt Inf Filter,90,2,3,True,0.020399880409240723,4.10019063949585,-1.2716194922987885e+22
Kalman Filter,91,2,3,True,0.01769077777862549,0.35541605949401855,-713.3792706806854
Information Filter,91,2,3,True,0.030772948265075685,3.646266460418701,-5.775642408282082e+24
Sqrt Filter,91,2,3,True,0.014711213111877442,0.29797887802124023,-713.3792706806855
Sqrt Inf Filter,91,2,3,True,0.020781493186950682,3.545870065689087,-2.0631852333579842e+23
Kalman Filter,92,2,3,True,0.0173189640045166,0.30130434036254883,-720.0721466353577
Information Filter,92,2,3,True,0.031804656982421874,3.4150478839874268,-7.868160451103134e+25
Sqrt Filter,92,2,3,True,0.014963245391845703,0.29987406730651855,-720.0721466353579
Sqrt Inf Filter,92,2,3,True,0.02263033390045166,4.056123971939087,-3.391308332204475e+23
Kalman Filter,93,2,3,True,0.01747288703918457,0.3537724018096924,-726.7650225900301
Information Filter,93,2,3,True,0.03178262710571289,3.8084986209869385,-9.495819962855517e+25
Sqrt Filter,93,2,3,True,0.015030765533447265,0.36588335037231445,-726.7650225900302
Sqrt Inf Filter,93,2,3,True,0.022524929046630858,4.023059606552124,-1.8476560409249523e+24
Kalman Filter,94,2,3,True,0.017752933502197265,0.3677854537963867,-733.4578985447024
Information Filter,94,2,3,True,0.03270831108093262,3.8727385997772217,-1.256009391481557e+27
Sqrt Filter,94,2,3,True,0.015167021751403808,0.3152153491973877,-733.4578985447025
Sqrt Inf Filter,94,2,3,True,0.022762298583984375,4.05357551574707,-3.451167148307524e+24
Kalman Filter,95,2,3,True,0.018454933166503908,0.3473646640777588,-740.1507744993747
Information Filter,95,2,3,True,0.03269162178039551,3.628983736038208,-1.5491194571324873e+27
Sqrt Filter,95,2,3,True,0.015379738807678223,0.31732630729675293,-740.1507744993748
Sqrt Inf Filter,95,2,3,True,0.021788859367370607,4.86433482170105,-9.890115167185558e+25
Kalman Filter,96,2,3,True,0.018076038360595702,0.37314748764038086,-746.8436504540471
Information Filter,96,2,3,True,0.03282139301300049,3.5547447204589844,-2.1637973348976963e+28
Sqrt Filter,96,2,3,True,0.015918374061584473,0.3700742721557617,-746.8436504540472
Sqrt Inf Filter,96,2,3,True,0.021852827072143553,3.788822650909424,-2.3155415086277672e+26
Kalman Filter,97,2,3,True,0.018252348899841307,0.3754465579986572,-753.5365264087194
Information Filter,97,2,3,True,0.031975960731506346,3.5485610961914062,-2.8628177769241025e+28
Sqrt Filter,97,2,3,True,0.015692305564880372,0.329897403717041,-753.5365264087195
Sqrt Inf Filter,97,2,3,True,0.02281365394592285,3.6409623622894287,-1.1161777646705047e+27
Kalman Filter,98,2,3,True,0.0193462610244751,0.37520909309387207,-760.2294023633917
Information Filter,98,2,3,True,0.032244396209716794,4.034771680831909,-4.241508910755991e+29
Sqrt Filter,98,2,3,True,0.017104029655456543,0.3269929885864258,-760.2294023633918
Sqrt Inf Filter,98,2,3,True,0.022167658805847167,4.087474584579468,-1.2839752174551757e+27
Kalman Filter,99,2,3,True,0.018623900413513184,0.3190310001373291,-766.9222783180641
Information Filter,99,2,3,True,0.03364858627319336,4.0041468143463135,-5.2865284771812905e+29
Sqrt Filter,99,2,3,True,0.017053651809692382,0.3727421760559082,-766.9222783180642
Sqrt Inf Filter,99,2,3,True,0.02301948070526123,4.37291955947876,-6.561174948548427e+27
Kalman Filter,100,2,3,True,0.01876566410064697,0.34476613998413086,-773.6151542727364
Information Filter,100,2,3,True,0.03450057506561279,3.744222640991211,-7.173308327873983e+30
Sqrt Filter,100,2,3,True,0.01678333282470703,0.32583117485046387,-773.6151542727365
Sqrt Inf Filter,100,2,3,True,0.02295238971710205,3.881812810897827,-1.1838374679641677e+28
Kalman Filter,101,2,3,True,0.019721555709838866,0.38611698150634766,-780.3080302274087
Information Filter,101,2,3,True,0.03391718864440918,3.5217926502227783,-8.783849511769347e+30
Sqrt Filter,101,2,3,True,0.01635921001434326,0.32948946952819824,-780.3080302274088
Sqrt Inf Filter,101,2,3,True,0.022235941886901856,3.555558919906616,-1.9039516674637198e+29
Kalman Filter,102,2,3,True,0.019179487228393556,0.33000874519348145,-787.000906182081
Information Filter,102,2,3,True,0.034337425231933595,3.7366459369659424,-1.2214509379870263e+32
Sqrt Filter,102,2,3,True,0.016491794586181642,0.37248945236206055,-787.0009061820812
Sqrt Inf Filter,102,2,3,True,0.023658227920532227,4.493170738220215,-2.3823473679480683e+29
Kalman Filter,103,2,3,True,0.019435811042785644,0.3973712921142578,-793.6937821367534
Information Filter,103,2,3,True,0.03368234634399414,4.103442430496216,-1.5353565596936397e+32
Sqrt Filter,103,2,3,True,0.016671419143676758,0.3441636562347412,-793.6937821367535
Sqrt Inf Filter,103,2,3,True,0.023421120643615723,4.134850263595581,-5.750861410367642e+30
Kalman Filter,104,2,3,True,0.020125627517700195,0.38451361656188965,-800.3866580914257
Information Filter,104,2,3,True,0.0353447437286377,4.046994209289551,-2.291204806888423e+33
Sqrt Filter,104,2,3,True,0.017455911636352538,0.40203022956848145,-800.3866580914258
Sqrt Inf Filter,104,2,3,True,0.024088501930236816,4.580312728881836,-9.587373388163268e+30
Kalman Filter,105,2,3,True,0.02258455753326416,1.4085257053375244,-807.079534046098
Information Filter,105,2,3,True,0.035028505325317386,4.10145378112793,-2.7629819792407424e+33
Sqrt Filter,105,2,3,True,0.01699850559234619,0.39880895614624023,-807.0795340460982
Sqrt Inf Filter,105,2,3,True,0.023801398277282716,4.560360670089722,-6.756206654266653e+31
Kalman Filter,106,2,3,True,0.019901752471923828,0.3403301239013672,-813.7724100007704
Information Filter,106,2,3,True,0.03578298091888428,4.147637605667114,-3.3798592116925425e+34
Sqrt Filter,106,2,3,True,0.018033146858215332,0.3517475128173828,-813.7724100007705
Sqrt Inf Filter,106,2,3,True,0.024847126007080077,4.1355085372924805,-1.2053950453877554e+32
Kalman Filter,107,2,3,True,0.020229268074035644,0.4031214714050293,-820.4652859554427
Information Filter,107,2,3,True,0.03503904342651367,4.138564586639404,-4.472395534797787e+34
Sqrt Filter,107,2,3,True,0.01734926700592041,0.35285258293151855,-820.4652859554428
Sqrt Inf Filter,107,2,3,True,0.023956894874572754,4.644140958786011,-1.0766960820231931e+33
Kalman Filter,108,2,3,True,0.020310068130493165,0.34142446517944336,-827.158161910115
Information Filter,108,2,3,True,0.03607616424560547,3.99674391746521,-6.617582395935998e+35
Sqrt Filter,108,2,3,True,0.017771577835083006,0.35630083084106445,-827.1581619101152
Sqrt Inf Filter,108,2,3,True,0.024926042556762694,4.763883590698242,-5.005284347285914e+33
Kalman Filter,109,2,3,True,0.02096574306488037,0.40114426612854004,-833.8510378647874
Information Filter,109,2,3,True,0.03639185428619385,4.421135663986206,-8.426937415595597e+35
Sqrt Filter,109,2,3,True,0.017743444442749022,0.36109495162963867,-833.8510378647875
Sqrt Inf Filter,109,2,3,True,0.02515866756439209,4.818279266357422,-2.6396717684882766e+34
Kalman Filter,110,2,3,True,0.02066190242767334,0.3661067485809326,-840.5439138194597
Information Filter,110,2,3,True,0.03648741245269775,4.156303882598877,-1.1105140092538961e+37
Sqrt Filter,110,2,3,True,0.01773386001586914,0.35038042068481445,-840.5439138194598
Sqrt Inf Filter,110,2,3,True,0.026028943061828614,4.854328155517578,-1.3969559748110046e+35
Kalman Filter,111,2,3,True,0.022583627700805665,0.36803579330444336,-847.236789774132
Information Filter,111,2,3,True,0.03776030540466309,4.406580448150635,-1.400010812399432e+37
Sqrt Filter,111,2,3,True,0.01790757179260254,0.35944223403930664,-847.2367897741321
Sqrt Inf Filter,111,2,3,True,0.026081085205078125,3.9536449909210205,-5.543558491471776e+35
Kalman Filter,112,2,3,True,0.02176036834716797,0.3818361759185791,-853.9296657288044
Information Filter,112,2,3,True,0.037695693969726565,4.63370156288147,-1.9392375454762217e+38
Sqrt Filter,112,2,3,True,0.01967146396636963,0.4200282096862793,-853.9296657288045
Sqrt Inf Filter,112,2,3,True,0.026413917541503906,4.622232437133789,-7.550095491596082e+35
Kalman Filter,113,2,3,True,0.02290804386138916,0.40500426292419434,-860.6225416834767
Information Filter,113,2,3,True,0.03706238269805908,4.2413928508758545,-2.5214084732631487e+38
Sqrt Filter,113,2,3,True,0.018300771713256836,0.3629779815673828,-860.6225416834768
Sqrt Inf Filter,113,2,3,True,0.02649538516998291,5.131984233856201,-9.556632491720387e+35
Kalman Filter,114,2,3,True,0.021904826164245605,0.43869781494140625,-867.315417638149
Information Filter,114,2,3,True,0.0374030351638794,4.636922836303711,-3.371748113917357e+39
Sqrt Filter,114,2,3,True,0.018454098701477052,0.36601829528808594,-867.3154176381491
Sqrt Inf Filter,114,2,3,True,0.0259122371673584,5.906378269195557,-5.479907667611335e+37
Kalman Filter,115,2,3,True,0.0215850830078125,0.3738982677459717,-874.0082935928214
Information Filter,115,2,3,True,0.03799657821655274,4.608579397201538,-4.0897545236635667e+39
Sqrt Filter,115,2,3,True,0.020478367805480957,0.38655877113342285,-874.0082935928215
Sqrt Inf Filter,115,2,3,True,0.02662990093231201,4.635780096054077,-1.3969798645612297e+38
Kalman Filter,116,2,3,True,0.021758437156677246,0.3823578357696533,-880.7011695474937
Information Filter,116,2,3,True,0.03792805671691894,4.902759552001953,-5.720492426424477e+40
Sqrt Filter,116,2,3,True,0.019119739532470703,0.3867156505584717,-880.7011695474938
Sqrt Inf Filter,116,2,3,True,0.0268446683883667,4.812549352645874,-3.103634674426577e+38
Kalman Filter,117,2,3,True,0.02196946144104004,0.3768651485443115,-887.394045502166
Information Filter,117,2,3,True,0.03760080337524414,4.868638753890991,-7.241622224850939e+40
Sqrt Filter,117,2,3,True,0.020687580108642578,0.4447157382965088,-887.3940455021661
Sqrt Inf Filter,117,2,3,True,0.026128578186035156,4.892583847045898,-9.930253913887965e+38
Kalman Filter,118,2,3,True,0.02468860149383545,0.39421510696411133,-894.0869214568384
Information Filter,118,2,3,True,0.03853793144226074,4.6962926387786865,-1.0077835670033937e+42
Sqrt Filter,118,2,3,True,0.019092559814453125,0.3832433223724365,-894.0869214568385
Sqrt Inf Filter,118,2,3,True,0.02558596134185791,4.78176212310791,-3.8308917634552197e+39
Kalman Filter,119,2,3,True,0.022319698333740236,0.390045166015625,-900.7797974115107
Information Filter,119,2,3,True,0.03984146118164063,4.8255085945129395,-1.271376045758527e+42
Sqrt Filter,119,2,3,True,0.019241905212402342,0.3806424140930176,-900.7797974115108
Sqrt Inf Filter,119,2,3,True,0.025960540771484374,5.252437353134155,-4.116939162131842e+40
Kalman Filter,120,2,3,True,0.02247884273529053,0.38692259788513184,-907.472673366183
Information Filter,120,2,3,True,0.03929214477539063,4.667478084564209,-1.9741974175174295e+43
Sqrt Filter,120,2,3,True,0.02088613510131836,0.4523794651031494,-907.4726733661831
Sqrt Inf Filter,120,2,3,True,0.02744472026824951,5.628068447113037,-9.805348252610739e+40
Kalman Filter,121,2,3,True,0.023488569259643554,0.3919250965118408,-914.1655493208553
Information Filter,121,2,3,True,0.040220022201538086,4.8515729904174805,-2.442579516673779e+43
Sqrt Filter,121,2,3,True,0.01956818103790283,0.46037983894348145,-914.1655493208555
Sqrt Inf Filter,121,2,3,True,0.027942180633544922,4.910336971282959,-2.7281493505631892e+41
Kalman Filter,122,2,3,True,0.024858307838439942,0.38863587379455566,-920.8584252755277
Information Filter,122,2,3,True,0.040118050575256345,4.9546895027160645,-3.178962896458948e+44
Sqrt Filter,122,2,3,True,0.020003652572631835,0.45012784004211426,-920.8584252755278
Sqrt Inf Filter,122,2,3,True,0.028271579742431642,5.761699199676514,-5.7588269016808475e+41
Kalman Filter,123,2,3,True,0.024558591842651366,0.47211766242980957,-927.5513012302
Information Filter,123,2,3,True,0.040481042861938474,5.034438133239746,-3.969664137398756e+44
Sqrt Filter,123,2,3,True,0.019918417930603026,0.39275503158569336,-927.5513012302001
Sqrt Inf Filter,123,2,3,True,0.027228760719299316,5.278434991836548,-5.7588269016808475e+41
Kalman Filter,124,2,3,True,0.023375391960144043,0.47248339653015137,-934.2441771848723
Information Filter,124,2,3,True,0.04049315452575684,4.9474968910217285,-5.3420976502716374e+45
Sqrt Filter,124,2,3,True,0.020071935653686524,0.44402647018432617,-934.2441771848725
Sqrt Inf Filter,124,2,3,True,0.0267284631729126,5.509136915206909,-1.325253430799784e+43
Kalman Filter,125,2,3,True,0.023399710655212402,0.4273409843444824,-940.9370531395447
Information Filter,125,2,3,True,0.04026563167572021,6.414416551589966,-6.935597039861911e+45
Sqrt Filter,125,2,3,True,0.020098328590393066,0.4602832794189453,-940.9370531395448
Sqrt Inf Filter,125,2,3,True,0.0275592565536499,5.6973557472229,-2.781486157962382e+43
Kalman Filter,126,2,3,True,0.023618221282958984,0.4067094326019287,-947.629929094217
Information Filter,126,2,3,True,0.03991334438323975,4.687652587890625,-9.859774526127847e+46
Sqrt Filter,126,2,3,True,0.020679569244384764,0.41770124435424805,-947.6299290942171
Sqrt Inf Filter,126,2,3,True,0.030038905143737794,4.724622488021851,-6.395688432508545e+44
Kalman Filter,127,2,3,True,0.025265216827392578,0.40918421745300293,-954.3228050488893
Information Filter,127,2,3,True,0.042557573318481444,4.779280662536621,-1.1800907244424376e+47
Sqrt Filter,127,2,3,True,0.02128865718841553,0.4828944206237793,-954.3228050488894
Sqrt Inf Filter,127,2,3,True,0.029091238975524902,5.661982297897339,-3.85214709589042e+45
Kalman Filter,128,2,3,True,0.025798559188842773,0.48261547088623047,-961.0156810035617
Information Filter,128,2,3,True,0.042996907234191896,4.999557971954346,-1.6196544483936635e+48
Sqrt Filter,128,2,3,True,0.02062036991119385,0.3991963863372803,-961.0156810035618
Sqrt Inf Filter,128,2,3,True,0.027507877349853514,5.321093320846558,-1.005881295412424e+46
Kalman Filter,129,2,3,True,0.02566208839416504,0.49159979820251465,-967.708556958234
Information Filter,129,2,3,True,0.04275679588317871,4.803860902786255,-2.1400128368831927e+48
Sqrt Filter,129,2,3,True,0.020412278175354005,0.40688395500183105,-967.7085569582341
Sqrt Inf Filter,129,2,3,True,0.02941164970397949,5.1298298835754395,-2.284355677330034e+46
Kalman Filter,130,2,3,True,0.024123764038085936,0.4121391773223877,-974.4014329129063
Information Filter,130,2,3,True,0.043189191818237306,4.7123026847839355,-2.866224325921841e+49
Sqrt Filter,130,2,3,True,0.023027992248535155,0.4561655521392822,-974.4014329129064
Sqrt Inf Filter,130,2,3,True,0.029643774032592773,5.87858247756958,-1.4938225277149683e+47
Kalman Filter,131,2,3,True,0.024329996109008788,0.41498875617980957,-981.0943088675787
Information Filter,131,2,3,True,0.04225094318389892,4.742327928543091,-3.8157596643221754e+49
Sqrt Filter,131,2,3,True,0.02073497772216797,0.4104797840118408,-981.0943088675788
Sqrt Inf Filter,131,2,3,True,0.0280789852142334,5.45906400680542,-5.1402029374269265e+47
Kalman Filter,132,2,3,True,0.025977540016174316,0.49455761909484863,-987.787184822251
Information Filter,132,2,3,True,0.04252190589904785,4.874686002731323,-5.012170288579087e+50
Sqrt Filter,132,2,3,True,0.021204185485839844,0.4090144634246826,-987.7871848222511
Sqrt Inf Filter,132,2,3,True,0.03094487190246582,5.4888105392456055,-3.7088264824283015e+48
Kalman Filter,133,2,3,True,0.024666142463684083,0.4459066390991211,-994.4800607769233
Information Filter,133,2,3,True,0.04201357364654541,5.056509017944336,-6.200539930158566e+50
Sqrt Filter,133,2,3,True,0.021026968955993652,0.41754746437072754,-994.4800607769234
Sqrt Inf Filter,133,2,3,True,0.02889552116394043,5.659902811050415,-1.4116803939456475e+49
Kalman Filter,134,2,3,True,0.0255429744720459,0.5059783458709717,-1001.1729367315957
Information Filter,134,2,3,True,0.04421000480651856,5.063740491867065,-8.74779143894174e+51
Sqrt Filter,134,2,3,True,0.021453428268432616,0.42152881622314453,-1001.1729367315958
Sqrt Inf Filter,134,2,3,True,0.030515575408935548,5.297707796096802,-8.095707440026665e+49
Kalman Filter,135,2,3,True,0.025633621215820312,0.48450183868408203,-1007.865812686268
Information Filter,135,2,3,True,0.043543767929077146,5.0643675327301025,-1.0661409586012954e+52
Sqrt Filter,135,2,3,True,0.021933555603027344,0.43503546714782715,-1007.8658126862681
Sqrt Inf Filter,135,2,3,True,0.030123019218444826,6.030737400054932,-4.007000041970395e+50
Kalman Filter,136,2,3,True,0.02531125545501709,0.4724702835083008,-1014.5586886409403
Information Filter,136,2,3,True,0.04499731063842773,5.436327934265137,-1.4576741510830514e+53
Sqrt Filter,136,2,3,True,0.02168140411376953,0.4213066101074219,-1014.5586886409404
Sqrt Inf Filter,136,2,3,True,0.02924330234527588,6.63141655921936,-8.940102038322616e+50
Kalman Filter,137,2,3,True,0.025752544403076172,0.4160730838775635,-1021.2515645956126
Information Filter,137,2,3,True,0.04470198154449463,5.2437450885772705,-1.8378990579354931e+53
Sqrt Filter,137,2,3,True,0.021763992309570313,0.4475851058959961,-1021.2515645956128
Sqrt Inf Filter,137,2,3,True,0.02947394847869873,5.866771459579468,-2.5210388313435834e+51
Kalman Filter,138,2,3,True,0.025620412826538087,0.4148578643798828,-1027.944440550285
Information Filter,138,2,3,True,0.04583859443664551,4.996380567550659,-2.762883660344008e+54
Sqrt Filter,138,2,3,True,0.021863389015197753,0.4177579879760742,-1027.9444405502852
Sqrt Inf Filter,138,2,3,True,0.029500031471252443,5.850939989089966,-1.1518636583233713e+52
Kalman Filter,139,2,3,True,0.02665848731994629,0.5126502513885498,-1034.6373165049574
Information Filter,139,2,3,True,0.045456957817077634,5.18072772026062,-3.724378541970067e+54
Sqrt Filter,139,2,3,True,0.021989870071411132,0.4447920322418213,-1034.6373165049577
Sqrt Inf Filter,139,2,3,True,0.029699063301086424,5.55766487121582,-5.617183347236149e+52
Kalman Filter,140,2,3,True,0.02597372531890869,0.43262434005737305,-1041.3301924596299
Information Filter,140,2,3,True,0.04434952735900879,5.596098899841309,-4.5273135950510175e+55
Sqrt Filter,140,2,3,True,0.022138810157775878,0.4321248531341553,-1041.33019245963
Sqrt Inf Filter,140,2,3,True,0.030893230438232423,5.709545373916626,-4.8802110986431354e+53
Kalman Filter,141,2,3,True,0.026788091659545897,0.42293286323547363,-1048.0230684143023
Information Filter,141,2,3,True,0.04496488571166992,5.143758535385132,-5.862381954496711e+55
Sqrt Filter,141,2,3,True,0.022384119033813477,0.44708681106567383,-1048.0230684143025
Sqrt Inf Filter,141,2,3,True,0.03122527599334717,5.567692518234253,-3.1085131625582926e+54
Kalman Filter,142,2,3,True,0.026383471488952637,0.4336669445037842,-1054.7159443689748
Information Filter,142,2,3,True,0.045197677612304685,5.2922303676605225,-8.72258243186452e+56
Sqrt Filter,142,2,3,True,0.022867918014526367,0.486560583114624,-1054.715944368975
Sqrt Inf Filter,142,2,3,True,0.031765317916870116,6.247127056121826,-6.18294914886215e+54
Kalman Filter,143,2,3,True,0.026608967781066896,0.49952220916748047,-1061.4088203236472
Information Filter,143,2,3,True,0.046660542488098145,5.736684799194336,-1.0481417099861821e+57
Sqrt Filter,143,2,3,True,0.02284853458404541,0.4802365303039551,-1061.4088203236474
Sqrt Inf Filter,143,2,3,True,0.03130784034729004,5.630682706832886,-9.884356600434348e+54
Kalman Filter,144,2,3,True,0.026765060424804688,0.5033547878265381,-1068.1016962783197
Information Filter,144,2,3,True,0.047075200080871585,5.183230400085449,-1.358193537168803e+58
Sqrt Filter,144,2,3,True,0.023103618621826173,0.5047640800476074,-1068.1016962783199
Sqrt Inf Filter,144,2,3,True,0.031812000274658206,6.4677088260650635,-2.391152675604055e+56
Kalman Filter,145,2,3,True,0.027674770355224608,0.5101327896118164,-1074.794572232992
Information Filter,145,2,3,True,0.04873113632202149,5.311448335647583,-1.7190513875920425e+58
Sqrt Filter,145,2,3,True,0.023630094528198243,0.44095706939697266,-1074.7945722329923
Sqrt Inf Filter,145,2,3,True,0.030962181091308594,6.3034467697143555,-4.436050905326551e+56
Kalman Filter,146,2,3,True,0.027041316032409668,0.4282195568084717,-1081.4874481876645
Information Filter,146,2,3,True,0.048132920265197755,5.552080154418945,-2.4564622226161894e+59
Sqrt Filter,146,2,3,True,0.023467659950256348,0.4255943298339844,-1081.4874481876648
Sqrt Inf Filter,146,2,3,True,0.03202850818634033,5.266210079193115,-7.31284041859361e+56
Kalman Filter,147,2,3,True,0.02729043960571289,0.45056962966918945,-1088.180324142337
Information Filter,147,2,3,True,0.04627504348754883,5.407042503356934,-3.0865875082386436e+59
Sqrt Filter,147,2,3,True,0.023271012306213378,0.45572829246520996,-1088.1803241423372
Sqrt Inf Filter,147,2,3,True,0.032120776176452634,5.844047784805298,-1.678844349461844e+57
Kalman Filter,148,2,3,True,0.027550005912780763,0.4411153793334961,-1094.8732000970094
Information Filter,148,2,3,True,0.048439621925354004,5.909159898757935,-4.060144312842225e+60
Sqrt Filter,148,2,3,True,0.02434208393096924,0.45217466354370117,-1094.8732000970097
Sqrt Inf Filter,148,2,3,True,0.03270080089569092,8.344022274017334,-1.476619301968582e+58
Kalman Filter,149,2,3,True,0.027861309051513673,0.44998836517333984,-1101.5660760516819
Information Filter,149,2,3,True,0.04757246971130371,5.970204830169678,-5.132079472538786e+60
Sqrt Filter,149,2,3,True,0.023613452911376953,0.4431614875793457,-1101.566076051682
Sqrt Inf Filter,149,2,3,True,0.032139039039611815,6.826840162277222,-1.1809624553531227e+59
Kalman Filter,150,2,3,True,0.027887940406799316,0.4297370910644531,-1108.2589520063543
Information Filter,150,2,3,True,0.048442506790161134,5.97681188583374,-7.037987822890554e+61
Sqrt Filter,150,2,3,True,0.025048351287841795,0.5221836566925049,-1108.2589520063545
Sqrt Inf Filter,150,2,3,True,0.032192063331604,6.775592565536499,-3.9899923123580794e+59
Kalman Filter,151,2,3,True,0.028093552589416503,0.44820427894592285,-1114.9518279610268
Information Filter,151,2,3,True,0.049138212203979494,5.418535947799683,-8.793104916787993e+61
Sqrt Filter,151,2,3,True,0.024188804626464843,0.5060701370239258,-1114.951827961027
Sqrt Inf Filter,151,2,3,True,0.03225970268249512,5.536431789398193,-1.3124482472736268e+60
Kalman Filter,152,2,3,True,0.02829427719116211,0.4362215995788574,-1121.6447039156992
Information Filter,152,2,3,True,0.04958789348602295,6.0148797035217285,-1.3555879827854747e+63
Sqrt Filter,152,2,3,True,0.024403595924377443,0.5237560272216797,-1121.6447039156994
Sqrt Inf Filter,152,2,3,True,0.033679842948913574,6.831395387649536,-1.1230502984082843e+61
Kalman Filter,153,2,3,True,0.02893242835998535,0.45259928703308105,-1128.3375798703717
Information Filter,153,2,3,True,0.048489952087402345,5.697783470153809,-1.68595735453251e+63
Sqrt Filter,153,2,3,True,0.02427680492401123,0.4440577030181885,-1128.3375798703719
Sqrt Inf Filter,153,2,3,True,0.03346166610717773,6.286779165267944,-8.472215755943632e+61
Kalman Filter,154,2,3,True,0.02903444766998291,0.4747626781463623,-1135.030455825044
Information Filter,154,2,3,True,0.04970216751098633,6.031110048294067,-2.2920222719738378e+64
Sqrt Filter,154,2,3,True,0.0243560791015625,0.454315185546875,-1135.0304558250443
Sqrt Inf Filter,154,2,3,True,0.032912039756774904,6.099182844161987,-2.006209207632676e+62
Kalman Filter,155,2,3,True,0.02986741065979004,0.48442554473876953,-1141.7233317797165
Information Filter,155,2,3,True,0.05028703212738037,5.667657375335693,-2.875456809189085e+64
Sqrt Filter,155,2,3,True,0.026079630851745604,0.535402774810791,-1141.7233317797168
Sqrt Inf Filter,155,2,3,True,0.03421931266784668,6.957714080810547,-2.6777780183758895e+62
Kalman Filter,156,2,3,True,0.029498529434204102,0.538480281829834,-1148.416207734389
Information Filter,156,2,3,True,0.04925534725189209,6.087995290756226,-4.346519693916266e+65
Sqrt Filter,156,2,3,True,0.02518303394317627,0.46190810203552246,-1148.4162077343892
Sqrt Inf Filter,156,2,3,True,0.03333926200866699,6.340440034866333,-3.012356564430463e+63
Kalman Filter,157,2,3,True,0.02921285629272461,0.47218918800354004,-1155.1090836890614
Information Filter,157,2,3,True,0.04945127964019776,6.372781753540039,-5.478673348078348e+65
Sqrt Filter,157,2,3,True,0.024884724617004396,0.45367002487182617,-1155.1090836890617
Sqrt Inf Filter,157,2,3,True,0.034327125549316405,6.848074436187744,-1.058503244176257e+64
Kalman Filter,158,2,3,True,0.029398417472839354,0.49905848503112793,-1161.8019596437339
Information Filter,158,2,3,True,0.049974584579467775,6.273387670516968,-6.3858383453105266e+66
Sqrt Filter,158,2,3,True,0.025028467178344727,0.5233423709869385,-1161.801959643734
Sqrt Inf Filter,158,2,3,True,0.03388457298278809,7.223641872406006,-9.026626880192044e+64
Kalman Filter,159,2,3,True,0.02982330322265625,0.5433952808380127,-1168.4948355984063
Information Filter,159,2,3,True,0.05021820068359375,6.574268817901611,-7.735977457762787e+66
Sqrt Filter,159,2,3,True,0.025187373161315918,0.4555389881134033,-1168.4948355984066
Sqrt Inf Filter,159,2,3,True,0.034401464462280276,6.478227376937866,-2.2912074575537363e+65
Kalman Filter,160,2,3,True,0.03017747402191162,0.5045502185821533,-1175.1877115530788
Information Filter,160,2,3,True,0.050476789474487305,6.329392910003662,-1.2162373663298461e+68
Sqrt Filter,160,2,3,True,0.025411605834960938,0.5134589672088623,-1175.187711553079
Sqrt Inf Filter,160,2,3,True,0.03548014163970947,6.488410234451294,-1.0609687182505918e+66
Kalman Filter,161,2,3,True,0.029949593544006347,0.4586472511291504,-1181.8805875077512
Information Filter,161,2,3,True,0.05258796215057373,6.748120069503784,-1.4716663452546143e+68
Sqrt Filter,161,2,3,True,0.025525379180908202,0.4589073657989502,-1181.8805875077514
Sqrt Inf Filter,161,2,3,True,0.034391355514526364,9.131153583526611,-2.3358685000131175e+66
Kalman Filter,162,2,3,True,0.030275487899780275,0.5256803035736084,-1188.5734634624237
Information Filter,162,2,3,True,0.051197600364685056,6.454593896865845,-2.0599649372280837e+69
Sqrt Filter,162,2,3,True,0.025912833213806153,0.5465054512023926,-1188.573463462424
Sqrt Inf Filter,162,2,3,True,0.035482168197631836,6.819239139556885,-7.435467627063221e+66
Kalman Filter,163,2,3,True,0.030393767356872558,0.48306822776794434,-1195.266339417096
Information Filter,163,2,3,True,0.05145041942596436,6.953909158706665,-2.5074806958013545e+69
Sqrt Filter,163,2,3,True,0.02601778507232666,0.5508601665496826,-1195.2663394170963
Sqrt Inf Filter,163,2,3,True,0.03489594459533692,7.497628211975098,-6.819519546134006e+67
Kalman Filter,164,2,3,True,0.030579352378845216,0.4712963104248047,-1201.9592153717686
Information Filter,164,2,3,True,0.052844667434692384,7.01411247253418,-3.582657619288806e+70
Sqrt Filter,164,2,3,True,0.02649383544921875,0.5538983345031738,-1201.9592153717688
Sqrt Inf Filter,164,2,3,True,0.03511366844177246,6.903925657272339,-2.6456300035603177e+68
Kalman Filter,165,2,3,True,0.03140525817871094,0.520418643951416,-1208.652091326441
Information Filter,165,2,3,True,0.05242762565612793,6.717104196548462,-4.45951964501611e+70
Sqrt Filter,165,2,3,True,0.02664628028869629,0.5132288932800293,-1208.6520913264412
Sqrt Inf Filter,165,2,3,True,0.0353564977645874,7.669992685317993,-3.575456135992748e+68
Kalman Filter,166,2,3,True,0.03117830753326416,0.558469295501709,-1215.3449672811134
Information Filter,166,2,3,True,0.05389080047607422,6.702389478683472,-6.263660422524633e+71
Sqrt Filter,166,2,3,True,0.026853418350219725,0.5325901508331299,-1215.3449672811137
Sqrt Inf Filter,166,2,3,True,0.03610806465148926,6.879898309707642,-2.7477940006709326e+69
Kalman Filter,167,2,3,True,0.03134784698486328,0.4842493534088135,-1222.0378432357859
Information Filter,167,2,3,True,0.05376696586608887,6.733558654785156,-8.092318864867471e+71
Sqrt Filter,167,2,3,True,0.026599764823913574,0.4762234687805176,-1222.037843235786
Sqrt Inf Filter,167,2,3,True,0.035772085189819336,7.078135013580322,-2.2966008244821478e+70
Kalman Filter,168,2,3,True,0.03145935535430908,0.5489895343780518,-1228.7307191904583
Information Filter,168,2,3,True,0.052267265319824216,7.063835144042969,-1.0482921321775589e+73
Sqrt Filter,168,2,3,True,0.027103257179260255,0.5344915390014648,-1228.7307191904586
Sqrt Inf Filter,168,2,3,True,0.03598341941833496,6.947230577468872,-3.212043835778209e+70
Kalman Filter,169,2,3,True,0.03140890598297119,0.4725978374481201,-1235.4235951451308
Information Filter,169,2,3,True,0.05512781143188476,6.803231239318848,-1.3478103646364205e+73
Sqrt Filter,169,2,3,True,0.02679896354675293,0.48337674140930176,-1235.423595145131
Sqrt Inf Filter,169,2,3,True,0.03564398288726807,7.073430061340332,-1.676756714804505e+71
Kalman Filter,170,2,3,True,0.03159468173980713,0.4670393466949463,-1242.1164710998032
Information Filter,170,2,3,True,0.05425417423248291,6.644010066986084,-1.9267649157940382e+74
Sqrt Filter,170,2,3,True,0.026917314529418944,0.5481994152069092,-1242.1164710998034
Sqrt Inf Filter,170,2,3,True,0.03756422996520996,7.159796476364136,-3.134584860395278e+72
Kalman Filter,171,2,3,True,0.0317436695098877,0.46915268898010254,-1248.8093470544757
Information Filter,171,2,3,True,0.05391061305999756,6.57816743850708,-2.4484803637095505e+74
Sqrt Filter,171,2,3,True,0.02707662582397461,0.47896909713745117,-1248.809347054476
Sqrt Inf Filter,171,2,3,True,0.03723530769348145,7.006213903427124,-7.361687460680316e+72
Kalman Filter,172,2,3,True,0.03265526294708252,0.5730619430541992,-1255.502223009148
Information Filter,172,2,3,True,0.055877399444580075,6.632652521133423,-3.3384582392173926e+75
Sqrt Filter,172,2,3,True,0.027399682998657228,0.5459351539611816,-1255.5022230091483
Sqrt Inf Filter,172,2,3,True,0.03726239204406738,8.081655502319336,-5.874014341205772e+73
Kalman Filter,173,2,3,True,0.032355117797851565,0.5664558410644531,-1262.1950989638206
Information Filter,173,2,3,True,0.05610353946685791,6.960514307022095,-4.452230464000146e+75
Sqrt Filter,173,2,3,True,0.027882599830627443,0.5090601444244385,-1262.1950989638208
Sqrt Inf Filter,173,2,3,True,0.03751068115234375,7.245781898498535,-9.126453864840723e+73
Kalman Filter,174,2,3,True,0.03231105804443359,0.4821627140045166,-1268.887974918493
Information Filter,174,2,3,True,0.05497407913208008,6.772818565368652,-5.631586954618097e+76
Sqrt Filter,174,2,3,True,0.02806665897369385,0.5616531372070312,-1268.8879749184932
Sqrt Inf Filter,174,2,3,True,0.0370978593826294,7.956246614456177,-9.844544979261247e+74
Kalman Filter,175,2,3,True,0.03257031440734863,0.4963188171386719,-1275.5808508731654
Information Filter,175,2,3,True,0.05688710212707519,6.3748674392700195,-7.100972495206132e+76
Sqrt Filter,175,2,3,True,0.027805328369140625,0.49297332763671875,-1275.5808508731657
Sqrt Inf Filter,175,2,3,True,0.03751029968261719,7.127772808074951,-3.2808642611792613e+75
Kalman Filter,176,2,3,True,0.035024046897888184,3.411699056625366,-1282.273726827838
Information Filter,176,2,3,True,0.055454254150390625,6.466363430023193,-1.068597008779438e+78
Sqrt Filter,176,2,3,True,0.027933335304260253,0.4904956817626953,-1282.2737268278381
Sqrt Inf Filter,176,2,3,True,0.036458706855773924,6.752232789993286,-1.3123369441437158e+76
Kalman Filter,177,2,3,True,0.032884407043457034,0.5134716033935547,-1288.9666027825103
Information Filter,177,2,3,True,0.05682249069213867,6.516185998916626,-1.28078767306724e+78
Sqrt Filter,177,2,3,True,0.028093695640563965,0.5053606033325195,-1288.9666027825106
Sqrt Inf Filter,177,2,3,True,0.037871694564819335,7.579041957855225,-4.1977252829494694e+76
Kalman Filter,178,2,3,True,0.03324079513549805,0.5149409770965576,-1295.6594787371828
Information Filter,178,2,3,True,0.056490516662597655,7.39162278175354,-1.728124997045441e+79
Sqrt Filter,178,2,3,True,0.028249096870422364,0.5549824237823486,-1295.659478737183
Sqrt Inf Filter,178,2,3,True,0.03809664249420166,7.33705735206604,-1.544356229255607e+77
Kalman Filter,179,2,3,True,0.0333219051361084,0.488598108291626,-1302.3523546918552
Information Filter,179,2,3,True,0.05645020008087158,6.768795967102051,-2.2352674002707703e+79
Sqrt Filter,179,2,3,True,0.028497195243835448,0.55818772315979,-1302.3523546918555
Sqrt Inf Filter,179,2,3,True,0.03730368614196777,7.1265318393707275,-2.2435323288055468e+77
Kalman Filter,180,2,3,True,0.033499526977539065,0.4873771667480469,-1309.0452306465277
Information Filter,180,2,3,True,0.05793321132659912,7.116998195648193,-3.1197470647393896e+80
Sqrt Filter,180,2,3,True,0.028649067878723143,0.5513136386871338,-1309.045230646528
Sqrt Inf Filter,180,2,3,True,0.0384871244430542,7.182687044143677,-2.667107024545777e+78
Kalman Filter,181,2,3,True,0.03366363048553467,0.5019974708557129,-1315.7381066012001
Information Filter,181,2,3,True,0.05824906826019287,6.89298415184021,-3.9311749098999165e+80
Sqrt Filter,181,2,3,True,0.029502248764038085,0.5303630828857422,-1315.7381066012003
Sqrt Inf Filter,181,2,3,True,0.03953940868377685,6.975833892822266,-2.667107024545777e+78
Kalman Filter,182,2,3,True,0.033864188194274905,0.5833020210266113,-1322.4309825558726
Information Filter,182,2,3,True,0.0574683666229248,6.848762273788452,-5.064616788485268e+81
Sqrt Filter,182,2,3,True,0.028870558738708495,0.5810177326202393,-1322.4309825558728
Sqrt Inf Filter,182,2,3,True,0.03776240348815918,7.550287961959839,-8.739721599360898e+79
Kalman Filter,183,2,3,True,0.034044957160949706,0.5883855819702148,-1329.123858510545
Information Filter,183,2,3,True,0.05914063453674316,7.007638692855835,-6.157668093521246e+81
Sqrt Filter,183,2,3,True,0.02902989387512207,0.553046703338623,-1329.1238585105452
Sqrt Inf Filter,183,2,3,True,0.04013345241546631,6.996736288070679,-3.465906868864201e+80
Kalman Filter,184,2,3,True,0.03491566181182861,0.4979250431060791,-1335.8167344652175
Information Filter,184,2,3,True,0.057297706604003906,7.098953723907471,-9.187034621799008e+82
Sqrt Filter,184,2,3,True,0.02945842742919922,0.5807087421417236,-1335.8167344652177
Sqrt Inf Filter,184,2,3,True,0.03885984420776367,7.25688362121582,-1.0594538238111508e+81
Kalman Filter,185,2,3,True,0.03430180549621582,0.5002074241638184,-1342.50961041989
Information Filter,185,2,3,True,0.05844600200653076,7.414310932159424,-1.0902759133641336e+83
Sqrt Filter,185,2,3,True,0.029294157028198244,0.5039379596710205,-1342.5096104198901
Sqrt Inf Filter,185,2,3,True,0.039582347869873045,7.827589511871338,-4.682992893199297e+81
Kalman Filter,186,2,3,True,0.03454480171203613,0.5134778022766113,-1349.2024863745623
Information Filter,186,2,3,True,0.05995819568634033,7.225671768188477,-1.7068329430616254e+84
Sqrt Filter,186,2,3,True,0.03069581985473633,0.5876924991607666,-1349.2024863745626
Sqrt Inf Filter,186,2,3,True,0.038406872749328615,7.132540225982666,-1.5564446629045026e+82
Kalman Filter,187,2,3,True,0.03481392860412598,0.5230908393859863,-1355.8953623292348
Information Filter,187,2,3,True,0.0589730978012085,7.288412809371948,-2.2508231521707473e+84
Sqrt Filter,187,2,3,True,0.029594731330871583,0.5096321105957031,-1355.895362329235
Sqrt Inf Filter,187,2,3,True,0.040221238136291505,7.164431571960449,-6.939888661429312e+82
Kalman Filter,188,2,3,True,0.03507533073425293,0.5067684650421143,-1362.5882382839072
Information Filter,188,2,3,True,0.0603771448135376,7.249886989593506,-2.8876458688539142e+85
Sqrt Filter,188,2,3,True,0.029870009422302245,0.532895565032959,-1362.5882382839075
Sqrt Inf Filter,188,2,3,True,0.03942384719848633,7.390779972076416,-1.987954475128383e+83
Kalman Filter,189,2,3,True,0.03530387878417969,0.5846683979034424,-1369.2811142385797
Information Filter,189,2,3,True,0.0596851110458374,7.7200164794921875,-3.4662650422373605e+85
Sqrt Filter,189,2,3,True,0.02992591857910156,0.5157856941223145,-1369.28111423858
Sqrt Inf Filter,189,2,3,True,0.04068195819854736,7.922824859619141,-4.1496068212815304e+83
Kalman Filter,190,2,3,True,0.035691571235656736,0.5829586982727051,-1375.9739901932521
Information Filter,190,2,3,True,0.05917434692382813,7.457976818084717,-5.181038390610679e+86
Sqrt Filter,190,2,3,True,0.03015618324279785,0.5418915748596191,-1375.9739901932523
Sqrt Inf Filter,190,2,3,True,0.040708613395690915,7.897541046142578,-3.3114456671750306e+84
Kalman Filter,191,2,3,True,0.035553145408630374,0.5976657867431641,-1382.6668661479246
Information Filter,191,2,3,True,0.06117479801177979,10.799807786941528,-6.07528500502326e+86
Sqrt Filter,191,2,3,True,0.03030579090118408,0.5288476943969727,-1382.6668661479248
Sqrt Inf Filter,191,2,3,True,0.039443135261535645,6.767942428588867,-5.950747067117071e+84
Kalman Filter,192,2,3,True,0.03566875457763672,0.5168404579162598,-1389.359742102597
Information Filter,192,2,3,True,0.0605412483215332,7.069319248199463,-9.04857721617652e+87
Sqrt Filter,192,2,3,True,0.030427265167236327,0.5916359424591064,-1389.3597421025972
Sqrt Inf Filter,192,2,3,True,0.04112875461578369,7.972205877304077,-2.0441537937801777e+85
Kalman Filter,193,2,3,True,0.03592684268951416,0.528205394744873,-1396.0526180572695
Information Filter,193,2,3,True,0.060973834991455075,7.144509792327881,-1.127676111268748e+88
Sqrt Filter,193,2,3,True,0.03102877140045166,0.6212508678436279,-1396.0526180572697
Sqrt Inf Filter,193,2,3,True,0.040511918067932126,7.6517791748046875,-2.5133629315476517e+85
Kalman Filter,194,2,3,True,0.03601515293121338,0.5238540172576904,-1402.745494011942
Information Filter,194,2,3,True,0.06121816635131836,7.980791330337524,-1.5567751861884346e+89
Sqrt Filter,194,2,3,True,0.03071162700653076,0.5870862007141113,-1402.7454940119421
Sqrt Inf Filter,194,2,3,True,0.04183273315429688,7.878167152404785,-1.3842821794762836e+87
Kalman Filter,195,2,3,True,0.036277174949645996,0.5254647731781006,-1409.4383699666143
Information Filter,195,2,3,True,0.06230039596557617,7.46802830696106,-1.8978290384862894e+89
Sqrt Filter,195,2,3,True,0.03092186450958252,0.5432083606719971,-1409.4383699666146
Sqrt Inf Filter,195,2,3,True,0.040509486198425294,8.16286563873291,-2.8820988525513087e+87
Kalman Filter,196,2,3,True,0.036722540855407715,0.6022202968597412,-1416.1312459212868
Information Filter,196,2,3,True,0.06103870868682861,7.514809608459473,-2.7666345047807044e+90
Sqrt Filter,196,2,3,True,0.03125143051147461,0.5997171401977539,-1416.131245921287
Sqrt Inf Filter,196,2,3,True,0.04072837829589844,7.904565811157227,-1.8898719678565267e+88
Kalman Filter,197,2,3,True,0.03655729293823242,0.5330636501312256,-1422.8241218759592
Information Filter,197,2,3,True,0.06303484439849853,7.449995756149292,-3.491908244382142e+90
Sqrt Filter,197,2,3,True,0.03114650249481201,0.629058837890625,-1422.8241218759595
Sqrt Inf Filter,197,2,3,True,0.04082481861114502,7.775721788406372,-1.2569536733318357e+89
Kalman Filter,198,2,3,True,0.03675608634948731,0.5568332672119141,-1429.5169978306317
Information Filter,198,2,3,True,0.06250963211059571,7.893249750137329,-4.349652688523087e+91
Sqrt Filter,198,2,3,True,0.03155064582824707,0.6299970149993896,-1429.516997830632
Sqrt Inf Filter,198,2,3,True,0.041056036949157715,8.274619817733765,-3.082558670534743e+89
Kalman Filter,199,2,3,True,0.0369779109954834,0.6278095245361328,-1436.2098737853041
Information Filter,199,2,3,True,0.06222054958343506,7.6154234409332275,-5.069724766268019e+91
Sqrt Filter,199,2,3,True,0.03147974014282227,0.5453548431396484,-1436.2098737853044
Sqrt Inf Filter,199,2,3,True,0.04291756153106689,8.10298776626587,-2.991470356539217e+90
