,n,is_64_bit,kalman_run,sqrt_run,inf_run,sqinf_run,kalman_comp,sqrt_comp,inf_comp,sqinf_comp
0,10,False,,0.008627758026123047,,0.01086099624633789,1.7871155738830566,1.71775221824646,2.7221529483795166,2.7785418033599854
1,11,False,,0.008736083507537842,,0.010941886901855468,1.7532532215118408,1.748582363128662,2.9483888149261475,3.1899521350860596
2,12,False,,0.00882084846496582,,0.010989880561828614,1.709632158279419,1.7769966125488281,2.8776590824127197,3.127854108810425
3,13,False,,0.008850414752960205,,0.01104661226272583,1.794872522354126,1.7727909088134766,3.0971839427948,2.964992046356201
4,14,False,,0.008878636360168456,,0.01101982593536377,1.7774593830108643,1.7736318111419678,3.16304612159729,3.030597686767578
5,15,False,,0.008920776844024658,,0.011000418663024902,1.7887139320373535,1.7580482959747314,3.1217944622039795,3.1377816200256348
6,16,False,,0.008883013725280761,,0.0110528564453125,1.6248269081115723,1.738886833190918,2.9902429580688477,2.8229081630706787
7,17,False,,0.009681880474090576,,0.011300711631774903,1.7741143703460693,1.941985845565796,2.906472682952881,3.1173722743988037
8,18,False,,0.009652366638183594,,0.011294269561767578,1.8269987106323242,1.871821403503418,3.2789831161499023,3.061520576477051
9,19,False,,0.009692089557647705,,0.01142132043838501,1.7650935649871826,2.1800408363342285,2.890511989593506,3.001901626586914
10,20,False,,0.009730741977691651,,0.011380572319030762,1.7608468532562256,1.7768592834472656,3.1772971153259277,3.1501688957214355
11,21,False,,0.009749493598937987,,0.011277308464050293,1.798288106918335,1.8884475231170654,2.759186029434204,2.922159433364868
12,22,False,,0.00973867416381836,,0.011353700160980225,1.4703154563903809,1.816237211227417,2.8130617141723633,2.5776383876800537
13,23,False,,0.009794383049011231,,0.011414289474487305,1.5653889179229736,1.9309630393981934,2.471508502960205,2.586197853088379
14,24,False,,0.009775092601776123,,0.011365880966186523,1.4643158912658691,1.6613056659698486,2.8044040203094482,2.9599223136901855
15,25,False,,0.010080583095550537,,0.01130620002746582,1.561671495437622,1.7703289985656738,2.864393472671509,3.241929054260254
16,26,False,,0.010187599658966064,,0.011368551254272462,1.780524492263794,1.6704277992248535,3.3184940814971924,2.661217451095581
17,27,False,,0.010184152126312256,,0.011301169395446778,1.6913189888000488,1.6995720863342285,3.3596622943878174,2.669066905975342
18,28,False,,0.010185313224792481,,0.011356866359710694,1.5829918384552002,1.7618837356567383,2.641408681869507,2.644641160964966
19,29,False,,0.010439879894256592,,0.01122676134109497,1.5350544452667236,1.7717399597167969,2.5163848400115967,3.3401381969451904
20,30,False,,0.01017477035522461,,0.011243724822998047,1.5328683853149414,1.6602346897125244,3.1780507564544678,2.7882139682769775
21,31,False,,0.010277695655822754,,0.011360430717468261,1.7003328800201416,1.9429376125335693,3.0834574699401855,3.1815013885498047
22,32,False,,0.010370612144470215,,0.01130803108215332,1.728684425354004,1.7608129978179932,3.0368669033050537,2.9867873191833496
23,33,False,,0.011113035678863525,,0.01181067705154419,2.016037940979004,1.992377519607544,3.5531699657440186,3.1241912841796875
24,34,False,,0.011159088611602783,,,1.7640058994293213,2.1018166542053223,3.22896146774292,3.0542702674865723
25,35,False,,0.011317100524902344,,,1.7549927234649658,2.21307635307312,3.2946934700012207,2.9750494956970215
26,36,False,,0.011294775009155274,,,1.6784546375274658,2.004842758178711,3.501840353012085,3.0671112537384033
27,37,False,,0.011328380107879638,,,1.9098773002624512,2.040471076965332,3.0464251041412354,3.2036752700805664
28,38,False,,0.011367602348327637,,,1.736288070678711,2.1682605743408203,3.025590658187866,2.998823642730713
29,39,False,,0.011454241275787353,,,2.0775365829467773,2.0232694149017334,3.5042502880096436,3.98347806930542
30,40,False,,0.01136009931564331,,,1.8221220970153809,1.8708930015563965,3.614222288131714,2.943662166595459
31,41,False,,0.011668765544891357,,,2.0308568477630615,2.0122036933898926,3.1820950508117676,3.05905818939209
32,42,False,,0.011828570365905762,,,1.8730556964874268,2.0471415519714355,3.4355080127716064,3.190591335296631
33,43,False,,0.012132742404937745,,,1.9550065994262695,2.0162086486816406,3.0933897495269775,3.2344489097595215
34,44,False,,0.011804406642913818,,,1.732640266418457,1.8816523551940918,3.601949453353882,3.0760269165039062
35,45,False,,0.011881241798400879,,,1.9194865226745605,2.0177571773529053,3.48742938041687,3.1532318592071533
36,46,False,,0.011874289512634277,,,1.8977115154266357,2.0165300369262695,3.1956939697265625,2.9803714752197266
37,47,False,,0.011879827976226807,,,1.865753412246704,1.9762439727783203,2.9049997329711914,3.0908944606781006
38,48,False,,0.011897461414337158,,,1.721717119216919,1.9006989002227783,3.532809257507324,3.023366689682007
39,49,False,,0.012656104564666749,,,1.8421597480773926,2.0093703269958496,3.335080146789551,3.2722179889678955
40,50,False,,0.012671527862548828,,,1.8804078102111816,2.0446746349334717,3.4046030044555664,3.2508037090301514
41,51,False,,0.012749154567718506,,,1.7920935153961182,2.013972282409668,3.0461020469665527,3.296863079071045
42,52,False,,0.012890608310699462,,,1.7680408954620361,1.8673474788665771,3.6240711212158203,3.107632875442505
43,53,False,,0.012692408561706543,,,1.8785786628723145,2.0381810665130615,3.035792112350464,3.208613634109497
44,54,False,,0.012855782508850097,,,1.8443067073822021,2.0280070304870605,3.6202797889709473,3.1225664615631104
45,55,False,,0.012832081317901612,,,1.873863697052002,1.968818187713623,3.4707369804382324,2.968050718307495
46,56,False,,0.012806162834167481,,,1.737438440322876,2.1094894409179688,3.4113094806671143,2.913019895553589
47,57,False,,0.013266520500183105,,,1.7424936294555664,2.1348047256469727,3.001147508621216,2.9925787448883057
48,58,False,,0.013169131278991698,,,1.972930669784546,1.9801900386810303,3.1971957683563232,3.048754930496216
49,59,False,,0.01325624704360962,,0.012309722900390625,1.811354398727417,2.002971649169922,3.0950534343719482,2.951061964035034
50,60,False,,0.013402948379516602,,0.012261536121368408,1.9119577407836914,2.0227603912353516,3.3982930183410645,2.937507390975952
51,61,False,,0.013269412517547607,,,1.9189000129699707,1.9819836616516113,3.0093398094177246,3.0678229331970215
52,62,False,,0.013297576904296875,,,1.901301622390747,1.9548006057739258,3.090186357498169,3.1057119369506836
53,63,False,,0.013223764896392822,,,1.9705252647399902,2.0114083290100098,3.4181032180786133,3.1186411380767822
54,64,False,,0.013245017528533935,,,1.5282580852508545,1.7077109813690186,3.2967538833618164,3.0942208766937256
55,65,False,,0.010143065452575683,,,1.9886412620544434,2.1512389183044434,3.6217293739318848,3.0732128620147705
56,66,False,,0.010211865901947021,,,2.04536509513855,2.186917781829834,3.5282764434814453,3.2103219032287598
57,67,False,,0.01028000831604004,,,1.806098461151123,2.2646420001983643,3.131157875061035,3.095313310623169
58,68,False,,0.010275948047637939,,,1.881037712097168,1.93031644821167,3.2009379863739014,3.203659772872925
59,69,False,,0.010306615829467774,,,1.801051139831543,2.222702980041504,3.490943670272827,3.1219959259033203
60,70,False,,0.010399255752563476,,,1.9999873638153076,2.070600748062134,3.9412128925323486,3.4173378944396973
61,71,False,,0.01043503999710083,,,1.9082119464874268,2.093735694885254,3.1097817420959473,3.087830066680908
62,72,False,,0.01043132781982422,,,1.8551013469696045,2.262415885925293,4.000311851501465,3.1376426219940186
63,73,False,,0.010548970699310302,,,1.8258850574493408,2.194577217102051,3.2868752479553223,3.3264694213867188
64,74,False,,0.010614454746246338,,,1.7929153442382812,2.221820592880249,4.082404613494873,3.42246675491333
65,75,False,,0.010591421127319336,,,1.8568289279937744,2.0741043090820312,3.631829261779785,3.1373467445373535
66,76,False,,0.010619187355041504,,,1.9417734146118164,2.302516222000122,4.074761390686035,3.189167022705078
67,77,False,,0.010598244667053223,,,1.926966667175293,2.079784870147705,3.425198793411255,3.457130193710327
68,78,False,,0.010697546005249024,,,2.047865867614746,2.1251070499420166,4.136682748794556,3.409447431564331
69,79,False,,0.010711588859558106,,,1.9806759357452393,2.0773532390594482,3.0880210399627686,3.1048390865325928
70,80,False,,0.010719060897827148,,,1.9764013290405273,2.076826810836792,3.9736533164978027,3.1729612350463867
71,81,False,,0.010893337726593018,,,1.6262576580047607,1.8156578540802002,3.5592825412750244,2.902992010116577
72,82,False,,0.011004223823547363,,,1.5985221862792969,2.2496864795684814,3.8249340057373047,2.805917501449585
73,83,False,,0.010981860160827637,,,1.6055288314819336,2.164177417755127,2.62772536277771,2.763542413711548
74,84,False,,0.011108129024505616,,,1.6053032875061035,1.8157978057861328,4.059584856033325,3.048903226852417
75,85,False,,0.011081335544586181,,,1.849606990814209,1.8290083408355713,2.9617409706115723,2.70918345451355
76,86,False,,0.011046466827392578,,,1.6324045658111572,1.9441332817077637,3.7543604373931885,2.849144458770752
77,87,False,,0.01115222454071045,,,1.9805614948272705,1.86785888671875,3.3846004009246826,2.9028358459472656
78,88,False,,0.011131949424743652,,,1.7945821285247803,1.840468168258667,3.7578017711639404,3.1150896549224854
79,89,False,,0.011194524765014648,,,1.8696098327636719,1.8417425155639648,2.6066713333129883,2.680330753326416
80,90,False,,0.01126354455947876,,,1.8187956809997559,1.8669753074645996,3.640547275543213,2.8863584995269775
81,91,False,,0.011266465187072755,,,1.5373454093933105,2.031052827835083,2.91267466545105,2.6728148460388184
82,92,False,,0.011269242763519286,,,1.9083147048950195,1.746006965637207,3.3650686740875244,2.9938321113586426
83,93,False,,0.011384787559509278,,,1.6434383392333984,2.0752484798431396,3.4773638248443604,2.7195136547088623
84,94,False,,0.011439576148986816,,,1.8868153095245361,1.91937255859375,2.667025089263916,2.852924346923828
85,95,False,,0.01144207239151001,,,1.6163578033447266,1.9247729778289795,3.0887465476989746,2.7993249893188477
86,96,False,,0.010918259620666504,,,1.6350374221801758,1.7966821193695068,3.490957498550415,2.802550792694092
87,97,False,,0.011446099281311035,,,1.7360248565673828,1.8529691696166992,2.739785671234131,2.7282681465148926
88,98,False,,0.011465106010437012,,,1.8863401412963867,1.9113118648529053,3.066225528717041,3.1331233978271484
89,99,False,,0.011456267833709717,,,1.8585352897644043,1.84696626663208,3.5913729667663574,3.1241631507873535
90,100,False,,0.011575253009796142,,,1.7966926097869873,1.802513599395752,3.2709524631500244,2.8691678047180176
91,101,False,,0.01153637170791626,,,1.6864604949951172,1.9656875133514404,2.894428253173828,2.724076271057129
92,102,False,,0.011608412265777588,,,1.6140084266662598,2.1068923473358154,3.671286106109619,2.8344638347625732
93,103,False,,0.011620657444000244,,,1.7532734870910645,1.82719087600708,2.8446907997131348,5.050901651382446
94,104,False,,0.011627101898193359,,,1.647371768951416,1.7345225811004639,3.205562114715576,2.740668773651123
95,105,False,,0.011703507900238037,,,1.6393659114837646,1.8634800910949707,3.46492338180542,2.8605306148529053
96,106,False,,0.011772711277008057,,,1.5967638492584229,1.9908432960510254,2.597111225128174,2.774404287338257
97,107,False,,0.011868281364440918,,,1.642101526260376,1.8777992725372314,2.6924586296081543,2.770378589630127
98,108,False,,0.011866450309753418,,,1.6508526802062988,1.8346896171569824,3.516007900238037,2.822972536087036
99,109,False,,0.011841700077056885,,,1.7765696048736572,1.8784220218658447,2.746411085128784,2.749889612197876
100,110,False,,0.011861352920532227,,,1.573662281036377,1.9490749835968018,3.115410089492798,2.800588607788086
101,111,False,,0.011872735023498535,,,1.6594154834747314,1.843660593032837,3.4712178707122803,2.773531913757324
102,112,False,,0.011853435039520265,,,1.5918114185333252,1.7439765930175781,3.14310359954834,2.7193825244903564
103,113,False,,0.012205243110656738,,,1.576728105545044,1.8156147003173828,2.6089563369750977,2.7012555599212646
104,114,False,,0.012404718399047852,,,1.6941568851470947,1.8447883129119873,3.478982448577881,2.994154453277588
105,115,False,,0.0123518967628479,,,1.6355795860290527,1.8711392879486084,3.207108736038208,2.742173194885254
106,116,False,,0.012478854656219483,,,1.6857635974884033,1.8805804252624512,3.4020156860351562,2.75994873046875
107,117,False,,0.012490942478179931,,,1.849897861480713,1.8881735801696777,6.473722219467163,3.079061269760132
108,118,False,,0.012512884140014648,,,1.8719937801361084,1.889967441558838,2.6441643238067627,2.7146904468536377
109,119,False,,0.012572975158691406,,,1.6053755283355713,2.2003893852233887,3.143040895462036,2.7340188026428223
110,120,False,,0.012487449645996095,,,1.7288963794708252,1.758246660232544,3.6367342472076416,2.8294520378112793
111,121,False,,0.012647161483764649,,,1.6201014518737793,1.9647905826568604,2.8986313343048096,2.689220428466797
112,122,False,,0.01264331340789795,,,1.6326375007629395,1.8333489894866943,2.998840093612671,3.0783510208129883
113,123,False,,0.01273458480834961,,,1.7257745265960693,1.9099714756011963,3.69913649559021,2.7987496852874756
114,124,False,,0.012758314609527588,,,1.8827910423278809,1.8623874187469482,3.267655849456787,2.876007080078125
115,125,False,,0.012769284248352051,,,1.6036458015441895,2.068953037261963,3.213101863861084,2.86098051071167
116,126,False,,0.012856569290161133,,,1.7486419677734375,1.8719916343688965,3.553948163986206,2.803209066390991
117,127,False,,0.01289125919342041,,,1.826540231704712,1.8332061767578125,2.731797456741333,3.0837721824645996
118,128,False,,0.012197072505950928,,,1.8194310665130615,1.7705180644989014,3.4529573917388916,2.7325563430786133
119,129,False,,0.012628018856048584,,,2.0027856826782227,2.001004219055176,3.6038503646850586,2.9404664039611816
120,130,False,,0.012667264938354492,,,1.6555166244506836,2.2437829971313477,3.610142707824707,2.8980844020843506
121,131,False,,0.01273719072341919,,,1.8892369270324707,1.7541563510894775,2.813577175140381,2.808699607849121
122,132,False,,0.01275040626525879,,,1.7810115814208984,2.095313787460327,3.8746628761291504,2.7105531692504883
123,133,False,,0.012732303142547608,,,1.6779935359954834,2.0990352630615234,3.2257845401763916,2.6896374225616455
124,134,False,,0.012824735641479491,,,1.6017444133758545,1.9500007629394531,3.0438451766967773,2.8185031414031982
125,135,False,,0.012944395542144776,,,1.951920986175537,1.8883299827575684,3.1076838970184326,2.734483003616333
126,136,False,,0.012869973182678223,,,1.615933895111084,2.0836479663848877,3.7426788806915283,2.6539559364318848
127,137,False,,0.012999277114868164,,,1.6432301998138428,2.161167621612549,2.7024354934692383,2.79941725730896
128,138,False,,0.012963666915893554,,,1.846069574356079,1.8968751430511475,3.227771520614624,2.8856770992279053
129,139,False,,0.013020956516265869,,,1.627377986907959,1.8190932273864746,2.7551827430725098,3.0153870582580566
130,140,False,,0.01309062957763672,,,1.868912935256958,1.9395084381103516,3.636403799057007,2.8692309856414795
131,141,False,,0.01315303087234497,,,1.697887897491455,2.062988519668579,3.132066011428833,3.0527968406677246
132,142,False,,0.013173274993896485,,,1.8179893493652344,2.0358870029449463,3.0570950508117676,2.8385634422302246
133,143,False,,0.01317713975906372,,,1.6511595249176025,2.145141124725342,2.813861608505249,2.9720802307128906
134,144,False,,0.013151826858520508,,,1.5395419597625732,1.9245290756225586,3.6014320850372314,2.695791006088257
135,145,False,,0.01356229066848755,,,1.6900849342346191,2.07271409034729,3.8392467498779297,3.0703063011169434
136,146,False,,0.013577766418457031,,,1.6975691318511963,2.2643179893493652,3.085524082183838,2.9320995807647705
137,147,False,,0.013610239028930665,,,1.6615087985992432,2.338080644607544,3.330134630203247,2.8377325534820557
138,148,False,,0.013697509765625,,,1.8523015975952148,1.916496753692627,3.6571459770202637,2.7622334957122803
139,149,False,,0.013690025806427001,,,1.6680576801300049,2.2935965061187744,2.9581775665283203,2.778348684310913
140,150,False,,0.01375568151473999,,,1.6642944812774658,2.2095627784729004,3.9156699180603027,2.981165647506714
141,151,False,,0.01380061149597168,,,1.7407865524291992,1.9982237815856934,2.6205756664276123,2.872537851333618
142,152,False,,0.013815557956695557,,,1.7695574760437012,1.929582118988037,3.715402364730835,2.862342357635498
143,153,False,,0.013920564651489258,,,1.6821584701538086,2.030366897583008,3.3696885108947754,3.0375185012817383
144,154,False,,0.013884527683258057,,,1.7487967014312744,2.287639617919922,3.3388874530792236,2.987732410430908
145,155,False,,0.013958022594451905,,,1.663973093032837,2.212710380554199,3.6279406547546387,2.8605422973632812
146,156,False,,0.013934059143066406,,,1.7996068000793457,2.0479767322540283,4.0240089893341064,2.94055438041687
147,157,False,,0.014137308597564697,,,1.7559850215911865,2.2516555786132812,3.3221888542175293,2.9480786323547363
148,158,False,,0.014104998111724854,,,1.9306323528289795,1.9790048599243164,2.6034512519836426,2.8740549087524414
149,159,False,,0.014102952480316162,,,1.8790152072906494,1.8028831481933594,2.7578275203704834,2.7833006381988525
150,160,False,,0.013703851699829102,,,1.6790428161621094,1.9145777225494385,3.6232919692993164,3.1109683513641357
151,161,False,,0.01425264596939087,,,1.9535093307495117,2.354707956314087,3.63627028465271,3.4091691970825195
152,162,False,,0.014212653636932374,,,2.0593392848968506,2.2871451377868652,4.076948165893555,3.474592924118042
153,163,False,,0.014220085144042969,,,2.1494600772857666,2.289780855178833,3.1427578926086426,3.171722888946533
154,164,False,,0.01422973394393921,,,1.9199020862579346,2.2212469577789307,4.4487175941467285,3.6283745765686035
155,165,False,,0.014565079212188721,,,1.9334144592285156,2.352200508117676,4.082972526550293,3.4042396545410156
156,166,False,,0.014395110607147217,,,2.043043851852417,2.2590489387512207,3.1762843132019043,3.2293245792388916
157,167,False,,0.014411792755126954,,,2.170794725418091,2.2869749069213867,3.0981922149658203,3.3328113555908203
158,168,False,,0.014359104633331298,,,1.8592193126678467,2.378229856491089,4.515763282775879,3.643730878829956
159,169,False,,0.014510509967803955,,,2.0314295291900635,2.244095802307129,3.3925726413726807,3.2677183151245117
160,170,False,,0.01455493450164795,,,1.8938367366790771,2.2692067623138428,3.905862331390381,3.394651412963867
161,171,False,,0.014610846042633057,,,2.0219624042510986,2.193678379058838,3.7527358531951904,3.2080421447753906
162,172,False,,0.014615681171417236,,,1.8730807304382324,2.2706105709075928,4.329876184463501,3.3832900524139404
163,173,False,,0.014630420207977295,,,1.974196195602417,2.280308961868286,3.1009528636932373,3.1853461265563965
164,174,False,,0.01472940444946289,,,2.0378575325012207,2.2639193534851074,4.102979421615601,3.3851377964019775
165,175,False,,0.014704983234405517,,,2.051034450531006,2.424755811691284,4.200204849243164,3.3384759426116943
166,176,False,,0.014735138416290284,,,1.8410251140594482,2.392632484436035,4.514631509780884,3.603208065032959
167,177,False,,0.014910330772399902,,,2.014481544494629,2.5255606174468994,3.3314030170440674,3.2153797149658203
168,178,False,,0.014953405857086181,,,2.1254708766937256,2.2575418949127197,3.408311605453491,3.3413357734680176
169,179,False,,0.014931395053863525,,,1.978532314300537,2.2740931510925293,3.152620792388916,3.3196260929107666
170,180,False,,0.014913222789764403,,,1.8602855205535889,2.387227773666382,4.322571516036987,3.484123945236206
171,181,False,,0.014993164539337158,,,2.1997241973876953,2.2649340629577637,3.2409679889678955,3.2746212482452393
172,182,False,,0.015094408988952637,,,2.087435007095337,2.3306076526641846,4.010271072387695,3.2933602333068848
173,183,False,,0.015093257427215576,,,2.1381475925445557,2.274589776992798,3.3430328369140625,3.3163106441497803
174,184,False,,0.015141706466674804,,,1.879951000213623,2.289482593536377,3.806126117706299,3.2329299449920654
175,185,False,,0.015196640491485596,,,2.1832146644592285,2.2695751190185547,4.298285961151123,3.4781057834625244
176,186,False,,0.015275313854217529,,,2.0465149879455566,2.270796298980713,4.174147605895996,3.44171404838562
177,187,False,,0.015282189846038819,,,1.9535226821899414,2.471130609512329,3.6159636974334717,3.3941659927368164
178,188,False,,0.015217130184173583,,,2.0701003074645996,2.1243488788604736,3.1388607025146484,3.2531185150146484
179,189,False,,0.015345168113708497,,,1.8906197547912598,2.471679925918579,3.885683298110962,3.2978572845458984
180,190,False,,0.015379462242126465,,,1.9485011100769043,2.2502310276031494,8.621439695358276,3.420640468597412
181,191,False,,0.015607755184173584,,,2.059281826019287,2.257725954055786,2.9031829833984375,3.1434860229492188
182,192,False,,0.015225250720977784,,,1.812110424041748,2.3414242267608643,4.1868205070495605,3.3372409343719482
183,193,False,,0.01594776153564453,,,2.095679998397827,2.334650754928589,3.2909793853759766,3.2344088554382324
184,194,False,,0.016063423156738282,,,1.9079065322875977,2.5690383911132812,3.5240442752838135,3.4739556312561035
185,195,False,,0.01604668378829956,,,2.150773048400879,2.393779754638672,4.664370059967041,3.7210001945495605
186,196,False,,0.016125833988189696,,,1.9962599277496338,2.2977828979492188,4.442966938018799,3.574946641921997
187,197,False,,0.016130502223968505,,,1.9447565078735352,2.5651068687438965,3.7542481422424316,3.739288330078125
188,198,False,,0.01626530885696411,,,1.9968383312225342,2.334216833114624,4.4110331535339355,3.560171365737915
189,199,False,,0.016263244152069093,,,2.1046626567840576,2.493422508239746,3.6742050647735596,3.60517954826355
190,200,False,,0.01627777099609375,,,1.9464573860168457,2.35830020904541,4.609872102737427,3.7603180408477783
191,201,False,,0.016399633884429932,,,1.9521002769470215,2.387188673019409,3.1616742610931396,3.261202812194824
192,202,False,,0.01648028373718262,,,1.9309930801391602,2.3331480026245117,3.391658306121826,3.4845964908599854
193,203,False,,0.016409621238708497,,,2.027899742126465,2.0605697631835938,3.9357352256774902,3.3261420726776123
194,204,False,,0.016478018760681154,,,1.7617430686950684,2.0491061210632324,4.251957416534424,3.328295946121216
195,205,False,,0.016630258560180664,,,1.7827389240264893,2.114164113998413,3.9287688732147217,2.9470584392547607
196,206,False,,0.016579334735870362,,,1.7059955596923828,2.0527093410491943,3.0188121795654297,3.3009042739868164
197,207,False,,0.016624839305877687,,,1.829047441482544,2.4547665119171143,3.8096227645874023,2.9729065895080566
198,208,False,,0.016645543575286866,,,1.677901268005371,2.188988208770752,3.755230665206909,3.1114587783813477
199,209,False,,0.016844065189361573,,,1.847834825515747,2.0763399600982666,3.208308458328247,2.811866044998169
200,210,False,,0.01723881483078003,,,1.6574232578277588,2.333428144454956,4.153169870376587,3.2525384426116943
201,211,False,,0.016895930767059326,,,1.9319038391113281,2.0767784118652344,2.9214370250701904,2.8744287490844727
202,212,False,,0.017023417949676514,,,1.733459711074829,1.9271180629730225,2.9829344749450684,2.927001714706421
203,213,False,,0.017083463668823243,,,1.6723957061767578,2.2073752880096436,3.3585290908813477,3.3623552322387695
204,214,False,,0.017103867530822756,,,1.8088877201080322,2.1575632095336914,3.098565101623535,2.874690294265747
205,215,False,,0.017133169174194336,,,1.8227639198303223,2.2564783096313477,4.316473484039307,3.6022896766662598
206,216,False,,0.017281200885772705,,,1.7334444522857666,2.1521975994110107,4.036999464035034,3.2731809616088867
207,217,False,,0.017317225933074953,,,1.7756459712982178,2.130941152572632,3.9715237617492676,3.2341420650482178
208,218,False,,0.017438273429870605,,,1.7816853523254395,2.153963088989258,3.271791696548462,3.01080322265625
209,219,False,,0.01744398593902588,,,1.6926655769348145,2.3976521492004395,3.316312551498413,2.906128168106079
210,220,False,,0.017463603019714356,,,1.785336971282959,2.3058040142059326,4.309542417526245,3.23466420173645
211,221,False,,0.017538478374481203,,,1.8361923694610596,2.0755960941314697,3.1028730869293213,2.926131248474121
212,222,False,,0.017671101093292237,,,1.716761589050293,1.9919912815093994,3.6043283939361572,2.9316635131835938
213,223,False,,0.01762583017349243,,,1.792149305343628,2.106189250946045,2.8207716941833496,2.793236255645752
214,224,False,,0.017363917827606202,,,2.000366449356079,1.9448788166046143,3.9702227115631104,3.0012054443359375
215,225,False,,0.01784971237182617,,,1.729862928390503,2.047532320022583,3.885737895965576,3.2394533157348633
216,226,False,,0.018007662296295166,,,1.8065872192382812,2.0257153511047363,2.842259645462036,3.0873939990997314
217,227,False,,0.01806096076965332,,,1.910956621170044,2.1256086826324463,3.4717133045196533,3.3067657947540283
218,228,False,,0.018112306594848634,,,1.7751386165618896,2.0125784873962402,3.98127818107605,2.969773769378662
219,229,False,,0.018133089542388917,,,1.629080057144165,2.1782801151275635,3.058467388153076,2.820086717605591
220,230,False,,0.018136522769927978,,,1.8442389965057373,1.9962482452392578,3.4875705242156982,3.204049825668335
221,231,False,,0.01820369005203247,,,1.8379771709442139,2.090402364730835,3.816127061843872,3.198211669921875
222,232,False,,0.018185858726501466,,,1.8457348346710205,1.9245917797088623,3.683359146118164,2.9445817470550537
223,233,False,,0.018382585048675536,,,1.9524879455566406,2.098475217819214,3.1604318618774414,2.7999651432037354
224,234,False,,0.01844464063644409,,,1.7127182483673096,2.0462749004364014,4.126814603805542,3.230050563812256
225,235,False,,0.01845579147338867,,,1.9237940311431885,2.09798002243042,3.415771961212158,3.2653393745422363
226,236,False,,0.018568403720855713,,,1.7234201431274414,2.107466697692871,3.3101840019226074,2.9607532024383545
227,237,False,,0.018644843101501465,,,1.643834114074707,2.4408774375915527,3.220078229904175,2.796356678009033
228,238,False,,0.018677244186401366,,,1.926651954650879,2.0202531814575195,3.7643320560455322,2.9333441257476807
229,239,False,,0.018606815338134765,,,1.9419872760772705,2.225663900375366,2.8759899139404297,2.779966354370117
230,240,False,,0.018726127147674562,,,1.6282539367675781,2.1603543758392334,4.081559658050537,3.2660746574401855
231,241,False,,0.01889103651046753,,,1.968946933746338,2.068246841430664,2.88261342048645,2.967224359512329
232,242,False,,0.018990507125854494,,,1.9297568798065186,1.9789714813232422,3.284053325653076,3.045013666152954
233,243,False,,0.019009273052215576,,,1.7951033115386963,2.3334972858428955,3.957397937774658,3.3734824657440186
234,244,False,,0.019076130390167235,,,1.9800095558166504,2.129452705383301,3.289052724838257,3.2224009037017822
235,245,False,,0.019239158630371095,,,1.8902525901794434,2.3434693813323975,4.548522233963013,3.796218156814575
236,246,False,,0.019225962162017822,,,1.8912911415100098,2.2591779232025146,4.153877019882202,3.2905256748199463
237,247,False,,0.019263477325439454,,,1.9616997241973877,2.5350382328033447,3.6804559230804443,3.3334105014801025
238,248,False,,0.019434843063354492,,,1.986767292022705,2.2387211322784424,4.233572721481323,3.25048828125
239,249,False,,0.019501171112060546,,,1.9359824657440186,2.318591594696045,3.3192365169525146,3.3168013095855713
240,250,False,,0.019516253471374513,,,2.048213005065918,2.501614570617676,3.993309736251831,3.427494525909424
241,251,False,,0.01955451726913452,,,2.1750760078430176,2.3944685459136963,3.290269136428833,3.368947744369507
242,252,False,,0.019657411575317384,,,2.087506055831909,2.15948486328125,4.575704574584961,3.4914419651031494
243,253,False,,0.01977356195449829,,,2.005812406539917,2.3526289463043213,3.720372200012207,3.2158498764038086
244,254,False,,0.019739820957183837,,,2.0029258728027344,2.348597526550293,3.36043119430542,3.2353689670562744
245,255,False,,0.01966259241104126,,,2.1245310306549072,2.3504598140716553,3.667642593383789,3.3516030311584473
246,256,False,,0.019501309394836425,,,1.8462591171264648,2.1134798526763916,3.9206128120422363,3.430762767791748
247,257,False,,0.01991401433944702,,,1.9648513793945312,2.491917371749878,3.387868881225586,3.3302805423736572
248,258,False,,0.02001642942428589,,,2.060075044631958,2.337862730026245,4.8075830936431885,3.923306703567505
249,259,False,,0.02007293939590454,,,2.060403347015381,2.317704916000366,4.486430883407593,3.9949135780334473
250,260,False,,0.02002990961074829,,,1.9768075942993164,2.366239070892334,4.267177581787109,3.6469452381134033
251,261,False,,0.020085437297821043,,,1.9545912742614746,2.2971904277801514,4.688311576843262,3.795668363571167
252,262,False,,0.020225322246551512,,,2.018542528152466,2.2753748893737793,3.5824053287506104,3.5721778869628906
253,263,False,,0.020233659744262694,,,1.9245028495788574,2.4478859901428223,3.5759353637695312,3.7336440086364746
254,264,False,,0.02028809309005737,,,1.9696767330169678,2.4073634147644043,4.810826301574707,3.8561606407165527
255,265,False,,0.02036552906036377,,,1.9712793827056885,2.4740614891052246,3.729849100112915,3.6866886615753174
256,266,False,,0.020323050022125245,,,2.045330047607422,2.353623867034912,4.884843587875366,3.686979293823242
257,267,False,,0.020477728843688967,,,2.067263126373291,2.3813180923461914,3.436095952987671,3.4866786003112793
258,268,False,,0.020475242137908935,,,1.9247863292694092,2.4141786098480225,3.5938503742218018,3.5821211338043213
259,269,False,,0.020604734420776368,,,2.086724281311035,2.491854429244995,3.4710533618927,3.4612512588500977
260,270,False,,0.020532665252685548,,,2.13950252532959,2.294788122177124,4.405372142791748,3.7817015647888184
261,271,False,,0.02063835859298706,,,2.114992380142212,2.281019687652588,3.2965805530548096,3.3354554176330566
262,272,False,,0.02067701578140259,,,1.852053165435791,2.366366386413574,4.670924186706543,3.726226806640625
263,273,False,,0.020830674171447752,,,2.045912504196167,2.7106547355651855,4.514495849609375,3.5632212162017822
264,274,False,,0.02068971633911133,,,1.7178847789764404,2.0604710578918457,3.3329780101776123,3.16194224357605
265,275,False,,0.020923771858215333,,,1.7030153274536133,2.0460376739501953,3.7853026390075684,3.3495399951934814
266,276,False,,0.0209220290184021,,,2.0317511558532715,1.9724726676940918,3.5446865558624268,3.035940170288086
267,277,False,,0.020993669033050538,,,1.721703290939331,2.141005039215088,3.087766170501709,3.2106921672821045
268,278,False,,0.021057722568511964,,,1.9420006275177002,2.0826878547668457,3.22782826423645,3.170903444290161
269,279,False,,0.021006247997283935,,,1.8390438556671143,2.165191411972046,3.8383195400238037,2.9338133335113525
270,280,False,,0.02114276885986328,,,1.683659553527832,2.4116222858428955,4.2140843868255615,3.432657241821289
271,281,False,,0.02117138147354126,,,1.930506706237793,2.017153024673462,3.177433967590332,3.0874276161193848
272,282,False,,0.021181559562683104,,,2.0069637298583984,2.1423768997192383,3.392552375793457,3.4412646293640137
273,283,False,,0.021195728778839112,,,1.8324689865112305,2.0401816368103027,2.7097229957580566,2.842355251312256
274,284,False,,0.021211206912994385,,,1.6825590133666992,2.2082388401031494,3.3755605220794678,3.5321545600891113
275,285,False,,0.02137604236602783,,,1.8203964233398438,2.237828254699707,3.6171391010284424,2.977322578430176
276,286,False,,0.021367008686065673,,,2.0681161880493164,2.234537124633789,3.8253538608551025,3.0754382610321045
277,287,False,,0.021241955757141114,,,2.0064797401428223,2.3798084259033203,4.234708309173584,3.452348470687866
278,288,False,,0.021329314708709718,,,1.7590479850769043,2.109004259109497,3.883883476257324,3.292346715927124
279,289,False,,0.02164857864379883,,,2.0797128677368164,2.110827684402466,3.5650579929351807,3.075199842453003
280,290,False,,0.02168424367904663,,,1.7405931949615479,2.0331315994262695,3.915900230407715,3.0422732830047607
281,291,False,,0.021755459308624266,,,1.7999756336212158,2.054046392440796,3.0775890350341797,2.9026596546173096
282,292,False,,0.02168689966201782,,,1.6887996196746826,1.9792802333831787,2.8728256225585938,2.866257905960083
283,293,False,,0.021947062015533446,,,1.7630417346954346,2.1414284706115723,2.8213932514190674,2.8713760375976562
284,294,False,,0.021908390522003173,,,1.7568678855895996,2.0804426670074463,4.129263639450073,3.1350514888763428
285,295,False,,0.021793100833892822,,,1.7975540161132812,2.377216339111328,3.2474071979522705,3.1720550060272217
286,296,False,,0.02196598529815674,,,1.7133519649505615,2.0276806354522705,3.7446117401123047,3.0425868034362793
287,297,False,,0.022069370746612547,,,1.9563019275665283,2.2573628425598145,4.350849628448486,3.515904426574707
288,298,False,,0.02206383228302002,,,1.9705755710601807,2.1452736854553223,3.002180576324463,2.819384813308716
289,299,False,,0.022144262790679933,,,1.820117473602295,2.0688531398773193,3.600048065185547,3.0698082447052
290,300,False,,0.022149696350097656,,,1.7719013690948486,2.3908097743988037,3.8679561614990234,3.2447245121002197
